household_key,group,treatment,pre_active_days,pre_baskets,pre_sales,pre_quantity,recency,no_pre_purchase,pre_target_baskets,pre_target_sales,pre_target_quantity,pre_target_purchase,pre_coupon_redemptions,pre_campaign_count,target_sales,target_quantity,target_purchase,total_sales,baskets,any_purchase,target_sales_first30,target_quantity_first30,target_purchase_first30,total_sales_first30,baskets_first30,any_purchase_first30,target_sales_per_day,total_sales_per_day
2,대조,0,11.0,11.0,562.5,216.0,15.0,0,11.0,291.52,108.0,1,0,0,27.32,13.0,1,107.52,1.0,1,0.0,0.0,0,0.0,0.0,0,0.5692,2.24
4,대조,0,11.0,11.0,174.76000000000002,62.0,8.0,0,9.0,101.37,33.0,1,0,1,0.0,0.0,0,0.0,0.0,0,0.0,0.0,0,0.0,0.0,0,0.0,0.0
6,처치,1,78.0,86.0,2008.22,47797.0,1.0,0,78.0,1262.95,618.0,1,0,2,249.08,94.0,1,493.46,24.0,1,150.6,59.0,1,344.01,16.0,1,5.1892,10.2804
7,대조,0,15.0,15.0,1093.45,498.0,26.0,0,15.0,664.05,270.0,1,0,2,199.38,71.0,1,327.01,4.0,1,84.57000000000001,30.0,1,138.52,2.0,1,4.1537,6.8127
16,대조,0,35.0,38.0,536.59,27753.0,64.0,0,29.0,212.02,90.0,1,0,2,7.59,3.0,1,11.34,2.0,1,7.59,3.0,1,7.59,1.0,1,0.1581,0.2362
17,처치,1,26.0,32.0,1305.25,90349.0,34.0,0,24.0,744.59,344.0,1,0,3,181.76,79.0,1,236.28,5.0,1,128.72,67.0,1,169.27,4.0,1,3.7867,4.9225
18,처치,1,42.0,47.0,1998.03,50381.0,8.0,0,38.0,798.2,338.0,1,2,1,261.3,104.0,1,549.35,12.0,1,168.38,64.0,1,360.14,7.0,1,5.4438,11.4448
20,처치,1,125.0,169.0,3215.92,193084.0,1.0,0,124.0,1313.39,665.0,1,0,3,257.03000000000003,114.0,1,820.22,38.0,1,201.15,85.0,1,591.89,26.0,1,5.3548,17.0879
22,처치,1,36.0,41.0,1734.25,121507.0,2.0,0,31.0,752.94,279.0,1,6,5,209.89,65.0,1,441.14,10.0,1,134.42,40.0,1,272.19,6.0,1,4.3727,9.1904
23,처치,1,33.0,35.0,766.19,62340.0,5.0,0,22.0,345.79,128.0,1,0,1,61.410000000000004,26.0,1,171.14000000000001,11.0,1,34.86,15.0,1,104.35,7.0,1,1.2794,3.5654
25,처치,1,26.0,26.0,878.87,14372.0,4.0,0,22.0,307.33,171.0,1,0,2,101.31,57.0,1,428.46000000000004,10.0,1,61.69,32.0,1,248.8,6.0,1,2.1106,8.9263
26,처치,1,24.0,27.0,716.1,326.0,5.0,0,22.0,494.32,186.0,1,0,0,32.66,20.0,1,48.6,5.0,1,8.64,6.0,1,18.81,3.0,1,0.6804,1.0125
27,처치,1,147.0,160.0,2468.05,1202.0,1.0,0,142.0,588.76,415.0,1,0,4,157.49,204.0,1,612.92,41.0,1,97.96,126.0,1,386.66,27.0,1,3.281,12.7692
31,대조,0,12.0,13.0,1120.71,63704.0,1.0,0,9.0,444.33,191.0,1,0,0,162.59,75.0,1,461.41,8.0,1,123.67,51.0,1,344.72,6.0,1,3.3873,9.6127
32,처치,1,24.0,25.0,803.64,13506.0,7.0,0,21.0,308.06,139.0,1,0,4,79.36,27.0,1,209.34,5.0,1,26.8,6.0,1,56.89,3.0,1,1.6533,4.3612
36,처치,1,53.0,58.0,1288.72,619.0,1.0,0,57.0,987.28,428.0,1,0,1,282.29,116.0,1,504.14,19.0,1,167.06,67.0,1,279.99,9.0,1,5.881,10.5029
37,대조,0,18.0,22.0,1138.65,39405.0,9.0,0,13.0,211.55,84.0,1,0,1,30.48,21.0,1,37.96,2.0,1,30.48,21.0,1,37.96,2.0,1,0.635,0.7908
38,대조,0,10.0,10.0,131.62,49.0,35.0,0,7.0,60.67,28.0,1,0,1,5.98,2.0,1,108.93,3.0,1,0.0,0.0,0,0.0,0.0,0,0.1246,2.2694
39,처치,1,9.0,9.0,875.94,400.0,3.0,0,9.0,416.55,198.0,1,0,3,105.52,55.0,1,233.7,5.0,1,62.88,34.0,1,124.19,2.0,1,2.1983,4.8687
41,대조,0,25.0,26.0,1135.33,564.0,2.0,0,26.0,693.66,289.0,1,0,0,189.04,93.0,1,335.03,7.0,1,97.9,53.0,1,179.63,4.0,1,3.9383,6.9798
42,처치,1,31.0,31.0,653.41,484.0,5.0,0,31.0,380.2,216.0,1,0,1,71.72,35.0,1,114.67,4.0,1,25.669999999999998,14.0,1,44.6,2.0,1,1.4942,2.389
43,대조,0,39.0,53.0,523.56,32614.0,1.0,0,32.0,361.15,91.0,1,0,3,9.02,7.0,1,20.76,5.0,1,0.74,1.0,1,7.73,2.0,1,0.1879,0.4325
45,대조,0,15.0,17.0,259.1,107.0,4.0,0,17.0,214.3,87.0,1,0,1,4.99,1.0,1,9.16,1.0,1,4.99,1.0,1,9.16,1.0,1,0.104,0.1908
47,처치,1,38.0,40.0,934.57,279.0,6.0,0,28.0,458.34,133.0,1,0,1,77.75,31.0,1,161.82,12.0,1,43.9,20.0,1,103.25,8.0,1,1.6198,3.3712
48,대조,0,22.0,22.0,489.82,7249.0,2.0,0,20.0,366.38,138.0,1,0,0,110.77,39.0,1,124.73,5.0,1,103.77,36.0,1,117.73,4.0,1,2.3077,2.5985
49,처치,1,41.0,45.0,2853.6,221133.0,4.0,0,28.0,1333.2,804.0,1,0,2,231.24,133.0,1,506.88,9.0,1,202.73,108.0,1,423.31,8.0,1,4.8175,10.56
51,처치,1,25.0,25.0,1178.79,530.0,6.0,0,22.0,541.0600000000001,243.0,1,0,2,129.88,60.0,1,257.11,4.0,1,47.87,31.0,1,112.37,2.0,1,2.7058,5.3565
55,처치,1,44.0,46.0,236.39000000000001,144.0,2.0,0,27.0,108.9,58.0,1,0,2,19.98,8.0,1,40.88,10.0,1,10.98,5.0,1,26.23,7.0,1,0.4162,0.8517
56,대조,0,60.0,67.0,2502.88,1006.0,1.0,0,61.0,1076.79,395.0,1,2,1,110.33,53.0,1,323.16,18.0,1,74.49,38.0,1,239.07,13.0,1,2.2985,6.7325
57,처치,1,36.0,43.0,544.11,27953.0,2.0,0,33.0,200.34,97.0,1,0,2,11.81,8.0,1,20.52,4.0,1,11.31,7.0,1,20.02,3.0,1,0.246,0.4275
64,처치,1,67.0,82.0,1044.09,552.0,1.0,0,67.0,561.91,215.0,1,0,1,140.29,49.0,1,277.88,14.0,1,130.0,47.0,1,247.47,12.0,1,2.9227,5.7892
65,처치,1,28.0,41.0,692.05,204.0,1.0,0,21.0,270.39,88.0,1,0,4,74.69,18.0,1,116.74,10.0,1,66.11,15.0,1,100.58,8.0,1,1.556,2.4321
67,처치,1,41.0,51.0,1919.59,74415.0,1.0,0,40.0,902.86,466.0,1,9,2,309.61,166.0,1,745.0,20.0,1,229.57,115.0,1,532.17,13.0,1,6.4502,15.5208
71,처치,1,27.0,27.0,948.62,281.0,11.0,0,25.0,331.5,147.0,1,0,0,148.55,80.0,1,235.71,5.0,1,102.77,43.0,1,173.31,4.0,1,3.0948,4.9106
74,처치,1,42.0,46.0,799.51,561.0,3.0,0,43.0,514.82,359.0,1,0,2,20.490000000000002,16.0,1,32.63,1.0,1,0.0,0.0,0,0.0,0.0,0,0.4269,0.6798
77,대조,0,20.0,20.0,1144.94,576.0,13.0,0,18.0,621.36,271.0,1,0,1,172.07,82.0,1,360.44,6.0,1,97.58,54.0,1,209.01,4.0,1,3.5848,7.5092
78,처치,1,70.0,76.0,764.78,500.0,1.0,0,71.0,373.7,230.0,1,0,2,118.74000000000001,76.0,1,296.04,17.0,1,53.79,34.0,1,149.91,7.0,1,2.4738,6.1675
79,대조,0,56.0,63.0,1536.42,47911.0,1.0,0,44.0,752.26,279.0,1,0,0,135.54,57.0,1,510.9,16.0,1,112.75,44.0,1,425.11,12.0,1,2.8238,10.6437
80,처치,1,27.0,31.0,883.97,32016.0,6.0,0,24.0,492.75,241.0,1,0,0,175.65,106.0,1,275.09,7.0,1,132.22,71.0,1,190.5,3.0,1,3.6594,5.731
83,대조,0,27.0,29.0,300.93,127.0,2.0,0,16.0,131.0,51.0,1,0,1,12.4,5.0,1,94.76,10.0,1,11.0,4.0,1,89.98,8.0,1,0.2583,1.9742
85,처치,1,71.0,78.0,1651.85,23197.0,8.0,0,66.0,833.01,371.0,1,0,3,35.49,18.0,1,59.55,4.0,1,22.91,10.0,1,32.58,2.0,1,0.7394,1.2406
86,대조,0,13.0,18.0,1571.42,534.0,16.0,0,16.0,606.13,184.0,1,0,1,218.44,66.0,1,405.8,2.0,1,138.91,43.0,1,243.93,1.0,1,4.5508,8.4542
91,처치,1,43.0,50.0,1007.83,95824.0,1.0,0,29.0,319.78,121.0,1,0,0,131.55,44.0,1,341.3,20.0,1,67.52,19.0,1,159.28,9.0,1,2.7406,7.1104
92,대조,0,13.0,14.0,221.9,10382.0,5.0,0,11.0,117.3,77.0,1,0,1,125.55,66.0,1,147.31,5.0,1,69.9,35.0,1,80.42,3.0,1,2.6156,3.069
96,대조,0,9.0,10.0,273.99,105.0,99.0,0,8.0,181.9,55.0,1,0,2,0.0,0.0,0,0.0,0.0,0,0.0,0.0,0,0.0,0.0,0,0.0,0.0
97,처치,1,54.0,61.0,1612.58,105572.0,8.0,0,44.0,662.52,325.0,1,0,2,154.46,78.0,1,601.5,22.0,1,65.79,30.0,1,261.73,12.0,1,3.2179,12.5312
98,대조,0,29.0,38.0,505.34000000000003,396.0,7.0,0,29.0,255.9,163.0,1,0,2,57.38,35.0,1,105.13,5.0,1,43.43,21.0,1,82.05,3.0,1,1.1954,2.1902
99,처치,1,63.0,69.0,1749.22,9165.0,1.0,0,59.0,1085.83,578.0,1,0,1,390.93,219.0,1,606.38,18.0,1,214.49,126.0,1,352.04,11.0,1,8.1444,12.6329
103,대조,0,6.0,6.0,92.22,52.0,53.0,0,6.0,58.480000000000004,29.0,1,0,1,2.99,1.0,1,17.97,1.0,1,2.99,1.0,1,17.97,1.0,1,0.0623,0.3744
108,처치,1,18.0,21.0,1163.61,13425.0,13.0,0,19.0,660.77,277.0,1,0,3,8.45,1.0,1,8.45,1.0,1,0.0,0.0,0,0.0,0.0,0,0.176,0.176
109,처치,1,43.0,45.0,1347.54,596.0,3.0,0,42.0,572.0,272.0,1,0,2,112.6,52.0,1,271.22,10.0,1,89.32000000000001,41.0,1,171.86,7.0,1,2.3458,5.6504
110,처치,1,41.0,51.0,809.24,31360.0,2.0,0,37.0,435.0,236.0,1,0,1,149.93,70.0,1,189.56,8.0,1,53.230000000000004,30.0,1,78.32000000000001,3.0,1,3.1235,3.9492
111,대조,0,16.0,19.0,507.08,13041.0,23.0,0,17.0,247.47,105.0,1,0,0,3.49,3.0,1,8.379999999999999,1.0,1,0.0,0.0,0,0.0,0.0,0,0.0727,0.1746
112,처치,1,29.0,33.0,579.03,47345.0,10.0,0,23.0,150.73,44.0,1,0,0,22.979999999999997,2.0,1,87.64,5.0,1,3.99,1.0,1,68.65,4.0,1,0.4787,1.8258
114,처치,1,19.0,19.0,782.82,5128.0,5.0,0,14.0,418.22,150.0,1,0,2,100.61,43.0,1,211.52,4.0,1,72.19,31.0,1,148.13,3.0,1,2.096,4.4067
116,대조,0,22.0,24.0,235.85,122.0,4.0,0,19.0,92.4,80.0,1,0,2,24.74,25.0,1,54.66,7.0,1,12.17,14.0,1,40.4,5.0,1,0.5154,1.1388
118,처치,1,23.0,26.0,1255.51,58339.0,5.0,0,19.0,543.53,315.0,1,0,2,190.07,114.0,1,429.12,7.0,1,92.31,58.0,1,210.28,4.0,1,3.9598,8.94
119,대조,0,26.0,29.0,1022.9,345.0,25.0,0,28.0,614.77,193.0,1,0,1,70.39,22.0,1,148.62,5.0,1,65.22,19.0,1,142.16,4.0,1,1.4665,3.0962
121,처치,1,44.0,55.0,1260.34,661.0,11.0,0,40.0,767.6,299.0,1,0,1,82.81,33.0,1,114.99000000000001,8.0,1,64.37,24.0,1,84.6,7.0,1,1.7252,2.3956
122,처치,1,19.0,20.0,246.06,85.0,1.0,0,16.0,113.03999999999999,39.0,1,0,3,29.82,11.0,1,62.88,5.0,1,11.08,6.0,1,37.82,3.0,1,0.6212,1.31
123,처치,1,52.0,56.0,1019.52,21983.0,1.0,0,48.0,623.64,281.0,1,0,1,120.69,51.0,1,225.46,11.0,1,66.78999999999999,28.0,1,115.11,6.0,1,2.5144,4.6971
132,처치,1,41.0,44.0,1063.46,457.0,2.0,0,42.0,635.87,274.0,1,0,4,85.04,42.0,1,168.97,7.0,1,23.75,16.0,1,55.31,4.0,1,1.7717,3.5202
134,처치,1,22.0,23.0,1278.75,619.0,5.0,0,21.0,608.75,328.0,1,0,3,367.99,137.0,1,617.08,5.0,1,250.89,98.0,1,437.16,4.0,1,7.6665,12.8558
136,대조,0,29.0,35.0,1522.6,816.0,5.0,0,30.0,716.42,363.0,1,0,1,68.98,39.0,1,155.1,6.0,1,65.6,35.0,1,143.64,5.0,1,1.4371,3.2312
137,대조,0,12.0,13.0,160.9,54.0,6.0,0,9.0,43.7,25.0,1,0,1,0.0,0.0,0,0.0,0.0,0,0.0,0.0,0,0.0,0.0,0,0.0,0.0
138,대조,0,16.0,16.0,996.57,481.0,4.0,0,16.0,633.58,276.0,1,0,2,94.60000000000001,37.0,1,280.16,5.0,1,65.57000000000001,28.0,1,219.39,3.0,1,1.9708,5.8367
139,처치,1,34.0,38.0,1141.4,64028.0,4.0,0,30.0,470.69,262.0,1,0,0,222.74,116.0,1,340.47,8.0,1,98.56,61.0,1,139.08,3.0,1,4.6404,7.0931
140,처치,1,22.0,25.0,588.74,325.0,1.0,0,17.0,329.01,189.0,1,0,2,47.03,24.0,1,71.9,5.0,1,28.85,17.0,1,33.73,1.0,1,0.9798,1.4979
142,처치,1,43.0,43.0,622.29,302.0,4.0,0,33.0,290.42,141.0,1,0,4,21.63,9.0,1,51.81,9.0,1,15.07,6.0,1,40.7,7.0,1,0.4506,1.0794
145,대조,0,12.0,13.0,371.76,149.0,31.0,0,9.0,89.16,43.0,1,0,1,24.26,5.0,1,79.72,3.0,1,0.0,0.0,0,25.97,1.0,1,0.5054,1.6608
149,처치,1,36.0,42.0,2456.52,197442.0,5.0,0,26.0,891.48,378.0,1,0,3,374.85,142.0,1,1405.29,23.0,1,238.32,97.0,1,880.9300000000001,15.0,1,7.8094,29.2769
151,대조,0,7.0,8.0,104.45,50.0,142.0,0,8.0,73.08,37.0,1,0,1,0.99,1.0,1,13.99,1.0,1,0.0,0.0,0,0.0,0.0,0,0.0206,0.2915
155,처치,1,14.0,14.0,784.83,305.0,24.0,0,12.0,390.9,158.0,1,0,1,110.03,46.0,1,265.52,6.0,1,59.4,25.0,1,145.2,4.0,1,2.2923,5.5317
158,처치,1,58.0,58.0,665.53,225.0,2.0,0,53.0,223.22,155.0,1,1,2,69.29,44.0,1,229.5,19.0,1,38.629999999999995,22.0,1,123.92,9.0,1,1.4435,4.7812
160,대조,0,11.0,12.0,300.12,10566.0,23.0,0,10.0,152.16,57.0,1,0,1,38.96,18.0,1,63.17,4.0,1,24.13,12.0,1,36.480000000000004,2.0,1,0.8117,1.316
161,처치,1,48.0,58.0,1086.55,31047.0,1.0,0,43.0,396.15,147.0,1,0,0,350.84,128.0,1,767.49,34.0,1,268.26,106.0,1,594.32,27.0,1,7.3092,15.9894
164,처치,1,33.0,36.0,1326.58,13532.0,2.0,0,32.0,776.0600000000001,421.0,1,0,0,237.21,125.0,1,393.79,8.0,1,124.09,62.0,1,198.5,4.0,1,4.9419,8.204
165,처치,1,46.0,52.0,941.94,64318.0,3.0,0,41.0,530.18,275.0,1,1,5,106.71000000000001,59.0,1,173.55,11.0,1,88.15,45.0,1,153.54,7.0,1,2.2231,3.6156
166,처치,1,34.0,35.0,845.76,367.0,10.0,0,30.0,354.95,154.0,1,0,0,181.34,52.0,1,311.26,10.0,1,132.7,38.0,1,215.91,6.0,1,3.7779,6.4846
179,대조,0,18.0,18.0,252.97,94.0,17.0,0,11.0,85.55,27.0,1,0,1,13.65,5.0,1,52.08,1.0,1,13.65,5.0,1,52.08,1.0,1,0.2844,1.085
180,처치,1,18.0,22.0,591.84,1945.0,19.0,0,16.0,332.35,134.0,1,0,1,75.41,36.0,1,146.1,4.0,1,75.41,36.0,1,146.1,4.0,1,1.571,3.0437
181,대조,0,5.0,7.0,348.77,28955.0,62.0,0,5.0,169.15,82.0,1,0,2,74.88,37.0,1,130.71,3.0,1,0.0,0.0,0,0.0,0.0,0,1.56,2.7231
183,처치,1,38.0,45.0,555.81,221.0,2.0,0,31.0,325.89,120.0,1,0,2,75.73,20.0,1,114.01,12.0,1,61.78,16.0,1,95.19,9.0,1,1.5777,2.3752
184,처치,1,67.0,84.0,2628.18,218383.0,4.0,0,59.0,1362.48,350.0,1,0,4,257.74,83.0,1,461.28000000000003,13.0,1,233.91,75.0,1,383.12,8.0,1,5.3696,9.61
185,대조,0,22.0,25.0,830.28,29110.0,2.0,0,17.0,460.9,238.0,1,0,1,22.94,11.0,1,108.15,6.0,1,12.25,3.0,1,37.65,3.0,1,0.4779,2.2531
187,대조,0,10.0,10.0,121.98,75.0,17.0,0,8.0,64.67,38.0,1,0,2,22.560000000000002,6.0,1,25.83,3.0,1,4.88,2.0,1,5.65,2.0,1,0.47,0.5381
188,처치,1,9.0,10.0,649.87,309.0,122.0,0,8.0,422.23,166.0,1,0,1,0.0,0.0,0,0.0,0.0,0,0.0,0.0,0,0.0,0.0,0,0.0,0.0
192,대조,0,24.0,24.0,1031.96,417.0,5.0,0,23.0,489.82,178.0,1,0,2,131.58,44.0,1,298.35,8.0,1,73.14,24.0,1,152.44,4.0,1,2.7413,6.2156
193,처치,1,30.0,46.0,1940.58,282601.0,10.0,0,23.0,556.59,241.0,1,0,2,72.24,36.0,1,378.94,9.0,1,15.65,9.0,1,165.73,5.0,1,1.505,7.8946
194,대조,0,13.0,14.0,294.07,98.0,21.0,0,9.0,71.5,38.0,1,0,1,66.74000000000001,34.0,1,181.89000000000001,5.0,1,2.79,3.0,1,49.980000000000004,1.0,1,1.3904,3.7894
195,처치,1,17.0,20.0,1215.82,72634.0,2.0,0,15.0,696.18,326.0,1,0,1,82.16,39.0,1,197.23,4.0,1,69.16,30.0,1,140.1,3.0,1,1.7117,4.109
200,대조,0,8.0,11.0,20.4,16.0,1.0,0,2.0,2.35,2.0,1,0,0,130.25,36.0,1,220.1,17.0,1,130.25,36.0,1,201.36,14.0,1,2.7135,4.5854
205,처치,1,30.0,37.0,1024.44,400.0,21.0,0,33.0,731.33,264.0,1,0,0,541.12,181.0,1,745.09,18.0,1,231.71,95.0,1,340.43,9.0,1,11.2733,15.5227
208,처치,1,39.0,44.0,1357.15,56805.0,1.0,0,36.0,684.14,279.0,1,1,4,140.8,55.0,1,298.45,6.0,1,134.21,52.0,1,288.87,5.0,1,2.9333,6.2177
211,처치,1,23.0,25.0,485.67,297.0,2.0,0,20.0,173.82,80.0,1,0,0,113.18,53.0,1,221.83,14.0,1,61.5,30.0,1,119.49000000000001,9.0,1,2.3579,4.6215
214,처치,1,27.0,27.0,916.54,431.0,7.0,0,26.0,596.45,268.0,1,1,2,165.73,85.0,1,243.86,9.0,1,75.84,42.0,1,101.19,5.0,1,3.4527,5.0804
215,처치,1,39.0,42.0,437.7,283.0,2.0,0,30.0,256.26,159.0,1,0,0,108.41,52.0,1,180.18,15.0,1,93.75,40.0,1,143.06,12.0,1,2.2585,3.7538
216,처치,1,25.0,27.0,575.53,307.0,2.0,0,20.0,208.39000000000001,76.0,1,0,1,98.03,33.0,1,392.90999999999997,14.0,1,78.3,24.0,1,183.15,8.0,1,2.0423,8.1856
217,대조,0,17.0,20.0,770.01,40205.0,1.0,0,13.0,310.75,134.0,1,0,1,47.75,14.0,1,141.65,3.0,1,23.76,7.0,1,66.37,1.0,1,0.9948,2.951
218,처치,1,54.0,68.0,3595.44,415599.0,3.0,0,43.0,1244.88,379.0,1,0,1,165.56,55.0,1,555.24,6.0,1,99.16,32.0,1,357.95,4.0,1,3.4492,11.5675
220,처치,1,23.0,30.0,989.72,67493.0,3.0,0,20.0,398.94,227.0,1,0,1,67.16,31.0,1,142.94,6.0,1,8.219999999999999,7.0,1,46.87,3.0,1,1.3992,2.9779
221,처치,1,24.0,28.0,916.7,28223.0,4.0,0,24.0,350.93,217.0,1,0,1,113.85000000000001,71.0,1,288.94,10.0,1,57.160000000000004,36.0,1,168.77,7.0,1,2.3719,6.0196
222,처치,1,28.0,28.0,1182.01,28830.0,2.0,0,22.0,635.97,304.0,1,1,1,153.31,70.0,1,305.43,7.0,1,80.75,40.0,1,189.34,5.0,1,3.194,6.3631
226,대조,0,5.0,5.0,159.75,73.0,100.0,0,5.0,113.81,50.0,1,0,1,0.0,0.0,0,0.0,0.0,0,0.0,0.0,0,0.0,0.0,0,0.0,0.0
227,대조,0,34.0,38.0,350.65,7724.0,2.0,0,30.0,216.72,237.0,1,0,0,65.08,64.0,1,78.41,7.0,1,43.589999999999996,42.0,1,56.92,5.0,1,1.3558,1.6335
228,처치,1,21.0,23.0,1223.83,18390.0,3.0,0,15.0,957.99,158.0,1,0,0,95.08,62.0,1,304.2,10.0,1,55.72,36.0,1,155.29,5.0,1,1.9808,6.3375
230,처치,1,44.0,50.0,1351.19,61733.0,1.0,0,28.0,675.35,352.0,1,0,1,171.6,90.0,1,337.78,11.0,1,96.33,53.0,1,194.6,8.0,1,3.575,7.0371
236,대조,0,6.0,6.0,138.5,54.0,12.0,0,5.0,59.85,18.0,1,0,2,96.42,29.0,1,133.6,4.0,1,69.94,26.0,1,107.12,3.0,1,2.0088,2.7833
242,처치,1,20.0,20.0,1265.65,501.0,9.0,0,17.0,663.9,264.0,1,0,1,283.3,102.0,1,439.73,7.0,1,188.78,59.0,1,306.64,4.0,1,5.9021,9.161
243,처치,1,65.0,79.0,2560.91,204792.0,3.0,0,54.0,1165.74,513.0,1,3,3,280.18,97.0,1,603.03,14.0,1,177.38,53.0,1,381.83,9.0,1,5.8371,12.5631
245,대조,0,9.0,10.0,215.9,4635.0,6.0,0,9.0,116.86,59.0,1,0,1,57.92,30.0,1,142.56,6.0,1,24.880000000000003,9.0,1,67.34,2.0,1,1.2067,2.97
246,대조,0,14.0,16.0,283.38,3662.0,30.0,0,15.0,145.61,68.0,1,0,1,10.01,4.0,1,16.0,2.0,1,1.5,1.0,1,1.5,1.0,1,0.2085,0.3333
248,대조,0,6.0,6.0,710.19,312.0,10.0,0,5.0,300.26,164.0,1,0,1,287.55,124.0,1,466.3,7.0,1,260.85,113.0,1,416.08,6.0,1,5.9906,9.7146
249,처치,1,34.0,38.0,562.57,282.0,1.0,0,23.0,170.8,102.0,1,0,1,88.82,43.0,1,235.01,11.0,1,88.82,43.0,1,226.01999999999998,10.0,1,1.8504,4.896
251,대조,0,23.0,27.0,598.79,7490.0,31.0,0,25.0,357.49,129.0,1,0,1,86.05,23.0,1,128.99,6.0,1,21.23,9.0,1,39.34,3.0,1,1.7927,2.6873
257,처치,1,33.0,44.0,689.79,2384.0,11.0,0,32.0,404.1,243.0,1,0,2,187.07,108.0,1,287.65,7.0,1,152.15,93.0,1,231.79,6.0,1,3.8973,5.9927
258,처치,1,67.0,75.0,733.53,538.0,2.0,0,57.0,292.98,248.0,1,0,3,103.95,51.0,1,200.54,15.0,1,78.7,35.0,1,148.05,11.0,1,2.1656,4.1779
261,대조,0,15.0,15.0,385.19,44879.0,4.0,0,7.0,94.84,36.0,1,0,0,7.99,3.0,1,53.43,2.0,1,7.99,3.0,1,41.45,1.0,1,0.1665,1.1131
264,대조,0,21.0,22.0,658.14,319.0,7.0,0,18.0,191.76,73.0,1,0,0,39.39,16.0,1,167.16,6.0,1,33.39,13.0,1,122.61,4.0,1,0.8206,3.4825
266,처치,1,13.0,13.0,674.25,29714.0,5.0,0,8.0,311.72,135.0,1,0,1,98.99000000000001,44.0,1,188.69,3.0,1,25.8,13.0,1,36.230000000000004,1.0,1,2.0623,3.931
271,처치,1,19.0,20.0,165.09,71.0,38.0,0,5.0,26.95,12.0,1,0,3,8.39,4.0,1,37.24,2.0,1,0.0,0.0,0,5.99,1.0,1,0.1748,0.7758
273,처치,1,41.0,46.0,796.82,294.0,5.0,0,28.0,370.37,112.0,1,0,0,68.47,32.0,1,164.56,8.0,1,39.29,14.0,1,113.93,7.0,1,1.4265,3.4283
275,처치,1,75.0,103.0,2096.51,77956.0,4.0,0,70.0,893.78,467.0,1,0,1,164.28,82.0,1,375.61,21.0,1,102.84,48.0,1,257.06,16.0,1,3.4225,7.8252
278,대조,0,21.0,21.0,532.69,202.0,2.0,0,19.0,274.01,97.0,1,0,3,94.33,32.0,1,163.24,8.0,1,70.33,18.0,1,91.25,5.0,1,1.9652,3.4008
279,대조,0,20.0,28.0,959.86,69521.0,7.0,0,19.0,515.8,233.0,1,1,1,44.13,19.0,1,55.15,2.0,1,44.13,19.0,1,55.15,2.0,1,0.9194,1.149
280,대조,0,31.0,34.0,732.46,43918.0,12.0,0,21.0,418.84,138.0,1,0,1,144.05,61.0,1,196.51,8.0,1,57.78,29.0,1,95.07000000000001,6.0,1,3.001,4.094
282,처치,1,33.0,41.0,1372.91,69862.0,7.0,0,25.0,601.4300000000001,236.0,1,4,3,61.33,20.0,1,214.9,7.0,1,61.33,20.0,1,214.9,7.0,1,1.2777,4.4771
283,대조,0,20.0,21.0,1559.39,592.0,6.0,0,21.0,875.2,348.0,1,0,1,246.67000000000002,83.0,1,561.47,5.0,1,94.11,34.0,1,208.36,2.0,1,5.139,11.6973
285,대조,0,43.0,48.0,928.73,32673.0,3.0,0,31.0,537.77,206.0,1,0,4,160.09,66.0,1,305.54,15.0,1,147.92,61.0,1,257.13,9.0,1,3.3352,6.3654
286,대조,0,11.0,15.0,397.69,207.0,36.0,0,12.0,141.26,54.0,1,0,1,0.0,0.0,0,0.0,0.0,0,0.0,0.0,0,0.0,0.0,0,0.0,0.0
288,처치,1,24.0,25.0,885.28,75210.0,1.0,0,19.0,426.17,190.0,1,0,2,120.63,48.0,1,274.59,8.0,1,37.15,20.0,1,121.57,3.0,1,2.5131,5.7206
289,처치,1,46.0,58.0,1590.25,240738.0,3.0,0,33.0,568.0,302.0,1,0,3,209.58,101.0,1,546.96,14.0,1,170.51,79.0,1,432.44,10.0,1,4.3662,11.395
293,처치,1,40.0,46.0,1533.89,623.0,2.0,0,41.0,1132.48,421.0,1,0,2,169.65,71.0,1,232.64000000000001,6.0,1,160.66,68.0,1,217.53,5.0,1,3.5344,4.8467
297,처치,1,17.0,19.0,422.65,195.0,11.0,0,15.0,262.0,104.0,1,0,1,62.95,21.0,1,106.83,4.0,1,0.0,0.0,0,12.77,2.0,1,1.3115,2.2256
302,대조,0,22.0,23.0,464.07,158.0,1.0,0,17.0,328.43,96.0,1,0,1,109.15,24.0,1,216.72,12.0,1,48.32,17.0,1,154.89000000000001,8.0,1,2.274,4.515
303,처치,1,66.0,76.0,1730.31,30276.0,1.0,0,66.0,778.21,367.0,1,0,1,345.92,195.0,1,637.05,29.0,1,202.59,114.0,1,366.13,16.0,1,7.2067,13.2719
305,처치,1,38.0,44.0,1157.92,49211.0,9.0,0,30.0,524.1,190.0,1,0,3,139.19,43.0,1,296.77,8.0,1,68.56,21.0,1,176.09,5.0,1,2.8998,6.1827
307,처치,1,114.0,136.0,825.01,3251.0,1.0,0,67.0,238.72,142.0,1,1,2,29.73,16.0,1,145.24,28.0,1,11.39,8.0,1,103.07000000000001,21.0,1,0.6194,3.0258
308,대조,0,30.0,32.0,745.95,24865.0,13.0,0,18.0,239.13,79.0,1,0,0,22.39,9.0,1,55.31,4.0,1,17.85,7.0,1,38.79,3.0,1,0.4665,1.1523
312,처치,1,14.0,15.0,1127.51,487.0,7.0,0,14.0,551.66,272.0,1,0,1,42.089999999999996,14.0,1,180.42,4.0,1,38.3,13.0,1,169.63,3.0,1,0.8769,3.7587
314,대조,0,7.0,10.0,747.67,503.0,7.0,0,10.0,584.47,397.0,1,0,0,284.85,169.0,1,396.76,4.0,1,171.11,100.0,1,228.36,2.0,1,5.9344,8.2658
318,처치,1,31.0,41.0,407.59,6814.0,8.0,0,17.0,120.27,93.0,1,0,1,24.03,16.0,1,86.95,3.0,1,24.03,16.0,1,86.95,3.0,1,0.5006,1.8115
319,처치,1,33.0,37.0,1418.03,86774.0,2.0,0,30.0,685.21,357.0,1,0,3,59.43,31.0,1,172.2,4.0,1,27.04,15.0,1,97.6,3.0,1,1.2381,3.5875
321,처치,1,40.0,43.0,2135.29,815.0,2.0,0,39.0,1400.94,522.0,1,2,4,195.79,62.0,1,260.37,5.0,1,124.46,38.0,1,174.19,2.0,1,4.079,5.4244
322,처치,1,20.0,23.0,779.12,12304.0,20.0,0,21.0,363.15000000000003,154.0,1,0,1,26.94,15.0,1,40.3,1.0,1,26.94,15.0,1,40.3,1.0,1,0.5612,0.8396
324,처치,1,34.0,46.0,2541.11,216296.0,9.0,0,26.0,1025.95,434.0,1,0,4,414.07,181.0,1,892.5600000000001,12.0,1,330.4,149.0,1,683.4,7.0,1,8.6265,18.595
329,처치,1,47.0,48.0,762.61,427.0,5.0,0,46.0,414.72,241.0,1,0,3,154.57,85.0,1,293.02,12.0,1,117.45,60.0,1,212.51,7.0,1,3.2202,6.1046
330,대조,0,97.0,110.0,1241.01,56437.0,1.0,0,90.0,609.71,328.0,1,0,1,61.93,45.0,1,119.66,23.0,1,49.96,36.0,1,81.93,13.0,1,1.2902,2.4929
331,대조,0,22.0,26.0,462.26,231.0,3.0,0,21.0,231.71,113.0,1,0,2,105.08999999999999,33.0,1,179.21,11.0,1,66.34,22.0,1,127.39999999999999,7.0,1,2.1894,3.7335
333,대조,0,11.0,12.0,397.94,271.0,59.0,0,11.0,272.86,126.0,1,0,1,0.0,0.0,0,0.0,0.0,0,0.0,0.0,0,0.0,0.0,0,0.0,0.0
335,대조,0,48.0,53.0,1174.1,408.0,12.0,0,49.0,624.4,191.0,1,0,2,24.03,8.0,1,36.01,3.0,1,24.03,8.0,1,36.01,3.0,1,0.5006,0.7502
336,대조,0,25.0,44.0,952.7,76539.0,2.0,0,13.0,298.16,134.0,1,0,2,376.98,163.0,1,788.63,15.0,1,326.64,146.0,1,706.83,14.0,1,7.8538,16.4298
337,대조,0,21.0,21.0,288.58,147.0,3.0,0,15.0,109.03,46.0,1,0,1,47.85,26.0,1,88.45,4.0,1,39.06,21.0,1,75.16,3.0,1,0.9969,1.8427
338,처치,1,50.0,56.0,905.6,582.0,6.0,0,47.0,688.08,436.0,1,0,1,92.32,60.0,1,144.93,14.0,1,80.83,49.0,1,121.32,10.0,1,1.9233,3.0194
339,대조,0,23.0,25.0,709.77,511.0,7.0,0,25.0,486.35,298.0,1,0,1,19.69,20.0,1,20.44,1.0,1,0.0,0.0,0,0.0,0.0,0,0.4102,0.4258
342,대조,0,11.0,12.0,556.38,258.0,3.0,0,8.0,328.32,133.0,1,0,1,146.59,52.0,1,217.77,7.0,1,89.52,28.0,1,135.42,6.0,1,3.054,4.5369
343,처치,1,18.0,19.0,463.8,186.0,2.0,0,14.0,153.53,56.0,1,0,0,7.109999999999999,3.0,1,26.46,1.0,1,7.109999999999999,3.0,1,26.46,1.0,1,0.1481,0.5512
345,처치,1,53.0,54.0,1492.92,837.0,8.0,0,54.0,923.02,422.0,1,0,5,448.92,184.0,1,619.99,16.0,1,260.35,99.0,1,340.18,11.0,1,9.3525,12.9165
346,처치,1,50.0,54.0,2089.08,1094.0,3.0,0,50.0,962.4300000000001,474.0,1,0,1,248.55,118.0,1,448.21,11.0,1,159.28,79.0,1,264.04,7.0,1,5.1781,9.3377
348,처치,1,36.0,44.0,958.85,592.0,7.0,0,33.0,581.26,258.0,1,0,0,181.67000000000002,75.0,1,269.35,13.0,1,113.51,54.0,1,169.27,11.0,1,3.7848,5.6115
350,대조,0,21.0,23.0,738.87,92809.0,12.0,0,14.0,215.07999999999998,82.0,1,0,3,56.08,18.0,1,147.85,4.0,1,0.0,0.0,0,45.19,1.0,1,1.1683,3.0802
351,처치,1,74.0,96.0,2841.84,12318.0,5.0,0,92.0,1751.15,628.0,1,0,3,447.82,181.0,1,646.99,21.0,1,260.09000000000003,119.0,1,416.3,14.0,1,9.3296,13.479
353,처치,1,38.0,39.0,1206.82,545.0,6.0,0,30.0,604.86,250.0,1,1,1,236.93,84.0,1,360.95,10.0,1,92.48,34.0,1,124.68,5.0,1,4.936,7.5198
356,처치,1,49.0,54.0,963.03,71389.0,2.0,0,29.0,191.03,106.0,1,0,0,48.72,31.0,1,215.46,15.0,1,25.47,14.0,1,123.57000000000001,9.0,1,1.015,4.4888
361,처치,1,53.0,54.0,2292.43,1291.0,2.0,0,51.0,1221.53,642.0,1,0,5,284.3,148.0,1,556.36,11.0,1,229.7,117.0,1,394.2,7.0,1,5.9229,11.5908
362,처치,1,25.0,25.0,882.91,12482.0,10.0,0,23.0,459.87,214.0,1,2,1,89.24,49.0,1,175.53,5.0,1,53.1,32.0,1,98.83,3.0,1,1.8592,3.6569
364,처치,1,24.0,26.0,710.07,314.0,5.0,0,23.0,390.56,145.0,1,0,3,2.29,1.0,1,2.29,1.0,1,0.0,0.0,0,0.0,0.0,0,0.0477,0.0477
365,처치,1,33.0,39.0,1891.8500000000001,39280.0,8.0,0,32.0,1100.46,310.0,1,0,5,303.38,72.0,1,491.23,10.0,1,231.53,50.0,1,370.86,8.0,1,6.3204,10.234
367,처치,1,31.0,36.0,2117.78,1201.0,4.0,0,32.0,1064.99,464.0,1,15,4,286.42,102.0,1,596.51,9.0,1,155.26,66.0,1,331.26,5.0,1,5.9671,12.4273
368,대조,0,4.0,4.0,45.0,19.0,112.0,0,3.0,9.14,4.0,1,0,3,0.0,0.0,0,0.0,0.0,0,0.0,0.0,0,0.0,0.0,0,0.0,0.0
369,대조,0,8.0,11.0,574.73,260.0,55.0,0,10.0,438.05,162.0,1,0,0,30.8,17.0,1,82.48,4.0,1,30.8,17.0,1,82.48,4.0,1,0.6417,1.7183
370,대조,0,48.0,52.0,1373.45,116208.0,3.0,0,35.0,501.28000000000003,247.0,1,0,0,172.5,77.0,1,459.86,21.0,1,103.37,50.0,1,257.3,14.0,1,3.5938,9.5804
377,처치,1,28.0,29.0,430.90000000000003,200.0,1.0,0,27.0,284.89,132.0,1,0,2,176.15,92.0,1,240.9,12.0,1,155.37,85.0,1,216.63,9.0,1,3.6698,5.0188
378,처치,1,92.0,100.0,1397.94,42917.0,2.0,0,83.0,408.15,240.0,1,2,2,83.01,66.0,1,223.19,23.0,1,57.230000000000004,36.0,1,104.49,14.0,1,1.7294,4.6498
383,처치,1,48.0,53.0,2040.52,57929.0,2.0,0,44.0,1174.6200000000001,565.0,1,1,1,247.52,130.0,1,410.17,9.0,1,169.52,85.0,1,253.85,6.0,1,5.1567,8.5452
384,대조,0,15.0,17.0,900.1800000000001,18290.0,18.0,0,11.0,366.49,145.0,1,0,2,113.97,55.0,1,244.85,5.0,1,46.36,18.0,1,62.010000000000005,2.0,1,2.3744,5.101
386,처치,1,62.0,93.0,1816.34,36272.0,1.0,0,62.0,990.75,646.0,1,0,1,55.42,51.0,1,113.76,12.0,1,37.22,33.0,1,79.98,5.0,1,1.1546,2.37
387,처치,1,40.0,48.0,1666.59,536.0,3.0,0,34.0,765.35,252.0,1,0,1,157.82,53.0,1,375.86,8.0,1,57.91,22.0,1,126.44,4.0,1,3.2879,7.8304
390,처치,1,23.0,23.0,455.25,205.0,23.0,0,14.0,165.43,73.0,1,0,1,38.97,22.0,1,129.61,7.0,1,32.94,19.0,1,92.95,4.0,1,0.8119,2.7002
391,대조,0,19.0,22.0,900.38,381.0,9.0,0,17.0,372.74,158.0,1,0,0,0.0,0.0,0,7.99,1.0,1,0.0,0.0,0,0.0,0.0,0,0.0,0.1665
398,대조,0,37.0,50.0,694.63,33116.0,2.0,0,24.0,265.93,168.0,1,0,0,32.78,18.0,1,199.08,18.0,1,32.78,18.0,1,186.74,17.0,1,0.6829,4.1475
400,대조,0,78.0,105.0,6469.68,277122.0,2.0,0,73.0,2658.84,801.0,1,0,0,621.77,196.0,1,1648.97,29.0,1,364.05,118.0,1,969.88,19.0,1,12.9535,34.3535
402,대조,0,28.0,32.0,869.73,78733.0,6.0,0,22.0,309.82,119.0,1,0,1,18.39,6.0,1,29.84,2.0,1,9.8,3.0,1,13.780000000000001,1.0,1,0.3831,0.6217
403,대조,0,12.0,12.0,327.16,118.0,1.0,0,12.0,244.41,92.0,1,0,1,35.64,2.0,1,35.64,2.0,1,0.0,0.0,0,0.0,0.0,0,0.7425,0.7425
404,처치,1,76.0,79.0,1844.29,72444.0,3.0,0,65.0,654.97,272.0,1,0,5,134.42000000000002,58.0,1,328.27,12.0,1,30.38,10.0,1,122.25,7.0,1,2.8004,6.839
405,대조,0,29.0,31.0,1113.26,189183.0,1.0,0,13.0,315.0,229.0,1,0,2,121.84,68.0,1,339.95,10.0,1,57.34,35.0,1,176.22,6.0,1,2.5383,7.0823
409,처치,1,34.0,37.0,1251.24,43416.0,2.0,0,32.0,631.33,344.0,1,0,5,227.71,114.0,1,461.95,14.0,1,162.06,81.0,1,307.28,10.0,1,4.744,9.624
410,대조,0,42.0,44.0,379.81,244.0,5.0,0,40.0,240.12,130.0,1,0,1,76.19,41.0,1,128.95,17.0,1,45.79,21.0,1,79.69,9.0,1,1.5873,2.6865
411,처치,1,42.0,57.0,2615.36,37222.0,6.0,0,46.0,1395.42,520.0,1,0,2,142.81,56.0,1,307.91,9.0,1,39.4,15.0,1,108.73,5.0,1,2.9752,6.4148
413,처치,1,100.0,134.0,2734.8,331888.0,2.0,0,68.0,722.99,319.0,1,0,4,184.1,78.0,1,426.63,16.0,1,58.760000000000005,28.0,1,193.95,9.0,1,3.8354,8.8881
419,대조,0,21.0,23.0,870.36,19788.0,23.0,0,16.0,393.38,173.0,1,0,0,0.0,0.0,0,2.21,1.0,1,0.0,0.0,0,2.21,1.0,1,0.0,0.046
420,처치,1,8.0,8.0,188.64,114.0,16.0,0,4.0,103.88,62.0,1,0,3,0.0,0.0,0,0.0,0.0,0,0.0,0.0,0,0.0,0.0,0,0.0,0.0
421,처치,1,34.0,45.0,1661.46,117150.0,2.0,0,33.0,823.22,436.0,1,1,2,73.62,34.0,1,236.91,11.0,1,39.02,12.0,1,179.5,7.0,1,1.5338,4.9356
426,처치,1,66.0,77.0,2734.46,392255.0,3.0,0,49.0,1074.83,479.0,1,3,1,218.35,117.0,1,631.29,22.0,1,139.29,77.0,1,422.77,14.0,1,4.549,13.1519
428,처치,1,29.0,29.0,1179.94,754.0,9.0,0,26.0,680.09,403.0,1,0,2,152.65,91.0,1,257.11,8.0,1,110.97,72.0,1,173.36,5.0,1,3.1802,5.3565
430,대조,0,5.0,5.0,73.11,36.0,38.0,0,5.0,40.78,20.0,1,0,1,40.769999999999996,18.0,1,50.97,5.0,1,2.69,1.0,1,4.6899999999999995,2.0,1,0.8494,1.0619
432,처치,1,67.0,79.0,1136.52,8491.0,1.0,0,65.0,606.38,328.0,1,0,1,146.49,48.0,1,352.81,28.0,1,128.8,46.0,1,258.15,20.0,1,3.0519,7.3502
433,처치,1,11.0,11.0,80.86,51.0,10.0,0,8.0,32.730000000000004,14.0,1,0,1,13.15,7.0,1,26.04,5.0,1,8.61,5.0,1,21.5,4.0,1,0.274,0.5425
436,대조,0,10.0,10.0,687.87,267.0,5.0,0,10.0,419.72,150.0,1,0,0,62.96,20.0,1,101.03,1.0,1,62.96,20.0,1,101.03,1.0,1,1.3117,2.1048
438,대조,0,27.0,30.0,1563.56,640.0,5.0,0,26.0,865.97,335.0,1,0,0,345.35,132.0,1,570.47,5.0,1,263.77,95.0,1,427.67,4.0,1,7.1948,11.8848
439,대조,0,3.0,3.0,47.01,9.0,154.0,0,1.0,8.48,2.0,1,0,1,0.0,0.0,0,0.0,0.0,0,0.0,0.0,0,0.0,0.0,0,0.0,0.0
441,처치,1,25.0,25.0,683.54,327.0,4.0,0,23.0,324.86,151.0,1,0,0,105.78,36.0,1,244.76,9.0,1,65.73,24.0,1,138.36,6.0,1,2.2038,5.0992
442,대조,0,21.0,23.0,344.92,32029.0,5.0,0,14.0,150.62,63.0,1,0,2,263.07,157.0,1,547.23,34.0,1,217.33,131.0,1,425.09,21.0,1,5.4806,11.4006
443,처치,1,24.0,27.0,944.97,572.0,1.0,0,27.0,566.91,382.0,1,2,2,190.23,121.0,1,302.82,14.0,1,130.49,82.0,1,216.79,11.0,1,3.9631,6.3088
445,처치,1,70.0,96.0,1249.47,413.0,1.0,0,74.0,556.25,193.0,1,0,2,66.06,31.0,1,223.46,29.0,1,26.53,11.0,1,103.86,12.0,1,1.3762,4.6554
447,처치,1,23.0,23.0,275.9,129.0,72.0,0,19.0,108.79,67.0,1,0,3,0.0,0.0,0,30.01,1.0,1,0.0,0.0,0,30.01,1.0,1,0.0,0.6252
450,대조,0,20.0,20.0,475.09,264.0,3.0,0,19.0,245.8,135.0,1,0,0,45.06,29.0,1,88.83,4.0,1,15.77,12.0,1,29.18,2.0,1,0.9388,1.8506
451,처치,1,37.0,44.0,678.6800000000001,7420.0,2.0,0,31.0,328.66,103.0,1,0,1,76.87,32.0,1,200.96,15.0,1,52.39,21.0,1,143.44,10.0,1,1.6015,4.1867
459,대조,0,26.0,26.0,427.09,113.0,7.0,0,23.0,176.45,62.0,1,0,1,27.54,13.0,1,102.22,6.0,1,24.02,11.0,1,97.36999999999999,5.0,1,0.5738,2.1296
460,처치,1,30.0,35.0,175.17,14568.0,2.0,0,28.0,75.2,52.0,1,0,2,26.57,14.0,1,29.24,7.0,1,22.56,10.0,1,25.23,5.0,1,0.5535,0.6092
462,처치,1,27.0,29.0,429.28000000000003,204.0,8.0,0,26.0,253.08,131.0,1,0,0,108.44,51.0,1,165.9,9.0,1,97.15,45.0,1,125.01,7.0,1,2.2592,3.4562
463,처치,1,126.0,187.0,1684.0,96709.0,1.0,0,145.0,916.48,358.0,1,0,2,274.29,106.0,1,487.75,58.0,1,203.61,76.0,1,344.65,34.0,1,5.7144,10.1615
469,처치,1,44.0,51.0,2197.51,6267.0,4.0,0,31.0,909.4300000000001,428.0,1,0,2,270.16,121.0,1,458.16,12.0,1,170.35,80.0,1,294.61,5.0,1,5.6283,9.545
470,처치,1,49.0,51.0,754.74,38811.0,4.0,0,33.0,153.54,99.0,1,0,2,23.31,14.0,1,132.62,9.0,1,19.81,12.0,1,94.12,6.0,1,0.4856,2.7629
473,대조,0,18.0,24.0,990.16,81149.0,11.0,0,16.0,490.37,202.0,1,0,1,154.21,79.0,1,266.88,5.0,1,62.61,43.0,1,111.33,2.0,1,3.2127,5.56
475,대조,0,14.0,15.0,482.63,261.0,15.0,0,11.0,265.2,122.0,1,0,1,73.0,39.0,1,118.7,4.0,1,73.0,39.0,1,118.7,4.0,1,1.5208,2.4729
476,대조,0,11.0,11.0,656.05,295.0,1.0,0,11.0,375.65,157.0,1,0,0,47.39,18.0,1,102.14,6.0,1,47.39,18.0,1,102.14,6.0,1,0.9873,2.1279
479,처치,1,21.0,23.0,512.0,285.0,1.0,0,14.0,255.62,122.0,1,0,1,120.07,61.0,1,232.49,5.0,1,24.31,13.0,1,61.71,3.0,1,2.5015,4.8435
480,처치,1,16.0,16.0,653.0,59621.0,3.0,0,10.0,282.46,129.0,1,0,3,64.56,19.0,1,91.92,3.0,1,64.56,19.0,1,91.92,3.0,1,1.345,1.915
481,대조,0,8.0,8.0,531.42,239.0,5.0,0,8.0,280.2,113.0,1,0,1,0.0,0.0,0,0.0,0.0,0,0.0,0.0,0,0.0,0.0,0,0.0,0.0
482,대조,0,19.0,24.0,457.41,3018.0,28.0,0,20.0,289.98,116.0,1,0,0,24.380000000000003,9.0,1,46.339999999999996,7.0,1,20.39,8.0,1,36.45,6.0,1,0.5079,0.9654
483,처치,1,33.0,37.0,845.0500000000001,420.0,16.0,0,32.0,520.34,264.0,1,0,1,261.16,145.0,1,431.15,9.0,1,175.21,97.0,1,294.73,6.0,1,5.4408,8.9823
484,처치,1,35.0,41.0,927.4,6122.0,10.0,0,31.0,457.89,225.0,1,0,1,126.87,57.0,1,251.05,12.0,1,59.05,27.0,1,103.18,6.0,1,2.6431,5.2302
485,대조,0,43.0,48.0,1369.0,170851.0,4.0,0,33.0,608.6,315.0,1,0,0,276.5,122.0,1,463.45,15.0,1,182.95,78.0,1,326.77,9.0,1,5.7604,9.6552
489,처치,1,40.0,50.0,1754.26,138624.0,5.0,0,30.0,630.63,348.0,1,0,4,169.08,93.0,1,490.25,20.0,1,118.89,72.0,1,337.41,12.0,1,3.5225,10.2135
490,처치,1,22.0,23.0,1104.84,753.0,20.0,0,14.0,382.3,192.0,1,1,3,106.2,87.0,1,219.43,5.0,1,106.2,87.0,1,219.43,5.0,1,2.2125,4.5715
491,처치,1,28.0,34.0,1315.95,68146.0,9.0,0,21.0,629.32,195.0,1,0,2,118.35,40.0,1,213.31,8.0,1,44.93,14.0,1,87.09,3.0,1,2.4656,4.444
493,처치,1,52.0,60.0,1546.22,37454.0,1.0,0,52.0,735.45,291.0,1,0,2,166.63,69.0,1,457.02,21.0,1,104.02,42.0,1,262.57,14.0,1,3.4715,9.5212
498,대조,0,27.0,30.0,574.42,274.0,32.0,0,28.0,370.77,154.0,1,0,0,66.04,18.0,1,109.3,10.0,1,41.89,12.0,1,71.46000000000001,7.0,1,1.3758,2.2771
502,대조,0,17.0,21.0,901.25,516.0,6.0,0,14.0,651.47,271.0,1,0,0,0.0,0.0,0,0.0,0.0,0,0.0,0.0,0,0.0,0.0,0,0.0,0.0
507,대조,0,16.0,17.0,471.99,14230.0,11.0,0,8.0,183.14000000000001,116.0,1,0,1,0.0,0.0,0,53.459999999999994,2.0,1,0.0,0.0,0,34.3,1.0,1,0.0,1.1137
508,대조,0,8.0,8.0,305.89,106.0,7.0,0,5.0,99.2,35.0,1,0,1,24.33,15.0,1,55.45,7.0,1,24.33,15.0,1,55.45,7.0,1,0.5069,1.1552
511,처치,1,77.0,101.0,1697.3700000000001,83243.0,2.0,0,63.0,680.34,431.0,1,0,2,137.71,86.0,1,343.39,28.0,1,87.64,53.0,1,265.58,20.0,1,2.869,7.154
513,처치,1,46.0,48.0,3495.44,1048.0,2.0,0,42.0,1172.53,437.0,1,0,2,291.35,97.0,1,830.4,12.0,1,191.28,64.0,1,538.79,9.0,1,6.0698,17.3
514,대조,0,22.0,22.0,869.9200000000001,477.0,8.0,0,21.0,628.13,349.0,1,0,1,90.86,58.0,1,100.01,3.0,1,49.49,34.0,1,51.57,2.0,1,1.8929,2.0835
517,처치,1,27.0,32.0,1140.08,23732.0,2.0,0,25.0,589.8,281.0,1,0,2,166.74,66.0,1,362.64,8.0,1,98.57000000000001,36.0,1,192.1,6.0,1,3.4738,7.555
518,처치,1,52.0,66.0,2061.89,969.0,6.0,0,50.0,953.5,376.0,1,2,1,162.57,69.0,1,313.71,12.0,1,103.99,47.0,1,180.67000000000002,8.0,1,3.3869,6.5356
519,대조,0,10.0,10.0,230.21,103.0,33.0,0,8.0,112.81,56.0,1,0,1,16.189999999999998,5.0,1,36.8,2.0,1,4.8100000000000005,2.0,1,13.97,1.0,1,0.3373,0.7667
520,대조,0,28.0,29.0,543.8,3990.0,6.0,0,23.0,266.84,136.0,1,0,0,43.36,18.0,1,70.89,4.0,1,43.36,18.0,1,70.89,4.0,1,0.9033,1.4769
523,처치,1,50.0,57.0,1095.2,73631.0,2.0,0,47.0,468.06,247.0,1,0,0,154.77,71.0,1,348.27,17.0,1,84.16,43.0,1,241.55,12.0,1,3.2244,7.2556
524,처치,1,22.0,22.0,383.97,6845.0,3.0,0,20.0,287.55,130.0,1,0,3,44.81,15.0,1,53.1,4.0,1,44.81,15.0,1,53.1,4.0,1,0.9335,1.1062
527,대조,0,43.0,43.0,1322.25,492.0,4.0,0,41.0,559.8100000000001,206.0,1,0,1,123.55,62.0,1,267.53000000000003,11.0,1,77.21000000000001,35.0,1,159.18,5.0,1,2.574,5.5735
529,대조,0,14.0,17.0,669.41,341.0,14.0,0,16.0,427.08,183.0,1,0,2,76.54,47.0,1,126.69,2.0,1,76.54,47.0,1,126.69,2.0,1,1.5946,2.6394
530,대조,0,15.0,15.0,395.66,143.0,10.0,0,13.0,217.82,74.0,1,0,1,0.0,0.0,0,0.0,0.0,0,0.0,0.0,0,0.0,0.0,0,0.0,0.0
533,대조,0,18.0,21.0,725.07,441.0,7.0,0,18.0,423.16,215.0,1,0,2,32.0,15.0,1,65.92,3.0,1,30.0,14.0,1,60.43,2.0,1,0.6667,1.3733
534,대조,0,105.0,150.0,407.68,7098.0,1.0,0,90.0,191.41,142.0,1,0,2,41.38,28.0,1,91.0,29.0,1,21.310000000000002,17.0,1,53.27,18.0,1,0.8621,1.8958
536,처치,1,19.0,21.0,375.61,3737.0,30.0,0,16.0,208.54,115.0,1,0,3,83.92,51.0,1,153.18,8.0,1,34.1,23.0,1,63.87,5.0,1,1.7483,3.1912
537,대조,0,8.0,9.0,372.95,162.0,30.0,0,9.0,162.07,71.0,1,0,1,0.0,0.0,0,0.0,0.0,0,0.0,0.0,0,0.0,0.0,0,0.0,0.0
538,대조,0,17.0,19.0,1172.2,26915.0,5.0,0,17.0,681.2,249.0,1,0,1,323.5,132.0,1,558.08,10.0,1,216.78,76.0,1,384.97,6.0,1,6.7396,11.6267
540,대조,0,19.0,20.0,609.51,209.0,7.0,0,17.0,352.68,121.0,1,0,1,334.46,134.0,1,552.54,14.0,1,208.9,85.0,1,342.55,8.0,1,6.9679,11.5112
542,처치,1,29.0,31.0,537.1800000000001,12172.0,9.0,0,24.0,274.95,127.0,1,0,0,84.28,36.0,1,172.3,7.0,1,58.58,26.0,1,110.97,5.0,1,1.7558,3.5896
545,처치,1,17.0,17.0,825.96,15497.0,17.0,0,15.0,353.31,185.0,1,4,1,44.36,25.0,1,93.41,2.0,1,44.36,25.0,1,93.41,2.0,1,0.9242,1.946
546,처치,1,38.0,44.0,1062.83,47377.0,2.0,0,30.0,311.37,249.0,1,0,1,116.39,64.0,1,310.73,9.0,1,93.75,53.0,1,259.84000000000003,7.0,1,2.4248,6.4735
548,처치,1,26.0,28.0,1468.33,12046.0,6.0,0,26.0,770.21,419.0,1,0,1,129.51,63.0,1,218.6,5.0,1,111.53,52.0,1,186.98,4.0,1,2.6981,4.5542
549,대조,0,13.0,14.0,350.2,138.0,25.0,0,14.0,225.17000000000002,89.0,1,0,0,29.02,12.0,1,34.02,2.0,1,29.02,12.0,1,34.02,2.0,1,0.6046,0.7088
558,처치,1,35.0,41.0,724.87,330.0,5.0,0,36.0,470.18,168.0,1,0,1,101.83,38.0,1,139.36,10.0,1,92.48,34.0,1,127.12,8.0,1,2.1215,2.9033
562,대조,0,22.0,23.0,965.35,30569.0,1.0,0,20.0,321.24,124.0,1,0,1,112.36,50.0,1,248.82999999999998,5.0,1,60.82,27.0,1,166.34,2.0,1,2.3408,5.184
563,처치,1,21.0,27.0,1074.75,58401.0,1.0,0,19.0,441.58,222.0,1,0,0,0.0,0.0,0,2.99,1.0,1,0.0,0.0,0,2.99,1.0,1,0.0,0.0623
566,처치,1,24.0,27.0,323.9,19076.0,4.0,0,18.0,103.95,48.0,1,0,0,6.49,2.0,1,17.46,1.0,1,6.49,2.0,1,17.46,1.0,1,0.1352,0.3638
567,처치,1,73.0,86.0,886.85,5897.0,3.0,0,59.0,387.76,185.0,1,0,2,218.91,72.0,1,638.48,38.0,1,174.69,59.0,1,443.67,25.0,1,4.5606,13.3017
569,처치,1,30.0,32.0,1631.0,32637.0,3.0,0,27.0,787.91,228.0,1,0,4,90.67,15.0,1,260.73,5.0,1,82.6,12.0,1,243.59,4.0,1,1.889,5.4319
570,대조,0,6.0,6.0,199.55,97.0,16.0,0,5.0,107.45,52.0,1,0,1,128.3,57.0,1,142.26,5.0,1,118.94,35.0,1,132.9,4.0,1,2.6729,2.9637
572,대조,0,0.0,0.0,0.0,0.0,200.0,1,0.0,0.0,0.0,0,0,2,86.61,32.0,1,154.14000000000001,6.0,1,86.61,32.0,1,154.14000000000001,6.0,1,1.8044,3.2112
575,처치,1,80.0,101.0,3576.58,52771.0,3.0,0,84.0,1584.71,1143.0,1,0,5,429.16,285.0,1,788.42,21.0,1,260.56,200.0,1,476.43,12.0,1,8.9408,16.4254
576,처치,1,42.0,49.0,1404.32,600.0,25.0,0,47.0,829.73,411.0,1,0,6,67.78,31.0,1,128.21,3.0,1,21.13,3.0,1,21.13,1.0,1,1.4121,2.671
577,처치,1,11.0,12.0,1084.01,406.0,39.0,0,9.0,525.11,198.0,1,0,0,61.38,29.0,1,163.29,2.0,1,0.0,0.0,0,0.0,0.0,0,1.2788,3.4019
578,대조,0,36.0,42.0,833.15,15217.0,8.0,0,31.0,396.37,162.0,1,0,1,250.03,79.0,1,368.14,15.0,1,130.35,38.0,1,194.29,11.0,1,5.209,7.6696
580,처치,1,28.0,30.0,400.40000000000003,115.0,9.0,0,19.0,105.66,47.0,1,0,1,17.9,8.0,1,70.96000000000001,6.0,1,11.120000000000001,7.0,1,29.11,3.0,1,0.3729,1.4783
582,처치,1,39.0,41.0,1079.06,52779.0,1.0,0,30.0,445.13,184.0,1,0,1,167.24,32.0,1,302.56,4.0,1,102.32,15.0,1,164.25,3.0,1,3.4842,6.3033
583,처치,1,48.0,53.0,530.92,275.0,14.0,0,32.0,309.77,106.0,1,0,4,47.47,33.0,1,212.81,9.0,1,18.99,12.0,1,48.43,5.0,1,0.989,4.4335
584,대조,0,14.0,19.0,281.05,10474.0,23.0,0,16.0,135.29,46.0,1,0,1,0.0,0.0,0,20.0,1.0,1,0.0,0.0,0,0.0,0.0,0,0.0,0.4167
594,처치,1,17.0,20.0,691.44,306.0,5.0,0,13.0,316.29,162.0,1,0,1,66.63,37.0,1,122.52,5.0,1,66.63,37.0,1,122.52,5.0,1,1.3881,2.5525
598,대조,0,50.0,60.0,1006.3000000000001,15149.0,4.0,0,46.0,558.09,272.0,1,0,5,166.79,85.0,1,337.65,17.0,1,116.79,55.0,1,261.01,14.0,1,3.4748,7.0344
603,처치,1,23.0,26.0,444.69,31987.0,19.0,0,14.0,186.81,83.0,1,0,3,0.0,0.0,0,0.0,0.0,0,0.0,0.0,0,0.0,0.0,0,0.0,0.0
604,대조,0,11.0,11.0,455.93,158.0,13.0,0,9.0,194.26,79.0,1,0,1,56.99,21.0,1,113.21,5.0,1,56.99,21.0,1,113.21,5.0,1,1.1873,2.3585
605,처치,1,44.0,52.0,2555.89,218821.0,5.0,0,32.0,1058.67,536.0,1,5,3,110.92999999999999,38.0,1,207.16,3.0,1,2.99,1.0,1,26.86,1.0,1,2.311,4.3158
606,처치,1,26.0,31.0,1016.99,10441.0,1.0,0,29.0,586.27,271.0,1,0,1,231.94,90.0,1,392.27,8.0,1,91.91,37.0,1,182.4,4.0,1,4.8321,8.1723
607,처치,1,23.0,27.0,465.7,18839.0,19.0,0,20.0,263.77,153.0,1,0,1,0.0,0.0,0,0.0,1.0,1,0.0,0.0,0,0.0,1.0,1,0.0,0.0
609,처치,1,47.0,53.0,688.79,5963.0,1.0,0,38.0,305.25,178.0,1,0,2,101.4,53.0,1,278.43,22.0,1,81.71000000000001,41.0,1,183.23,13.0,1,2.1125,5.8006
618,처치,1,115.0,207.0,3592.93,323563.0,3.0,0,117.0,1357.65,622.0,1,0,1,99.3,46.0,1,377.08,33.0,1,76.73,34.0,1,275.57,17.0,1,2.0688,7.8558
621,처치,1,35.0,36.0,1096.26,375.0,1.0,0,29.0,528.71,157.0,1,0,0,173.78,64.0,1,270.45,13.0,1,117.39,42.0,1,191.2,9.0,1,3.6204,5.6344
622,처치,1,47.0,54.0,906.8,4121.0,3.0,0,43.0,376.06,139.0,1,0,3,41.79,13.0,1,162.54,15.0,1,41.79,13.0,1,117.57000000000001,10.0,1,0.8706,3.3862
624,처치,1,24.0,29.0,1415.32,83136.0,4.0,0,18.0,669.25,374.0,1,0,3,223.37,142.0,1,504.46,13.0,1,219.37,138.0,1,490.74,10.0,1,4.6535,10.5096
630,처치,1,48.0,52.0,2309.46,228694.0,1.0,0,44.0,1355.77,672.0,1,2,4,283.63,163.0,1,519.15,14.0,1,241.72,137.0,1,405.83,11.0,1,5.909,10.8156
631,처치,1,103.0,130.0,2468.38,278281.0,1.0,0,82.0,903.62,444.0,1,0,3,300.95,130.0,1,768.4300000000001,44.0,1,191.75,82.0,1,484.86,32.0,1,6.2698,16.009
632,처치,1,23.0,24.0,901.83,10961.0,3.0,0,23.0,478.11,208.0,1,0,0,113.46,29.0,1,206.77,6.0,1,20.36,9.0,1,68.32000000000001,3.0,1,2.3638,4.3077
633,처치,1,44.0,56.0,1562.06,69378.0,3.0,0,41.0,824.48,270.0,1,0,0,99.72,33.0,1,139.46,5.0,1,51.85,21.0,1,81.89,3.0,1,2.0775,2.9054
634,처치,1,19.0,20.0,815.48,335.0,35.0,0,14.0,323.85,117.0,1,0,2,0.0,0.0,0,0.0,0.0,0,0.0,0.0,0,0.0,0.0,0,0.0,0.0
635,대조,0,4.0,6.0,143.28,46.0,65.0,0,6.0,131.5,40.0,1,0,1,0.0,0.0,0,0.0,0.0,0,0.0,0.0,0,0.0,0.0,0,0.0,0.0
638,처치,1,44.0,50.0,2527.06,158969.0,3.0,0,36.0,1278.4,483.0,1,0,1,298.37,118.0,1,808.6,22.0,1,255.6,99.0,1,600.01,14.0,1,6.216,16.8458
639,대조,0,36.0,43.0,398.92,194.0,5.0,0,33.0,258.11,92.0,1,0,0,55.67,19.0,1,110.02,9.0,1,3.99,3.0,1,8.98,4.0,1,1.1598,2.2921
640,처치,1,20.0,21.0,446.89,10244.0,31.0,0,17.0,294.11,122.0,1,0,1,0.0,0.0,0,0.0,0.0,0,0.0,0.0,0,0.0,0.0,0,0.0,0.0
642,처치,1,20.0,21.0,986.73,333.0,17.0,0,20.0,622.72,203.0,1,0,5,0.0,0.0,0,0.0,0.0,0,0.0,0.0,0,0.0,0.0,0,0.0,0.0
644,처치,1,55.0,62.0,1289.04,27951.0,5.0,0,55.0,485.26,312.0,1,0,3,57.36,46.0,1,178.91,12.0,1,38.66,30.0,1,90.02,7.0,1,1.195,3.7273
646,대조,0,14.0,14.0,543.17,27469.0,5.0,0,10.0,196.44,110.0,1,0,0,61.68,24.0,1,130.67,2.0,1,61.68,24.0,1,130.67,2.0,1,1.285,2.7223
650,처치,1,20.0,22.0,394.34,191.0,3.0,0,19.0,201.82,81.0,1,0,3,24.259999999999998,15.0,1,67.88,4.0,1,22.07,13.0,1,65.69,3.0,1,0.5054,1.4142
654,대조,0,41.0,45.0,620.83,286.0,3.0,0,39.0,268.66,132.0,1,0,2,36.07,26.0,1,72.22,14.0,1,16.85,12.0,1,32.55,7.0,1,0.7515,1.5046
661,처치,1,122.0,141.0,2895.21,672.0,2.0,0,97.0,1106.18,274.0,1,0,2,206.05,48.0,1,710.64,42.0,1,138.2,30.0,1,492.13,26.0,1,4.2927,14.805
662,대조,0,11.0,12.0,567.6,213.0,9.0,0,11.0,337.12,132.0,1,0,0,63.43,27.0,1,172.83,4.0,1,63.43,27.0,1,119.17,2.0,1,1.3215,3.6006
665,대조,0,12.0,12.0,183.93,77.0,1.0,0,6.0,41.19,19.0,1,0,1,0.0,0.0,0,0.0,0.0,0,0.0,0.0,0,0.0,0.0,0,0.0,0.0
669,처치,1,30.0,32.0,2593.81,853.0,3.0,0,31.0,1442.27,569.0,1,0,3,382.58000000000004,146.0,1,669.52,10.0,1,218.98000000000002,88.0,1,343.31,5.0,1,7.9704,13.9483
670,처치,1,56.0,60.0,1618.97,73612.0,1.0,0,40.0,774.16,379.0,1,0,2,263.3,95.0,1,628.76,21.0,1,227.81,76.0,1,513.97,15.0,1,5.4854,13.0992
671,처치,1,31.0,33.0,1527.32,109184.0,4.0,0,24.0,466.02,199.0,1,0,1,115.8,62.0,1,328.95,11.0,1,89.4,51.0,1,220.39000000000001,6.0,1,2.4125,6.8531
672,처치,1,30.0,33.0,520.29,22817.0,5.0,0,26.0,233.15,130.0,1,0,0,34.52,18.0,1,52.26,3.0,1,30.33,14.0,1,45.08,2.0,1,0.7192,1.0887
679,처치,1,80.0,123.0,2580.51,985.0,2.0,0,73.0,1124.68,412.0,1,1,2,156.17,51.0,1,563.28,25.0,1,126.50999999999999,38.0,1,523.23,14.0,1,3.2535,11.735
680,처치,1,27.0,32.0,1280.9,754.0,2.0,0,25.0,704.14,347.0,1,2,1,118.9,69.0,1,190.76,5.0,1,30.17,14.0,1,48.32,3.0,1,2.4771,3.9742
681,처치,1,15.0,15.0,629.24,197.0,17.0,0,11.0,288.63,100.0,1,3,4,105.11,34.0,1,215.38,6.0,1,77.18,25.0,1,111.92,2.0,1,2.1898,4.4871
682,대조,0,44.0,64.0,1733.04,167055.0,4.0,0,48.0,706.57,376.0,1,0,2,191.44,103.0,1,550.82,35.0,1,143.27,73.0,1,400.63,21.0,1,3.9883,11.4754
685,처치,1,77.0,84.0,2068.42,11841.0,2.0,0,51.0,697.75,272.0,1,0,0,267.52,109.0,1,692.54,23.0,1,154.45,64.0,1,387.51,15.0,1,5.5733,14.4279
690,처치,1,70.0,96.0,2089.79,70211.0,5.0,0,55.0,711.29,286.0,1,0,2,70.05,27.0,1,217.02,17.0,1,64.7,23.0,1,173.75,12.0,1,1.4594,4.5212
691,대조,0,17.0,18.0,788.09,326.0,4.0,0,17.0,422.19,183.0,1,0,2,11.06,4.0,1,39.61,1.0,1,11.06,4.0,1,39.61,1.0,1,0.2304,0.8252
692,처치,1,42.0,49.0,1398.2,87521.0,4.0,0,38.0,498.85,227.0,1,1,2,113.33,59.0,1,303.22,9.0,1,84.67,42.0,1,218.96,7.0,1,2.361,6.3171
693,처치,1,77.0,91.0,2343.6,1005.0,4.0,0,79.0,1197.47,501.0,1,0,3,283.72,102.0,1,668.31,21.0,1,185.94,66.0,1,493.32,16.0,1,5.9108,13.9231
694,처치,1,14.0,14.0,178.94,70.0,5.0,0,12.0,62.019999999999996,38.0,1,0,1,0.0,0.0,0,0.0,0.0,0,0.0,0.0,0,0.0,0.0,0,0.0,0.0
696,처치,1,91.0,122.0,5565.4800000000005,400173.0,4.0,0,77.0,2178.63,949.0,1,0,0,540.13,230.0,1,1260.64,26.0,1,364.78000000000003,143.0,1,812.54,17.0,1,11.2527,26.2633
697,처치,1,23.0,27.0,986.87,65524.0,1.0,0,22.0,446.32,231.0,1,0,1,61.120000000000005,30.0,1,111.88,3.0,1,61.120000000000005,30.0,1,111.88,3.0,1,1.2733,2.3308
698,대조,0,17.0,19.0,170.46,4293.0,15.0,0,7.0,62.3,34.0,1,0,3,43.06,19.0,1,80.97,2.0,1,3.0,1.0,1,3.0,1.0,1,0.8971,1.6869
699,처치,1,36.0,49.0,3140.38,281322.0,1.0,0,27.0,1123.53,466.0,1,1,2,195.83,60.0,1,880.62,14.0,1,171.73000000000002,52.0,1,643.07,7.0,1,4.0798,18.3462
705,대조,0,28.0,29.0,495.94,285.0,5.0,0,28.0,358.2,240.0,1,0,1,94.18,40.0,1,125.2,11.0,1,64.2,27.0,1,78.57000000000001,7.0,1,1.9621,2.6083
706,처치,1,35.0,36.0,1289.75,9538.0,19.0,0,31.0,703.3,270.0,1,0,3,163.92,63.0,1,498.86,14.0,1,129.1,51.0,1,406.7,9.0,1,3.415,10.3929
708,대조,0,18.0,19.0,774.78,342.0,5.0,0,19.0,482.26,222.0,1,0,3,146.81,60.0,1,260.16,5.0,1,96.39,41.0,1,186.3,4.0,1,3.0585,5.42
710,처치,1,50.0,62.0,1125.59,24614.0,2.0,0,44.0,469.58,213.0,1,0,3,118.2,51.0,1,343.21000000000004,22.0,1,74.76,33.0,1,192.72,12.0,1,2.4625,7.1502
714,처치,1,75.0,93.0,1234.82,896.0,2.0,0,79.0,688.35,372.0,1,0,3,157.12,97.0,1,239.9,24.0,1,67.32,49.0,1,109.36,14.0,1,3.2733,4.9979
715,처치,1,38.0,49.0,983.91,847.0,1.0,0,34.0,462.03000000000003,248.0,1,0,1,62.35,37.0,1,430.02,12.0,1,30.52,20.0,1,350.64,8.0,1,1.299,8.9588
716,처치,1,29.0,31.0,475.28000000000003,18710.0,6.0,0,25.0,298.35,143.0,1,0,0,82.02,36.0,1,110.67,11.0,1,58.980000000000004,29.0,1,80.75,9.0,1,1.7088,2.3056
720,대조,0,24.0,24.0,569.1,142.0,3.0,0,23.0,335.11,108.0,1,0,1,93.64999999999999,26.0,1,111.01,6.0,1,53.39,16.0,1,68.46000000000001,4.0,1,1.951,2.3127
722,대조,0,39.0,42.0,2099.73,35081.0,3.0,0,36.0,1600.51,784.0,1,0,3,268.1,135.0,1,434.62,8.0,1,156.75,79.0,1,239.35,4.0,1,5.5854,9.0546
728,처치,1,109.0,169.0,3754.39,328211.0,1.0,0,82.0,1478.41,680.0,1,0,1,46.07,26.0,1,144.41,22.0,1,42.410000000000004,23.0,1,140.75,21.0,1,0.9598,3.0085
729,대조,0,5.0,5.0,325.46,132.0,21.0,0,4.0,165.77,64.0,1,0,1,16.810000000000002,7.0,1,19.27,1.0,1,16.810000000000002,7.0,1,19.27,1.0,1,0.3502,0.4015
730,대조,0,30.0,30.0,374.86,156.0,8.0,0,28.0,276.46,112.0,1,0,1,63.2,9.0,1,85.9,5.0,1,63.2,9.0,1,85.9,5.0,1,1.3167,1.7896
731,처치,1,68.0,111.0,1567.65,110370.0,2.0,0,59.0,673.38,277.0,1,0,2,8.370000000000001,3.0,1,57.71,4.0,1,8.370000000000001,3.0,1,57.71,4.0,1,0.1744,1.2023
733,처치,1,22.0,23.0,888.28,551.0,9.0,0,18.0,222.23,152.0,1,0,0,48.85,52.0,1,154.15,5.0,1,35.96,31.0,1,122.01,4.0,1,1.0177,3.2115
734,대조,0,22.0,29.0,481.32,19434.0,30.0,0,23.0,334.49,100.0,1,0,0,39.51,16.0,1,60.65,6.0,1,18.66,10.0,1,36.81,2.0,1,0.8231,1.2635
737,대조,0,10.0,10.0,411.99,156.0,3.0,0,8.0,283.66,90.0,1,0,1,69.98,36.0,1,120.4,6.0,1,42.53,16.0,1,87.38,3.0,1,1.4579,2.5083
740,대조,0,44.0,45.0,2345.0,1287.0,1.0,0,45.0,1396.17,682.0,1,0,4,181.84,76.0,1,322.08,6.0,1,152.31,63.0,1,256.31,5.0,1,3.7883,6.71
741,대조,0,32.0,34.0,1297.52,6748.0,6.0,0,33.0,781.93,317.0,1,0,2,180.31,65.0,1,348.48,9.0,1,131.18,46.0,1,229.21,6.0,1,3.7565,7.26
744,처치,1,51.0,53.0,1623.1100000000001,126396.0,1.0,0,38.0,823.66,367.0,1,0,2,238.71,96.0,1,402.78000000000003,15.0,1,150.17,59.0,1,259.35,10.0,1,4.9731,8.3913
747,처치,1,41.0,50.0,434.94,241.0,8.0,0,41.0,254.69,132.0,1,0,1,28.15,21.0,1,75.28,8.0,1,16.78,11.0,1,45.88,4.0,1,0.5865,1.5683
748,대조,0,17.0,22.0,914.6,7738.0,1.0,0,18.0,548.17,251.0,1,0,0,308.25,144.0,1,403.23,17.0,1,268.36,118.0,1,341.85,11.0,1,6.4219,8.4006
749,처치,1,32.0,38.0,518.02,12952.0,23.0,0,30.0,296.36,147.0,1,0,1,15.729999999999999,5.0,1,23.71,4.0,1,15.729999999999999,5.0,1,23.71,4.0,1,0.3277,0.494
752,처치,1,37.0,39.0,1297.42,154819.0,5.0,0,30.0,553.73,205.0,1,0,1,14.8,5.0,1,43.55,3.0,1,14.8,5.0,1,43.55,3.0,1,0.3083,0.9073
754,처치,1,8.0,8.0,452.91,217.0,20.0,0,8.0,195.14,127.0,1,0,3,51.03,36.0,1,87.13,5.0,1,51.03,36.0,1,82.44,4.0,1,1.0631,1.8152
755,처치,1,80.0,101.0,3613.17,1093660.0,3.0,0,28.0,430.14,195.0,1,0,4,143.48,62.0,1,741.21,19.0,1,109.61,47.0,1,500.37,13.0,1,2.9892,15.4419
757,대조,0,15.0,16.0,841.8,21768.0,2.0,0,13.0,451.81,199.0,1,0,0,34.89,12.0,1,123.58,3.0,1,34.89,12.0,1,123.58,3.0,1,0.7269,2.5746
759,대조,0,4.0,4.0,94.69,21.0,37.0,0,4.0,40.58,8.0,1,0,1,27.1,10.0,1,74.2,3.0,1,27.1,10.0,1,74.2,3.0,1,0.5646,1.5458
760,대조,0,24.0,26.0,756.9,265.0,1.0,0,22.0,524.01,174.0,1,0,2,128.95,38.0,1,223.51,7.0,1,44.0,10.0,1,89.59,3.0,1,2.6865,4.6565
763,처치,1,8.0,8.0,1005.34,559.0,5.0,0,8.0,586.13,259.0,1,0,1,0.0,0.0,0,0.0,0.0,0,0.0,0.0,0,0.0,0.0,0,0.0,0.0
764,처치,1,22.0,28.0,874.1,36477.0,4.0,0,23.0,429.96,203.0,1,0,0,213.65,100.0,1,474.85,19.0,1,117.1,66.0,1,266.34000000000003,11.0,1,4.451,9.8927
769,대조,0,11.0,12.0,352.93,7439.0,8.0,0,9.0,159.01,64.0,1,0,1,25.78,5.0,1,57.4,3.0,1,25.78,5.0,1,57.4,3.0,1,0.5371,1.1958
778,대조,0,10.0,11.0,281.7,2304.0,14.0,0,9.0,176.19,75.0,1,0,3,12.95,12.0,1,43.64,9.0,1,9.15,8.0,1,32.75,7.0,1,0.2698,0.9092
779,대조,0,19.0,21.0,909.82,300.0,34.0,0,14.0,371.35,151.0,1,0,1,144.31,61.0,1,263.01,8.0,1,117.7,47.0,1,207.59,6.0,1,3.0065,5.4794
780,처치,1,13.0,14.0,79.4,53.0,67.0,0,6.0,28.13,15.0,1,0,1,0.0,0.0,0,0.0,0.0,0,0.0,0.0,0,0.0,0.0,0,0.0,0.0
784,처치,1,17.0,19.0,649.86,51575.0,12.0,0,13.0,242.46,116.0,1,0,2,29.69,18.0,1,116.53999999999999,8.0,1,29.69,18.0,1,55.15,5.0,1,0.6185,2.4279
785,대조,0,6.0,6.0,122.92,50.0,13.0,0,6.0,66.56,25.0,1,0,1,111.32000000000001,43.0,1,250.47,15.0,1,22.97,8.0,1,76.35000000000001,5.0,1,2.3192,5.2181
787,처치,1,56.0,57.0,870.71,308.0,6.0,0,30.0,154.59,64.0,1,0,1,30.14,18.0,1,132.67,13.0,1,22.27,16.0,1,78.67,10.0,1,0.6279,2.764
790,대조,0,19.0,20.0,1004.49,392.0,6.0,0,19.0,680.8100000000001,244.0,1,0,0,211.08,74.0,1,395.36,5.0,1,146.35,52.0,1,247.67000000000002,3.0,1,4.3975,8.2367
793,대조,0,37.0,41.0,479.6,9722.0,13.0,0,24.0,207.88,104.0,1,0,0,64.33,26.0,1,134.9,8.0,1,56.38,23.0,1,111.72,4.0,1,1.3402,2.8104
795,대조,0,7.0,9.0,311.43,166.0,10.0,0,9.0,157.65,73.0,1,0,1,5.67,2.0,1,7.02,1.0,1,0.0,0.0,0,0.0,0.0,0,0.1181,0.1462
802,처치,1,17.0,17.0,398.72,130.0,7.0,0,16.0,170.94,69.0,1,0,1,88.26,30.0,1,134.03,3.0,1,26.54,7.0,1,42.56,1.0,1,1.8388,2.7923
803,대조,0,20.0,20.0,585.13,271.0,2.0,0,20.0,340.48,138.0,1,0,1,181.35,72.0,1,254.31,9.0,1,103.16,37.0,1,146.73,5.0,1,3.7781,5.2981
807,처치,1,27.0,36.0,1410.76,98164.0,13.0,0,26.0,502.27,289.0,1,0,2,100.42,49.0,1,328.14,7.0,1,65.16,34.0,1,227.33,6.0,1,2.0921,6.8362
808,대조,0,46.0,53.0,895.24,44335.0,7.0,0,35.0,390.47,173.0,1,0,1,34.39,25.0,1,110.64,17.0,1,26.26,20.0,1,76.38,11.0,1,0.7165,2.305
812,대조,0,10.0,10.0,318.11,154.0,21.0,0,8.0,238.66,84.0,1,0,2,15.97,5.0,1,46.81,5.0,1,15.97,5.0,1,46.81,5.0,1,0.3327,0.9752
817,처치,1,49.0,50.0,1623.34,728.0,3.0,0,45.0,921.97,456.0,1,0,4,247.48,116.0,1,415.67,13.0,1,193.47,90.0,1,330.04,10.0,1,5.1558,8.6598
820,처치,1,22.0,27.0,351.41,168.0,1.0,0,18.0,209.15,76.0,1,0,0,33.32,9.0,1,65.98,7.0,1,19.990000000000002,7.0,1,37.620000000000005,3.0,1,0.6942,1.3746
823,처치,1,27.0,29.0,945.3100000000001,26742.0,2.0,0,17.0,327.27,145.0,1,0,0,11.79,4.0,1,72.94,6.0,1,11.79,4.0,1,67.94,5.0,1,0.2456,1.5196
830,처치,1,23.0,28.0,318.4,252.0,10.0,0,23.0,230.01,131.0,1,0,2,9.71,8.0,1,12.21,2.0,1,0.0,0.0,0,0.0,0.0,0,0.2023,0.2544
831,대조,0,42.0,48.0,2448.51,905.0,1.0,0,42.0,1191.42,436.0,1,0,0,328.12,121.0,1,756.89,15.0,1,198.27,67.0,1,465.86,8.0,1,6.8358,15.7685
834,대조,0,2.0,2.0,26.28,5.0,6.0,0,2.0,26.28,5.0,1,0,2,0.0,0.0,0,7.7299999999999995,1.0,1,0.0,0.0,0,7.7299999999999995,1.0,1,0.0,0.161
836,대조,0,30.0,35.0,726.14,334.0,2.0,0,25.0,410.23,155.0,1,0,2,71.38,23.0,1,156.38,9.0,1,13.73,5.0,1,54.85,5.0,1,1.4871,3.2579
841,대조,0,19.0,29.0,466.29,32061.0,1.0,0,22.0,278.66,84.0,1,0,0,233.82,56.0,1,435.71,25.0,1,102.1,16.0,1,165.23,10.0,1,4.8712,9.0773
850,처치,1,27.0,29.0,436.32,5553.0,7.0,0,24.0,276.88,134.0,1,0,1,28.3,14.0,1,113.35000000000001,7.0,1,14.43,5.0,1,47.76,2.0,1,0.5896,2.3615
852,대조,0,31.0,32.0,823.24,331.0,4.0,0,28.0,527.55,207.0,1,0,0,125.0,30.0,1,151.42000000000002,6.0,1,91.05,12.0,1,99.03,4.0,1,2.6042,3.1546
853,처치,1,148.0,164.0,4218.78,165391.0,1.0,0,95.0,776.39,231.0,1,0,1,161.82,58.0,1,614.61,26.0,1,89.81,31.0,1,391.1,17.0,1,3.3712,12.8044
854,대조,0,8.0,8.0,122.46000000000001,60.0,15.0,0,7.0,80.47,29.0,1,0,1,10.57,4.0,1,20.73,3.0,1,10.57,4.0,1,20.73,3.0,1,0.2202,0.4319
856,처치,1,55.0,69.0,1634.24,76918.0,1.0,0,53.0,802.1,364.0,1,0,3,197.79,80.0,1,433.94,15.0,1,128.38,54.0,1,321.36,12.0,1,4.1206,9.0404
861,대조,0,8.0,10.0,348.53000000000003,127.0,51.0,0,10.0,257.86,96.0,1,0,1,127.56,52.0,1,174.97,5.0,1,50.13,17.0,1,66.17,1.0,1,2.6575,3.6452
862,처치,1,33.0,41.0,926.95,500.0,2.0,0,32.0,504.34000000000003,207.0,1,0,0,21.25,11.0,1,42.15,2.0,1,0.0,0.0,0,0.0,0.0,0,0.4427,0.8781
863,대조,0,32.0,49.0,689.96,44080.0,3.0,0,42.0,383.32,178.0,1,0,1,82.51,29.0,1,101.29,11.0,1,46.99,21.0,1,64.77,8.0,1,1.719,2.1102
864,처치,1,30.0,30.0,2399.88,1001.0,3.0,0,29.0,1075.93,446.0,1,1,4,304.88,133.0,1,713.18,10.0,1,194.25,89.0,1,485.19,7.0,1,6.3517,14.8579
867,처치,1,34.0,41.0,1607.58,103851.0,4.0,0,29.0,798.12,401.0,1,0,1,243.9,97.0,1,446.33,9.0,1,70.02,32.0,1,189.34,5.0,1,5.0812,9.2985
877,대조,0,20.0,20.0,1213.79,54351.0,10.0,0,17.0,571.21,235.0,1,8,3,57.45,41.0,1,167.70000000000002,3.0,1,32.84,26.0,1,86.67,1.0,1,1.1969,3.4938
879,대조,0,33.0,36.0,1008.91,102293.0,3.0,0,30.0,418.57,175.0,1,0,0,99.83,33.0,1,190.15,10.0,1,55.66,17.0,1,104.96000000000001,5.0,1,2.0798,3.9615
882,처치,1,34.0,36.0,636.14,337.0,17.0,0,32.0,323.28000000000003,161.0,1,0,1,127.92,54.0,1,180.88,22.0,1,57.9,26.0,1,86.86,11.0,1,2.665,3.7683
883,처치,1,74.0,93.0,2663.23,113650.0,1.0,0,74.0,1517.77,527.0,1,1,5,474.3,193.0,1,993.43,27.0,1,317.58,130.0,1,558.33,16.0,1,9.8812,20.6965
884,대조,0,4.0,6.0,39.27,28.0,27.0,0,2.0,3.56,3.0,1,0,0,2.99,1.0,1,6.8100000000000005,1.0,1,0.0,0.0,0,0.0,0.0,0,0.0623,0.1419
885,대조,0,34.0,42.0,1112.05,36021.0,2.0,0,16.0,485.49,253.0,1,0,0,23.17,4.0,1,37.14,1.0,1,23.17,4.0,1,37.14,1.0,1,0.4827,0.7738
886,처치,1,61.0,67.0,1505.09,128088.0,7.0,0,36.0,267.6,160.0,1,0,1,45.68,25.0,1,291.53,14.0,1,42.09,24.0,1,202.04,8.0,1,0.9517,6.0735
893,대조,0,29.0,34.0,1266.72,662.0,12.0,0,33.0,676.13,235.0,1,0,0,323.2,113.0,1,671.62,11.0,1,206.36,70.0,1,401.92,6.0,1,6.7333,13.9921
896,처치,1,37.0,40.0,1904.77,47727.0,3.0,0,33.0,911.44,409.0,1,1,3,112.24000000000001,60.0,1,229.12,4.0,1,53.87,27.0,1,112.67,2.0,1,2.3383,4.7733
898,처치,1,79.0,89.0,2476.58,193494.0,2.0,0,66.0,1239.84,560.0,1,0,2,358.83,155.0,1,648.2,25.0,1,282.34000000000003,115.0,1,516.66,20.0,1,7.4756,13.5042
900,처치,1,167.0,347.0,5322.19,436968.0,1.0,0,156.0,1764.15,582.0,1,0,3,436.6,138.0,1,1639.29,116.0,1,285.2,92.0,1,1026.49,74.0,1,9.0958,34.1519
901,처치,1,21.0,26.0,766.42,4350.0,4.0,0,18.0,409.02,194.0,1,0,2,117.03,51.0,1,225.63,4.0,1,44.74,15.0,1,79.36,1.0,1,2.4381,4.7006
903,처치,1,30.0,32.0,1309.58,377.0,4.0,0,29.0,631.11,211.0,1,0,2,35.6,13.0,1,135.85,3.0,1,23.73,10.0,1,117.99000000000001,2.0,1,0.7417,2.8302
906,처치,1,99.0,132.0,2479.71,212990.0,3.0,0,90.0,1192.67,624.0,1,0,4,239.06,215.0,1,448.9,26.0,1,206.07,175.0,1,390.74,22.0,1,4.9804,9.3521
907,대조,0,24.0,26.0,623.49,354.0,6.0,0,21.0,273.2,164.0,1,0,2,2.02,2.0,1,30.37,3.0,1,2.02,2.0,1,30.37,3.0,1,0.0421,0.6327
908,처치,1,57.0,64.0,1928.17,62577.0,1.0,0,53.0,891.17,326.0,1,0,1,119.0,48.0,1,315.95,11.0,1,68.01,29.0,1,223.67000000000002,8.0,1,2.4792,6.5823
911,처치,1,24.0,24.0,1466.06,13848.0,2.0,0,23.0,850.8000000000001,422.0,1,0,1,94.22,57.0,1,208.95000000000002,4.0,1,24.43,20.0,1,87.7,2.0,1,1.9629,4.3531
913,대조,0,21.0,21.0,471.83,176.0,2.0,0,19.0,323.3,108.0,1,0,2,85.97,30.0,1,143.56,6.0,1,21.77,8.0,1,29.240000000000002,1.0,1,1.791,2.9908
915,처치,1,31.0,31.0,257.0,160.0,3.0,0,27.0,122.13,62.0,1,0,0,37.43,25.0,1,102.38,15.0,1,25.5,17.0,1,64.89,9.0,1,0.7798,2.1329
916,처치,1,32.0,34.0,419.1,31574.0,1.0,0,25.0,162.33,74.0,1,0,2,130.43,90.0,1,343.06,23.0,1,63.47,47.0,1,176.67000000000002,16.0,1,2.7173,7.1471
918,대조,0,9.0,11.0,562.87,319.0,3.0,0,10.0,344.94,168.0,1,0,3,26.68,12.0,1,38.86,3.0,1,21.990000000000002,7.0,1,28.1,1.0,1,0.5558,0.8096
919,대조,0,25.0,29.0,412.52,260.0,2.0,0,23.0,250.52,165.0,1,0,1,17.06,15.0,1,33.2,2.0,1,17.06,15.0,1,33.2,2.0,1,0.3554,0.6917
920,처치,1,58.0,79.0,1413.51,38040.0,1.0,0,63.0,781.35,441.0,1,0,3,360.0,155.0,1,681.83,21.0,1,317.38,139.0,1,552.9,15.0,1,7.5,14.2048
922,처치,1,31.0,37.0,741.4,48496.0,3.0,0,26.0,385.46000000000004,150.0,1,0,3,161.96,59.0,1,237.41,10.0,1,109.57,45.0,1,146.37,7.0,1,3.3742,4.946
924,처치,1,22.0,22.0,607.6800000000001,201.0,7.0,0,22.0,401.08,119.0,1,0,2,79.41,25.0,1,115.96000000000001,7.0,1,42.97,15.0,1,65.58,4.0,1,1.6544,2.4158
925,대조,0,20.0,21.0,96.47,49.0,51.0,0,16.0,53.81,28.0,1,0,1,0.0,0.0,0,0.0,0.0,0,0.0,0.0,0,0.0,0.0,0,0.0,0.0
926,처치,1,61.0,74.0,2238.41,225378.0,2.0,0,47.0,962.22,519.0,1,0,7,111.10000000000001,55.0,1,279.73,15.0,1,39.78,24.0,1,96.98,7.0,1,2.3146,5.8277
927,대조,0,22.0,24.0,909.36,407.0,3.0,0,21.0,459.58,205.0,1,0,0,27.79,14.0,1,48.05,3.0,1,27.79,14.0,1,48.05,3.0,1,0.579,1.001
928,처치,1,25.0,27.0,640.55,257.0,2.0,0,23.0,344.42,137.0,1,0,2,118.99000000000001,53.0,1,266.98,10.0,1,114.3,50.0,1,213.78,6.0,1,2.479,5.5621
929,처치,1,48.0,53.0,1461.97,53078.0,3.0,0,42.0,813.99,485.0,1,2,1,256.83,209.0,1,594.44,33.0,1,108.91,75.0,1,270.17,14.0,1,5.3506,12.3842
931,대조,0,9.0,12.0,1488.6,594.0,8.0,0,11.0,826.41,311.0,1,10,1,138.44,69.0,1,279.58,4.0,1,138.44,69.0,1,279.58,4.0,1,2.8842,5.8246
935,대조,0,11.0,11.0,309.22,95289.0,11.0,0,2.0,25.54,10.0,1,0,1,8.27,3.0,1,58.45,2.0,1,8.27,3.0,1,58.45,2.0,1,0.1723,1.2177
936,처치,1,120.0,208.0,3136.36,19771.0,2.0,0,126.0,1704.45,720.0,1,1,4,253.92,99.0,1,532.85,32.0,1,89.61,42.0,1,177.37,13.0,1,5.29,11.101
938,대조,0,8.0,8.0,613.9,264.0,14.0,0,7.0,266.75,90.0,1,0,1,0.0,0.0,0,0.0,0.0,0,0.0,0.0,0,0.0,0.0,0,0.0,0.0
939,처치,1,27.0,36.0,1164.83,936.0,5.0,0,33.0,571.86,396.0,1,0,0,220.08,130.0,1,468.94,14.0,1,195.22,114.0,1,397.81,12.0,1,4.585,9.7696
940,대조,0,20.0,21.0,337.43,122.0,2.0,0,16.0,115.78,48.0,1,0,0,24.22,11.0,1,102.34,8.0,1,10.49,6.0,1,65.41,5.0,1,0.5046,2.1321
941,처치,1,32.0,38.0,640.3,19200.0,2.0,0,31.0,329.88,102.0,1,0,3,44.730000000000004,18.0,1,204.57,12.0,1,38.56,16.0,1,195.41,11.0,1,0.9319,4.2619
944,대조,0,31.0,37.0,1064.68,111900.0,3.0,0,22.0,442.13,160.0,1,0,0,46.48,16.0,1,98.91,4.0,1,12.52,5.0,1,52.42,3.0,1,0.9683,2.0606
946,대조,0,36.0,39.0,905.12,558.0,2.0,0,35.0,622.89,347.0,1,0,1,53.86,25.0,1,88.75,9.0,1,20.009999999999998,10.0,1,24.64,3.0,1,1.1221,1.849
947,처치,1,56.0,62.0,689.02,11070.0,1.0,0,51.0,306.65,279.0,1,1,5,34.09,25.0,1,112.76,10.0,1,23.92,19.0,1,79.92,8.0,1,0.7102,2.3492
952,처치,1,33.0,35.0,687.37,20006.0,2.0,0,23.0,268.43,168.0,1,0,2,127.38,55.0,1,212.57,15.0,1,74.76,39.0,1,122.28,9.0,1,2.6538,4.4285
953,대조,0,23.0,26.0,347.4,249.0,7.0,0,20.0,182.47,127.0,1,0,1,52.44,38.0,1,89.19,4.0,1,24.21,17.0,1,51.54,3.0,1,1.0925,1.8581
954,처치,1,11.0,12.0,548.12,279.0,3.0,0,11.0,270.92,134.0,1,0,2,99.74,48.0,1,167.04,3.0,1,99.74,48.0,1,167.04,3.0,1,2.0779,3.48
956,처치,1,125.0,191.0,3097.21,342511.0,2.0,0,126.0,1173.11,435.0,1,0,1,358.56,127.0,1,897.9,49.0,1,246.08,93.0,1,644.88,34.0,1,7.47,18.7062
957,처치,1,122.0,187.0,1298.15,43372.0,1.0,0,88.0,457.39,192.0,1,0,1,173.07,70.0,1,522.02,68.0,1,132.84,55.0,1,360.83,50.0,1,3.6056,10.8754
960,처치,1,30.0,32.0,752.15,241.0,6.0,0,24.0,255.20000000000002,135.0,1,0,3,49.34,21.0,1,157.96,7.0,1,24.060000000000002,11.0,1,81.93,4.0,1,1.0279,3.2908
961,처치,1,23.0,23.0,1173.49,475.0,16.0,0,23.0,630.72,276.0,1,0,2,99.86,32.0,1,202.82,3.0,1,71.64,20.0,1,121.19,2.0,1,2.0804,4.2254
964,처치,1,19.0,25.0,583.99,294.0,23.0,0,20.0,369.93,150.0,1,0,0,39.76,20.0,1,59.67,2.0,1,39.76,20.0,1,59.67,2.0,1,0.8283,1.2431
965,대조,0,12.0,14.0,607.37,219.0,36.0,0,10.0,226.16,101.0,1,0,1,118.36,61.0,1,162.57,3.0,1,108.76,58.0,1,152.97,2.0,1,2.4658,3.3869
968,처치,1,35.0,40.0,2441.92,1263.0,1.0,0,34.0,1196.24,555.0,1,0,5,430.32,188.0,1,822.8100000000001,10.0,1,232.17,99.0,1,454.72,6.0,1,8.965,17.1419
971,처치,1,38.0,40.0,1283.34,590.0,8.0,0,38.0,709.53,301.0,1,0,0,157.46,74.0,1,359.37,12.0,1,87.32000000000001,48.0,1,213.02,7.0,1,3.2804,7.4869
976,대조,0,19.0,21.0,1978.0,727.0,3.0,0,20.0,1041.66,410.0,1,0,1,214.96,100.0,1,454.21,5.0,1,120.41,57.0,1,251.96,4.0,1,4.4783,9.4627
979,처치,1,39.0,51.0,3643.98,18327.0,3.0,0,37.0,2021.56,944.0,1,3,5,692.22,247.0,1,1329.8600000000001,20.0,1,495.3,184.0,1,906.84,11.0,1,14.4212,27.7054
983,처치,1,55.0,62.0,1068.36,452.0,6.0,0,50.0,621.76,238.0,1,0,2,97.24,32.0,1,172.58,11.0,1,36.79,14.0,1,68.28999999999999,4.0,1,2.0258,3.5954
984,대조,0,13.0,15.0,551.23,269.0,4.0,0,15.0,415.98,197.0,1,0,0,3.5199999999999996,2.0,1,3.5199999999999996,1.0,1,3.5199999999999996,2.0,1,3.5199999999999996,1.0,1,0.0733,0.0733
986,처치,1,20.0,22.0,544.16,266.0,9.0,0,17.0,269.4,126.0,1,0,1,136.6,59.0,1,200.55,10.0,1,101.86,45.0,1,153.15,7.0,1,2.8458,4.1781
987,처치,1,29.0,30.0,545.16,265.0,5.0,0,16.0,248.72,129.0,1,0,2,43.86,14.0,1,80.6,3.0,1,26.9,4.0,1,46.44,2.0,1,0.9138,1.6792
988,처치,1,51.0,73.0,2157.09,165155.0,7.0,0,43.0,713.7,451.0,1,0,2,9.62,7.0,1,38.32,2.0,1,0.0,0.0,0,12.5,1.0,1,0.2004,0.7983
995,처치,1,6.0,6.0,456.93,184.0,22.0,0,6.0,233.53,100.0,1,0,2,0.0,0.0,0,0.0,0.0,0,0.0,0.0,0,0.0,0.0,0,0.0,0.0
996,처치,1,22.0,23.0,303.58,165.0,9.0,0,20.0,143.04,74.0,1,0,4,93.61,52.0,1,234.43,13.0,1,51.08,29.0,1,133.15,8.0,1,1.9502,4.884
999,처치,1,9.0,10.0,286.59,109.0,4.0,0,9.0,169.43,56.0,1,0,2,9.81,10.0,1,17.27,1.0,1,9.81,10.0,1,17.27,1.0,1,0.2044,0.3598
1000,처치,1,46.0,47.0,1412.67,845.0,1.0,0,46.0,545.19,298.0,1,0,1,121.91,66.0,1,315.1,9.0,1,94.12,51.0,1,223.82,7.0,1,2.5398,6.5646
1001,대조,0,15.0,18.0,1037.66,457.0,45.0,0,16.0,525.67,263.0,1,0,1,228.62,107.0,1,368.22,7.0,1,113.6,41.0,1,192.98,3.0,1,4.7629,7.6712
1003,대조,0,13.0,18.0,800.61,396.0,3.0,0,18.0,512.74,239.0,1,0,2,267.11,104.0,1,432.47,9.0,1,135.32,45.0,1,223.14000000000001,5.0,1,5.5648,9.0098
1004,처치,1,67.0,81.0,1431.54,189282.0,2.0,0,47.0,552.12,198.0,1,0,3,123.1,43.0,1,243.0,19.0,1,66.77,23.0,1,95.74000000000001,7.0,1,2.5646,5.0625
1005,처치,1,65.0,68.0,979.5,610.0,3.0,0,63.0,529.09,278.0,1,4,1,123.39,61.0,1,220.06,20.0,1,111.1,54.0,1,182.84,14.0,1,2.5706,4.5846
1007,처치,1,43.0,47.0,417.64,5987.0,7.0,0,31.0,214.68,132.0,1,0,1,13.48,10.0,1,20.8,6.0,1,8.98,6.0,1,15.3,4.0,1,0.2808,0.4333
1010,대조,0,24.0,32.0,913.49,80589.0,1.0,0,16.0,347.46,190.0,1,0,0,87.15,46.0,1,207.61,10.0,1,38.28,20.0,1,144.86,7.0,1,1.8156,4.3252
1011,처치,1,40.0,43.0,902.01,90286.0,3.0,0,27.0,317.03000000000003,111.0,1,0,2,160.02,66.0,1,382.86,17.0,1,106.97,41.0,1,253.67000000000002,10.0,1,3.3338,7.9762
1012,처치,1,31.0,36.0,402.87,4026.0,4.0,0,29.0,237.38,94.0,1,0,3,38.16,22.0,1,94.8,11.0,1,23.33,14.0,1,52.61,8.0,1,0.795,1.975
1015,처치,1,28.0,28.0,1209.0,746.0,4.0,0,28.0,710.15,454.0,1,1,3,144.28,81.0,1,271.61,5.0,1,85.32,61.0,1,164.27,4.0,1,3.0058,5.6585
1016,대조,0,10.0,10.0,392.77,115.0,16.0,0,8.0,150.26,46.0,1,0,2,87.8,33.0,1,200.33,4.0,1,50.77,16.0,1,133.85,3.0,1,1.8292,4.1735
1018,처치,1,29.0,30.0,516.36,10192.0,6.0,0,25.0,265.58,80.0,1,0,3,37.51,10.0,1,58.17,5.0,1,4.99,1.0,1,8.98,1.0,1,0.7815,1.2119
1019,대조,0,10.0,13.0,362.87,131.0,2.0,0,10.0,213.53,63.0,1,0,1,0.0,0.0,0,0.0,0.0,0,0.0,0.0,0,0.0,0.0,0,0.0,0.0
1021,대조,0,23.0,26.0,431.19,202.0,18.0,0,12.0,156.96,70.0,1,0,1,55.37,22.0,1,126.23,8.0,1,0.0,0.0,0,20.03,3.0,1,1.1535,2.6298
1031,처치,1,52.0,62.0,1806.24,150551.0,3.0,0,45.0,743.33,267.0,1,0,0,194.96,71.0,1,588.59,23.0,1,160.03,58.0,1,403.19,16.0,1,4.0617,12.2623
1032,처치,1,37.0,42.0,1124.07,354.0,3.0,0,31.0,568.05,163.0,1,0,3,268.45,58.0,1,397.46000000000004,10.0,1,150.34,39.0,1,240.51000000000002,8.0,1,5.5927,8.2804
1034,대조,0,19.0,20.0,181.09,83.0,32.0,0,15.0,103.71000000000001,44.0,1,0,1,2.69,1.0,1,3.6799999999999997,1.0,1,2.69,1.0,1,3.6799999999999997,1.0,1,0.056,0.0767
1038,처치,1,72.0,87.0,450.41,320.0,2.0,0,47.0,285.59,159.0,1,0,0,70.73,45.0,1,140.99,33.0,1,47.16,28.0,1,94.35000000000001,17.0,1,1.4735,2.9373
1040,처치,1,75.0,76.0,1941.98,712.0,2.0,0,56.0,807.51,259.0,1,1,3,191.85,66.0,1,448.46,19.0,1,94.38,32.0,1,220.39000000000001,10.0,1,3.9969,9.3429
1046,대조,0,60.0,65.0,1297.44,31363.0,3.0,0,61.0,782.9300000000001,420.0,1,0,2,86.42,41.0,1,304.95,16.0,1,65.71000000000001,28.0,1,220.63,12.0,1,1.8004,6.3531
1047,처치,1,21.0,26.0,298.9,141.0,2.0,0,18.0,139.14000000000001,65.0,1,0,1,14.17,7.0,1,43.95,3.0,1,9.68,2.0,1,9.68,1.0,1,0.2952,0.9156
1048,대조,0,31.0,32.0,708.6,65602.0,1.0,0,24.0,287.35,121.0,1,0,0,108.51,37.0,1,282.82,15.0,1,88.76,29.0,1,227.70000000000002,14.0,1,2.2606,5.8921
1051,대조,0,12.0,12.0,326.26,182.0,15.0,0,12.0,177.07,105.0,1,0,1,11.53,8.0,1,23.2,1.0,1,11.53,8.0,1,23.2,1.0,1,0.2402,0.4833
1053,처치,1,30.0,30.0,1786.01,699.0,5.0,0,30.0,1136.99,460.0,1,0,3,286.03000000000003,117.0,1,574.5600000000001,7.0,1,164.88,72.0,1,364.44,4.0,1,5.959,11.97
1055,대조,0,16.0,16.0,214.15,104.0,8.0,0,14.0,91.06,36.0,1,0,5,24.580000000000002,11.0,1,55.46,4.0,1,20.89,9.0,1,33.0,2.0,1,0.5121,1.1554
1057,처치,1,55.0,57.0,2544.82,1087.0,1.0,0,52.0,880.99,361.0,1,0,4,129.92000000000002,76.0,1,485.87,16.0,1,70.26,42.0,1,271.56,10.0,1,2.7067,10.1223
1058,처치,1,128.0,203.0,1648.32,19005.0,1.0,0,89.0,690.73,313.0,1,0,1,36.14,19.0,1,129.85999999999999,34.0,1,18.75,8.0,1,77.47,19.0,1,0.7529,2.7054
1060,처치,1,17.0,17.0,2007.38,887.0,6.0,0,17.0,908.28,457.0,1,0,5,253.21,107.0,1,549.55,5.0,1,149.6,65.0,1,301.72,3.0,1,5.2752,11.449
1061,처치,1,23.0,35.0,1459.6200000000001,9393.0,3.0,0,30.0,752.01,268.0,1,0,0,468.58,162.0,1,954.37,11.0,1,275.94,98.0,1,585.33,5.0,1,9.7621,19.8827
1062,처치,1,66.0,72.0,406.68,258.0,5.0,0,65.0,274.27,192.0,1,0,0,64.57000000000001,49.0,1,107.0,18.0,1,25.47,28.0,1,55.5,11.0,1,1.3452,2.2292
1064,대조,0,17.0,18.0,1366.0900000000001,542.0,11.0,0,15.0,556.38,277.0,1,2,2,18.88,11.0,1,23.88,2.0,1,18.88,11.0,1,23.88,2.0,1,0.3933,0.4975
1065,대조,0,15.0,15.0,1492.86,733.0,13.0,0,13.0,823.47,409.0,1,0,3,214.44,83.0,1,457.57,5.0,1,72.31,29.0,1,165.67000000000002,3.0,1,4.4675,9.5327
1066,처치,1,82.0,91.0,1108.63,750.0,1.0,0,79.0,525.83,338.0,1,2,2,192.88,92.0,1,335.25,26.0,1,130.62,64.0,1,218.93,17.0,1,4.0183,6.9844
1067,대조,0,7.0,7.0,530.5,16819.0,12.0,0,6.0,280.03,113.0,1,0,1,65.91,39.0,1,97.62,4.0,1,59.93,37.0,1,89.05,3.0,1,1.3731,2.0338
1070,처치,1,46.0,65.0,1619.33,166749.0,4.0,0,46.0,628.96,312.0,1,0,4,176.98,92.0,1,289.53000000000003,6.0,1,133.05,72.0,1,237.11,5.0,1,3.6871,6.0319
1071,처치,1,18.0,19.0,380.04,311.0,2.0,0,18.0,156.71,107.0,1,0,2,143.58,100.0,1,287.61,10.0,1,64.88,51.0,1,142.92,6.0,1,2.9913,5.9919
1072,처치,1,18.0,22.0,962.97,5960.0,3.0,0,17.0,515.04,312.0,1,0,1,147.6,93.0,1,270.81,8.0,1,96.04,68.0,1,177.25,6.0,1,3.075,5.6419
1073,처치,1,34.0,41.0,1002.67,420.0,1.0,0,36.0,541.45,220.0,1,0,2,107.91,53.0,1,237.34,10.0,1,93.12,48.0,1,185.68,8.0,1,2.2481,4.9446
1075,대조,0,16.0,18.0,380.21,9848.0,6.0,0,13.0,209.87,100.0,1,0,1,17.060000000000002,4.0,1,21.240000000000002,3.0,1,11.98,2.0,1,16.16,2.0,1,0.3554,0.4425
1076,대조,0,19.0,19.0,300.49,119.0,5.0,0,16.0,122.58,38.0,1,0,0,127.82000000000001,22.0,1,181.69,4.0,1,5.0,3.0,1,10.67,1.0,1,2.6629,3.7852
1083,대조,0,16.0,17.0,411.7,156.0,17.0,0,16.0,288.8,99.0,1,1,1,142.62,41.0,1,211.09,3.0,1,111.48,33.0,1,163.18,2.0,1,2.9712,4.3977
1084,처치,1,57.0,73.0,958.59,407.0,13.0,0,54.0,591.05,255.0,1,0,4,91.13,41.0,1,138.62,6.0,1,91.13,41.0,1,138.62,6.0,1,1.8985,2.8879
1088,대조,0,27.0,28.0,514.83,5376.0,3.0,0,25.0,293.96,152.0,1,0,0,33.46,17.0,1,62.47,6.0,1,25.77,14.0,1,52.54,5.0,1,0.6971,1.3015
1089,처치,1,21.0,21.0,209.72,1860.0,8.0,0,13.0,115.5,49.0,1,0,0,7.28,2.0,1,8.82,1.0,1,7.28,2.0,1,8.82,1.0,1,0.1517,0.1838
1097,처치,1,30.0,42.0,1733.85,127821.0,2.0,0,25.0,747.25,249.0,1,0,1,339.02,83.0,1,629.59,19.0,1,265.95,69.0,1,467.38,14.0,1,7.0629,13.1165
1102,대조,0,16.0,17.0,327.62,145.0,18.0,0,15.0,158.88,77.0,1,0,2,123.28,49.0,1,198.24,7.0,1,76.46,28.0,1,138.94,5.0,1,2.5683,4.13
1110,대조,0,65.0,71.0,2949.59,735.0,3.0,0,56.0,716.18,425.0,1,0,0,200.05,136.0,1,906.29,24.0,1,137.26,94.0,1,544.7,17.0,1,4.1677,18.881
1113,처치,1,39.0,44.0,1065.91,7480.0,17.0,0,35.0,484.92,236.0,1,2,4,235.68,101.0,1,396.81,19.0,1,176.12,68.0,1,308.71,14.0,1,4.91,8.2669
1116,처치,1,8.0,9.0,265.71,156.0,3.0,0,8.0,168.64000000000001,83.0,1,0,2,18.330000000000002,7.0,1,54.84,2.0,1,15.55,6.0,1,35.49,1.0,1,0.3819,1.1425
1117,처치,1,50.0,62.0,1264.6200000000001,86319.0,6.0,0,37.0,489.58,285.0,1,0,3,20.66,9.0,1,178.09,9.0,1,5.68,2.0,1,155.92,8.0,1,0.4304,3.7102
1119,처치,1,25.0,26.0,779.39,8226.0,1.0,0,23.0,384.28,205.0,1,0,0,36.42,23.0,1,131.37,3.0,1,36.42,23.0,1,131.37,3.0,1,0.7588,2.7369
1120,대조,0,20.0,24.0,502.5,6644.0,69.0,0,20.0,230.35,125.0,1,0,1,73.99,39.0,1,144.66,4.0,1,22.8,16.0,1,27.04,1.0,1,1.5415,3.0138
1121,대조,0,13.0,13.0,524.82,262.0,23.0,0,11.0,254.16,119.0,1,0,2,16.86,10.0,1,77.47,4.0,1,16.86,10.0,1,77.47,4.0,1,0.3512,1.614
1122,처치,1,25.0,27.0,452.3,296.0,6.0,0,24.0,222.27,134.0,1,0,1,0.0,0.0,0,0.0,0.0,0,0.0,0.0,0,0.0,0.0,0,0.0,0.0
1123,처치,1,20.0,22.0,944.83,313.0,4.0,0,17.0,425.87,143.0,1,0,2,112.89,43.0,1,305.44,6.0,1,91.1,35.0,1,253.41,5.0,1,2.3519,6.3633
1124,대조,0,23.0,31.0,884.14,2514.0,4.0,0,27.0,597.5600000000001,329.0,1,0,1,213.76,89.0,1,287.52,2.0,1,0.0,0.0,0,0.0,0.0,0,4.4533,5.99
1125,대조,0,22.0,32.0,497.11,7746.0,1.0,0,19.0,224.62,92.0,1,0,0,2.17,3.0,1,9.05,3.0,1,0.0,0.0,0,0.0,0.0,0,0.0452,0.1885
1126,대조,0,8.0,8.0,775.58,349.0,1.0,0,8.0,413.41,161.0,1,0,2,63.92,24.0,1,113.08,1.0,1,0.0,0.0,0,0.0,0.0,0,1.3317,2.3558
1127,대조,0,11.0,12.0,956.83,401.0,13.0,0,9.0,595.14,223.0,1,0,0,55.13,20.0,1,89.58,3.0,1,27.75,10.0,1,50.61,2.0,1,1.1485,1.8662
1130,처치,1,69.0,94.0,1367.26,692.0,2.0,0,72.0,720.96,337.0,1,0,4,264.01,132.0,1,458.22,27.0,1,176.89000000000001,102.0,1,322.22,17.0,1,5.5002,9.5462
1132,대조,0,5.0,6.0,302.9,177.0,74.0,0,5.0,168.61,68.0,1,0,2,163.3,65.0,1,290.51,6.0,1,72.59,34.0,1,122.02,4.0,1,3.4021,6.0523
1133,대조,0,29.0,33.0,387.11,175.0,9.0,0,23.0,270.56,116.0,1,0,0,58.51,30.0,1,115.89,9.0,1,45.48,25.0,1,90.76,8.0,1,1.219,2.4144
1134,처치,1,21.0,23.0,1928.27,808.0,5.0,0,21.0,1085.9,471.0,1,0,4,270.73,90.0,1,525.89,4.0,1,100.13,27.0,1,164.13,1.0,1,5.6402,10.956
1136,대조,0,12.0,12.0,190.54,120.0,1.0,0,10.0,91.32000000000001,58.0,1,0,2,62.23,15.0,1,73.21000000000001,4.0,1,57.86,14.0,1,68.84,2.0,1,1.2965,1.5252
1138,처치,1,59.0,60.0,1289.39,628.0,2.0,0,36.0,243.65,92.0,1,0,4,140.2,33.0,1,408.43,15.0,1,117.7,23.0,1,271.28,8.0,1,2.9208,8.509
1139,처치,1,29.0,31.0,2876.18,837.0,8.0,0,27.0,1511.63,405.0,1,0,3,117.7,35.0,1,288.14,2.0,1,59.44,19.0,1,156.64000000000001,1.0,1,2.4521,6.0029
1141,처치,1,15.0,16.0,274.8,136.0,6.0,0,13.0,137.22,51.0,1,0,0,29.88,21.0,1,59.53,5.0,1,26.41,20.0,1,56.059999999999995,4.0,1,0.6225,1.2402
1151,대조,0,39.0,44.0,847.2,373.0,1.0,0,41.0,601.63,251.0,1,0,0,286.38,56.0,1,352.44,18.0,1,229.63,44.0,1,288.44,13.0,1,5.9662,7.3425
1153,대조,0,12.0,17.0,265.29,127.0,10.0,0,14.0,197.79,88.0,1,0,1,80.57,44.0,1,114.07,9.0,1,66.47,37.0,1,91.78,7.0,1,1.6785,2.3765
1154,처치,1,35.0,36.0,1388.54,738.0,9.0,0,36.0,972.68,519.0,1,0,3,68.07,26.0,1,102.7,5.0,1,0.0,0.0,0,3.5,1.0,1,1.4181,2.1396
1157,처치,1,27.0,32.0,879.58,280.0,2.0,0,21.0,410.74,124.0,1,0,1,74.99,21.0,1,97.00999999999999,4.0,1,74.99,21.0,1,97.00999999999999,4.0,1,1.5623,2.021
1158,처치,1,53.0,69.0,1078.22,57287.0,2.0,0,51.0,541.15,306.0,1,0,2,133.58,68.0,1,251.88,22.0,1,97.33,49.0,1,182.2,15.0,1,2.7829,5.2475
1159,처치,1,35.0,41.0,517.54,29630.0,142.0,0,31.0,176.92000000000002,92.0,1,0,3,152.53,63.0,1,374.47,12.0,1,60.410000000000004,26.0,1,159.82,8.0,1,3.1777,7.8015
1160,처치,1,33.0,47.0,1282.88,30366.0,18.0,0,33.0,647.37,348.0,1,0,1,194.52,104.0,1,295.12,7.0,1,114.38,60.0,1,175.41,4.0,1,4.0525,6.1483
1164,처치,1,29.0,32.0,1394.75,603.0,8.0,0,23.0,674.43,320.0,1,0,1,240.20000000000002,96.0,1,505.51,10.0,1,109.05,43.0,1,258.45,6.0,1,5.0042,10.5315
1165,대조,0,14.0,14.0,366.87,11036.0,6.0,0,10.0,134.84,54.0,1,0,0,19.83,7.0,1,38.03,3.0,1,4.4,2.0,1,14.580000000000002,1.0,1,0.4131,0.7923
1172,대조,0,43.0,49.0,1228.79,430.0,3.0,0,33.0,569.91,237.0,1,0,2,233.56,95.0,1,465.87,16.0,1,187.19,75.0,1,363.1,11.0,1,4.8658,9.7056
1174,처치,1,30.0,36.0,502.18,330.0,1.0,0,29.0,318.0,171.0,1,0,1,146.49,69.0,1,287.0,13.0,1,57.06,21.0,1,108.92,7.0,1,3.0519,5.9792
1175,처치,1,44.0,49.0,2289.72,221051.0,1.0,0,30.0,711.71,281.0,1,2,2,139.36,52.0,1,481.46,9.0,1,139.36,52.0,1,442.04,7.0,1,2.9033,10.0304
1178,처치,1,57.0,60.0,1167.43,54434.0,3.0,0,54.0,598.46,264.0,1,0,5,189.49,69.0,1,340.33,18.0,1,143.78,45.0,1,247.88,13.0,1,3.9477,7.0902
1181,처치,1,32.0,36.0,667.6,12605.0,2.0,0,24.0,279.54,133.0,1,0,2,125.72,74.0,1,247.37,6.0,1,115.68,71.0,1,224.85,4.0,1,2.6192,5.1535
1182,대조,0,12.0,16.0,211.54,12871.0,7.0,0,8.0,102.07000000000001,46.0,1,0,3,3.46,3.0,1,6.45,1.0,1,3.46,3.0,1,6.45,1.0,1,0.0721,0.1344
1184,대조,0,0.0,0.0,0.0,0.0,200.0,1,0.0,0.0,0.0,0,0,1,0.0,0.0,0,0.0,0.0,0,0.0,0.0,0,0.0,0.0,0,0.0,0.0
1186,처치,1,22.0,24.0,1546.91,33361.0,7.0,0,19.0,815.3,224.0,1,0,3,260.69,80.0,1,594.84,9.0,1,56.6,20.0,1,205.4,5.0,1,5.431,12.3925
1187,처치,1,54.0,65.0,1372.21,756.0,1.0,0,54.0,832.04,401.0,1,0,3,139.69,74.0,1,240.73,8.0,1,82.82,36.0,1,126.91,6.0,1,2.9102,5.0152
1188,처치,1,20.0,24.0,481.55,383.0,2.0,0,21.0,307.34,245.0,1,0,1,192.83,154.0,1,324.5,14.0,1,65.89,52.0,1,106.4,4.0,1,4.0173,6.7604
1191,대조,0,31.0,31.0,800.68,320.0,1.0,0,28.0,458.16,167.0,1,0,1,127.56,35.0,1,231.95,8.0,1,36.589999999999996,7.0,1,43.78,4.0,1,2.6575,4.8323
1193,처치,1,35.0,39.0,540.92,315.0,4.0,0,23.0,194.02,113.0,1,0,1,17.6,13.0,1,87.19,7.0,1,13.23,10.0,1,51.6,4.0,1,0.3667,1.8165
1204,대조,0,19.0,24.0,704.8,295.0,2.0,0,21.0,390.93,154.0,1,0,1,121.43,46.0,1,183.04,5.0,1,32.37,6.0,1,51.21,2.0,1,2.5298,3.8133
1207,처치,1,31.0,37.0,302.21,173.0,1.0,0,27.0,124.23,74.0,1,0,1,13.96,6.0,1,43.92,9.0,1,8.59,3.0,1,25.630000000000003,5.0,1,0.2908,0.915
1211,대조,0,38.0,44.0,2288.17,86596.0,2.0,0,35.0,1230.65,340.0,1,0,2,287.14,84.0,1,663.51,9.0,1,74.89,23.0,1,214.61,4.0,1,5.9821,13.8231
1217,대조,0,15.0,19.0,795.05,38563.0,18.0,0,13.0,390.49,172.0,1,0,0,14.17,10.0,1,35.17,1.0,1,0.0,0.0,0,0.0,0.0,0,0.2952,0.7327
1218,대조,0,29.0,32.0,1308.55,70060.0,20.0,0,25.0,697.24,347.0,1,0,0,329.1,194.0,1,459.54,9.0,1,197.76,117.0,1,228.84,5.0,1,6.8562,9.5738
1219,대조,0,27.0,29.0,173.44,103.0,8.0,0,17.0,100.27,32.0,1,0,1,52.01,14.0,1,90.34,8.0,1,26.369999999999997,8.0,1,48.51,6.0,1,1.0835,1.8821
1223,대조,0,10.0,11.0,241.84,127.0,3.0,0,10.0,143.78,54.0,1,0,0,416.7,161.0,1,654.53,13.0,1,416.7,161.0,1,635.51,12.0,1,8.6812,13.636
1224,처치,1,18.0,24.0,546.9,319.0,29.0,0,21.0,307.22,140.0,1,0,0,41.84,19.0,1,67.57,5.0,1,28.47,13.0,1,35.92,4.0,1,0.8717,1.4077
1227,대조,0,32.0,36.0,1493.48,37931.0,3.0,0,31.0,898.49,326.0,1,0,0,258.76,138.0,1,458.56,12.0,1,204.06,115.0,1,355.82,8.0,1,5.3908,9.5533
1228,처치,1,124.0,199.0,4295.36,269501.0,1.0,0,146.0,1926.0,670.0,1,1,2,343.45,125.0,1,966.8000000000001,56.0,1,257.3,90.0,1,622.9,39.0,1,7.1552,20.1417
1233,대조,0,8.0,9.0,449.07,40726.0,53.0,0,2.0,254.36,95.0,1,0,1,56.07,22.0,1,100.08,2.0,1,56.07,22.0,1,100.08,2.0,1,1.1681,2.085
1237,대조,0,6.0,6.0,314.33,146.0,4.0,0,6.0,189.92000000000002,78.0,1,0,1,31.53,15.0,1,72.09,1.0,1,31.53,15.0,1,72.09,1.0,1,0.6569,1.5019
1239,처치,1,7.0,7.0,584.12,330.0,23.0,0,6.0,337.57,164.0,1,0,1,64.22,28.0,1,133.1,1.0,1,64.22,28.0,1,133.1,1.0,1,1.3379,2.7729
1246,대조,0,17.0,18.0,936.75,308.0,6.0,0,18.0,308.72,111.0,1,0,3,104.07000000000001,30.0,1,170.94,4.0,1,104.07000000000001,30.0,1,170.94,4.0,1,2.1681,3.5612
1247,처치,1,40.0,44.0,2553.71,21108.0,2.0,0,37.0,1490.1200000000001,723.0,1,2,3,310.73,139.0,1,487.67,8.0,1,209.38,91.0,1,331.01,5.0,1,6.4735,10.1598
1251,대조,0,10.0,12.0,108.18,33.0,4.0,0,5.0,19.93,10.0,1,0,1,0.99,1.0,1,2.3200000000000003,2.0,1,0.99,1.0,1,2.3200000000000003,2.0,1,0.0206,0.0483
1256,처치,1,47.0,51.0,1171.7,43958.0,7.0,0,43.0,584.61,205.0,1,1,6,182.51,56.0,1,343.53000000000003,10.0,1,105.51,30.0,1,200.13,6.0,1,3.8023,7.1569
1257,대조,0,9.0,9.0,469.67,242.0,4.0,0,9.0,267.73,142.0,1,0,0,179.09,83.0,1,341.75,7.0,1,133.15,57.0,1,279.66,6.0,1,3.731,7.1198
1258,대조,0,79.0,85.0,1256.11,21555.0,3.0,0,63.0,532.34,214.0,1,0,5,221.63,83.0,1,382.85,21.0,1,162.39,58.0,1,287.85,16.0,1,4.6173,7.976
1259,대조,0,10.0,12.0,338.34,208.0,13.0,0,11.0,165.25,87.0,1,0,1,57.62,35.0,1,102.71,3.0,1,43.11,27.0,1,79.45,2.0,1,1.2004,2.1398
1260,처치,1,35.0,36.0,2843.01,1160.0,1.0,0,36.0,1728.6000000000001,675.0,1,0,1,362.0,139.0,1,721.0500000000001,11.0,1,258.79,96.0,1,538.82,8.0,1,7.5417,15.0219
1261,처치,1,54.0,70.0,1261.47,29604.0,1.0,0,42.0,623.93,377.0,1,0,1,168.67000000000002,111.0,1,360.46,36.0,1,120.2,87.0,1,269.82,25.0,1,3.514,7.5096
1263,처치,1,35.0,42.0,2202.4,841.0,3.0,0,39.0,1065.66,415.0,1,0,3,134.89000000000001,42.0,1,200.54,7.0,1,53.16,18.0,1,97.09,4.0,1,2.8102,4.1779
1264,처치,1,50.0,58.0,2557.42,39928.0,7.0,0,42.0,1062.31,359.0,1,0,4,82.68,55.0,1,255.31,8.0,1,40.36,24.0,1,209.55,6.0,1,1.7225,5.319
1265,대조,0,19.0,22.0,614.54,340.0,2.0,0,22.0,341.32,202.0,1,0,0,53.81,41.0,1,81.81,8.0,1,16.3,13.0,1,24.07,4.0,1,1.121,1.7044
1266,처치,1,35.0,37.0,516.01,278.0,7.0,0,16.0,296.1,148.0,1,0,3,42.84,31.0,1,59.230000000000004,9.0,1,41.08,29.0,1,56.47,7.0,1,0.8925,1.234
1269,처치,1,35.0,43.0,967.71,457.0,3.0,0,35.0,553.22,239.0,1,0,1,95.5,63.0,1,143.12,6.0,1,52.78,32.0,1,80.41,3.0,1,1.9896,2.9817
1270,대조,0,19.0,25.0,956.65,344.0,12.0,0,22.0,646.9,216.0,1,0,2,154.62,54.0,1,310.87,7.0,1,97.94,33.0,1,182.1,3.0,1,3.2212,6.4765
1271,처치,1,40.0,43.0,1330.09,691.0,9.0,0,42.0,853.01,380.0,1,0,2,277.87,102.0,1,420.62,13.0,1,159.89,52.0,1,216.79,9.0,1,5.789,8.7629
1277,처치,1,74.0,89.0,1828.05,8020.0,5.0,0,75.0,875.24,403.0,1,0,2,56.89,25.0,1,127.48,11.0,1,6.25,14.0,1,29.919999999999998,4.0,1,1.1852,2.6558
1279,처치,1,57.0,74.0,1631.1200000000001,13042.0,15.0,0,65.0,958.61,464.0,1,0,2,277.48,150.0,1,547.32,18.0,1,161.16,90.0,1,360.98,11.0,1,5.7808,11.4025
1285,대조,0,41.0,45.0,1412.78,931.0,2.0,0,44.0,919.87,654.0,1,1,1,221.32,139.0,1,359.98,9.0,1,146.62,96.0,1,230.39000000000001,6.0,1,4.6108,7.4996
1287,처치,1,25.0,39.0,757.6800000000001,445.0,4.0,0,38.0,369.68,223.0,1,2,3,59.5,47.0,1,123.66,10.0,1,28.580000000000002,25.0,1,60.75,7.0,1,1.2396,2.5762
1288,대조,0,11.0,11.0,741.4,298.0,4.0,0,11.0,385.02,137.0,1,0,1,24.42,13.0,1,68.35,1.0,1,24.42,13.0,1,68.35,1.0,1,0.5088,1.424
1291,처치,1,35.0,35.0,1224.32,670.0,5.0,0,31.0,675.28,364.0,1,0,1,117.95,64.0,1,243.76,8.0,1,42.59,20.0,1,73.88,4.0,1,2.4573,5.0783
1292,대조,0,3.0,3.0,65.58,30.0,49.0,0,3.0,59.85,26.0,1,0,1,106.12,22.0,1,125.19,1.0,1,106.12,22.0,1,125.19,1.0,1,2.2108,2.6081
1293,처치,1,52.0,58.0,1094.83,757.0,5.0,0,53.0,582.2,332.0,1,0,0,170.72,98.0,1,300.37,17.0,1,107.09,64.0,1,181.64000000000001,12.0,1,3.5567,6.2577
1294,처치,1,17.0,17.0,1812.01,806.0,2.0,0,17.0,977.59,436.0,1,0,1,240.18,98.0,1,376.96,3.0,1,240.18,98.0,1,376.96,3.0,1,5.0038,7.8533
1297,처치,1,43.0,45.0,650.85,28432.0,1.0,0,39.0,407.25,176.0,1,0,3,132.37,43.0,1,166.42,12.0,1,89.46,29.0,1,115.28999999999999,7.0,1,2.7577,3.4671
1299,처치,1,44.0,63.0,1962.28,119678.0,5.0,0,42.0,906.46,404.0,1,6,5,204.57,100.0,1,380.72,13.0,1,75.17,35.0,1,164.13,6.0,1,4.2619,7.9317
1300,대조,0,14.0,17.0,441.83,41336.0,4.0,0,11.0,201.49,94.0,1,0,1,252.18,112.0,1,411.78,9.0,1,252.18,112.0,1,386.03,8.0,1,5.2538,8.5788
1301,처치,1,30.0,33.0,437.68,167.0,18.0,0,13.0,142.15,76.0,1,0,3,34.78,23.0,1,77.52,1.0,1,34.78,23.0,1,77.52,1.0,1,0.7246,1.615
1303,대조,0,58.0,70.0,1798.08,113320.0,4.0,0,31.0,676.51,236.0,1,0,2,172.49,59.0,1,447.01,18.0,1,111.17,39.0,1,323.05,13.0,1,3.5935,9.3127
1304,대조,0,27.0,27.0,260.89,144.0,24.0,0,24.0,156.18,90.0,1,0,0,39.12,15.0,1,81.57,8.0,1,27.07,11.0,1,69.52,7.0,1,0.815,1.6994
1307,처치,1,38.0,45.0,621.48,11785.0,20.0,0,28.0,241.3,102.0,1,0,1,91.41,48.0,1,255.04,24.0,1,81.01,43.0,1,209.84,15.0,1,1.9044,5.3133
1318,처치,1,26.0,27.0,1924.53,48428.0,2.0,0,21.0,1123.86,403.0,1,1,1,173.31,54.0,1,298.61,6.0,1,52.63,18.0,1,93.09,3.0,1,3.6106,6.221
1319,대조,0,13.0,13.0,218.73,129.0,5.0,0,12.0,131.39000000000001,72.0,1,0,1,1.0,1.0,1,7.55,1.0,1,1.0,1.0,1,7.55,1.0,1,0.0208,0.1573
1325,대조,0,18.0,19.0,835.5,307.0,3.0,0,18.0,464.95,175.0,1,0,1,172.31,56.0,1,291.5,7.0,1,98.21000000000001,25.0,1,175.31,4.0,1,3.5898,6.0729
1330,대조,0,25.0,27.0,694.67,15427.0,2.0,0,23.0,286.06,165.0,1,0,1,34.95,25.0,1,115.86,5.0,1,22.48,11.0,1,84.99000000000001,3.0,1,0.7281,2.4138
1331,처치,1,25.0,28.0,476.56,218.0,39.0,0,21.0,174.89000000000001,84.0,1,0,2,4.99,2.0,1,14.17,2.0,1,0.0,0.0,0,0.0,0.0,0,0.104,0.2952
1333,대조,0,48.0,50.0,2570.99,911.0,4.0,0,47.0,1636.17,552.0,1,0,0,349.54,152.0,1,778.21,11.0,1,259.14,103.0,1,568.45,7.0,1,7.2821,16.2127
1336,처치,1,31.0,31.0,1708.06,877.0,1.0,0,28.0,931.11,481.0,1,0,4,344.05,150.0,1,519.78,8.0,1,249.51,112.0,1,373.18,6.0,1,7.1677,10.8288
1345,대조,0,12.0,13.0,286.7,122.0,9.0,0,11.0,127.1,47.0,1,0,1,0.0,0.0,0,19.43,1.0,1,0.0,0.0,0,19.43,1.0,1,0.0,0.4048
1347,대조,0,24.0,32.0,894.23,28106.0,5.0,0,21.0,448.28,143.0,1,0,0,126.63,61.0,1,327.51,13.0,1,126.63,61.0,1,327.51,13.0,1,2.6381,6.8231
1349,대조,0,59.0,63.0,1861.38,22591.0,3.0,0,54.0,1017.39,476.0,1,0,1,210.11,90.0,1,418.47,16.0,1,144.12,62.0,1,275.95,11.0,1,4.3773,8.7181
1350,처치,1,22.0,30.0,495.61,5738.0,1.0,0,24.0,296.3,128.0,1,0,2,16.6,9.0,1,23.65,3.0,1,16.6,9.0,1,23.65,3.0,1,0.3458,0.4927
1351,처치,1,18.0,22.0,87.54,79.0,36.0,0,16.0,48.35,48.0,1,0,1,6.5,4.0,1,15.190000000000001,4.0,1,5.0,3.0,1,10.190000000000001,3.0,1,0.1354,0.3165
1352,처치,1,37.0,44.0,1717.43,188200.0,1.0,0,25.0,617.9,297.0,1,0,2,163.23,84.0,1,343.55,11.0,1,111.96000000000001,59.0,1,218.70000000000002,8.0,1,3.4006,7.1573
1354,대조,0,27.0,30.0,751.82,27866.0,1.0,0,25.0,384.12,165.0,1,0,0,141.39,43.0,1,224.7,9.0,1,73.96,21.0,1,122.46,5.0,1,2.9456,4.6812
1356,처치,1,33.0,35.0,893.61,419.0,6.0,0,20.0,544.61,273.0,1,1,1,16.97,9.0,1,58.5,4.0,1,2.29,1.0,1,21.450000000000003,3.0,1,0.3535,1.2188
1357,처치,1,26.0,29.0,1224.44,41654.0,4.0,0,23.0,745.4499999999999,491.0,1,1,2,170.39000000000001,85.0,1,346.2,6.0,1,170.39000000000001,85.0,1,292.75,4.0,1,3.5498,7.2125
1363,대조,0,23.0,27.0,1613.19,642.0,5.0,0,21.0,863.42,300.0,1,0,0,324.47,111.0,1,623.62,8.0,1,137.89000000000001,51.0,1,335.97,6.0,1,6.7598,12.9921
1364,처치,1,38.0,38.0,505.76,209.0,3.0,0,32.0,258.38,116.0,1,1,2,148.87,64.0,1,267.4,13.0,1,73.09,32.0,1,125.89,7.0,1,3.1015,5.5708
1366,처치,1,55.0,66.0,912.46,13021.0,6.0,0,58.0,490.83,235.0,1,0,3,296.76,130.0,1,608.34,23.0,1,176.79,73.0,1,405.27,14.0,1,6.1825,12.6738
1369,처치,1,20.0,21.0,499.91,171.0,15.0,0,20.0,222.04,86.0,1,0,1,113.43,49.0,1,279.86,11.0,1,88.11,38.0,1,213.43,7.0,1,2.3631,5.8304
1375,처치,1,42.0,52.0,1876.68,13018.0,1.0,0,46.0,1092.47,411.0,1,0,2,97.98,56.0,1,120.93,5.0,1,55.52,44.0,1,59.69,2.0,1,2.0413,2.5194
1376,처치,1,64.0,84.0,3915.57,472986.0,2.0,0,45.0,1234.46,627.0,1,0,0,284.2,127.0,1,638.36,11.0,1,173.87,79.0,1,383.98,6.0,1,5.9208,13.2992
1378,처치,1,39.0,40.0,2331.86,973.0,2.0,0,40.0,1672.06,688.0,1,0,7,294.23,124.0,1,417.93,5.0,1,199.35,82.0,1,269.3,3.0,1,6.1298,8.7069
1382,처치,1,36.0,39.0,863.94,304.0,2.0,0,33.0,450.01,142.0,1,0,3,72.47,20.0,1,152.07999999999998,8.0,1,55.14,17.0,1,133.25,7.0,1,1.5098,3.1683
1383,처치,1,31.0,34.0,252.87,100.0,4.0,0,17.0,135.08,36.0,1,0,2,55.87,11.0,1,94.31,11.0,1,33.11,7.0,1,49.269999999999996,7.0,1,1.164,1.9648
1387,대조,0,22.0,25.0,616.13,261.0,9.0,0,24.0,325.44,102.0,1,0,1,42.230000000000004,14.0,1,95.79,4.0,1,25.31,9.0,1,55.65,3.0,1,0.8798,1.9956
1388,처치,1,37.0,37.0,2021.6100000000001,79738.0,2.0,0,27.0,889.3000000000001,327.0,1,0,4,157.6,38.0,1,338.7,5.0,1,131.57,25.0,1,266.79,4.0,1,3.2833,7.0562
1389,처치,1,7.0,7.0,470.61,199.0,61.0,0,6.0,220.83,88.0,1,0,0,171.18,45.0,1,363.94,6.0,1,111.78,30.0,1,232.56,4.0,1,3.5662,7.5821
1391,처치,1,42.0,43.0,2298.62,200663.0,6.0,0,26.0,1112.27,445.0,1,0,4,286.17,146.0,1,597.98,13.0,1,197.1,98.0,1,434.23,10.0,1,5.9619,12.4579
1392,처치,1,39.0,45.0,901.96,29510.0,1.0,0,40.0,415.78,193.0,1,0,2,0.0,0.0,0,0.0,0.0,0,0.0,0.0,0,0.0,0.0,0,0.0,0.0
1393,처치,1,57.0,60.0,1469.14,616.0,2.0,0,56.0,956.37,410.0,1,0,4,301.25,112.0,1,496.94,15.0,1,185.24,69.0,1,316.56,8.0,1,6.276,10.3529
1394,처치,1,49.0,51.0,1281.14,556.0,1.0,0,48.0,650.99,334.0,1,1,3,169.37,78.0,1,377.76,9.0,1,97.10000000000001,43.0,1,223.82,5.0,1,3.5285,7.87
1396,처치,1,73.0,83.0,2217.38,43995.0,1.0,0,71.0,1143.81,577.0,1,1,1,281.34,152.0,1,734.58,23.0,1,181.98,98.0,1,463.4,13.0,1,5.8612,15.3038
1402,처치,1,61.0,64.0,912.05,45740.0,3.0,0,51.0,405.82,198.0,1,0,0,28.13,17.0,1,54.32,12.0,1,21.55,13.0,1,35.75,9.0,1,0.586,1.1317
1403,처치,1,43.0,47.0,1653.58,232943.0,5.0,0,13.0,521.0600000000001,151.0,1,0,1,0.0,0.0,0,75.76,4.0,1,0.0,0.0,0,20.0,1.0,1,0.0,1.5783
1405,대조,0,11.0,12.0,589.96,231.0,7.0,0,9.0,308.05,108.0,1,0,2,75.41,8.0,1,81.5,3.0,1,17.57,3.0,1,20.75,2.0,1,1.571,1.6979
1408,대조,0,26.0,27.0,538.19,296.0,2.0,0,22.0,258.97,169.0,1,0,0,35.63,15.0,1,134.77,9.0,1,27.96,12.0,1,92.17,6.0,1,0.7423,2.8077
1409,처치,1,30.0,31.0,1613.75,598.0,1.0,0,28.0,719.21,207.0,1,0,1,304.73,76.0,1,561.54,10.0,1,257.77,60.0,1,469.45,7.0,1,6.3485,11.6987
1412,처치,1,26.0,28.0,1594.76,691.0,1.0,0,25.0,649.17,260.0,1,0,2,246.29,84.0,1,489.58,8.0,1,147.79,49.0,1,299.77,5.0,1,5.131,10.1996
1417,대조,0,19.0,30.0,1939.95,128962.0,7.0,0,19.0,901.26,624.0,1,0,0,83.88,55.0,1,221.44,4.0,1,46.65,22.0,1,168.82,2.0,1,1.7475,4.6133
1418,처치,1,20.0,20.0,877.73,251.0,8.0,0,19.0,510.78,133.0,1,0,1,65.97,3.0,1,82.69999999999999,2.0,1,65.97,3.0,1,82.69999999999999,2.0,1,1.3744,1.7229
1419,대조,0,107.0,158.0,2502.58,54000.0,1.0,0,94.0,1261.17,503.0,1,0,0,209.88,106.0,1,444.51,30.0,1,115.88,60.0,1,254.03,17.0,1,4.3725,9.2606
1421,처치,1,55.0,64.0,1787.3700000000001,235659.0,6.0,0,49.0,629.66,351.0,1,3,4,198.16,105.0,1,470.15000000000003,22.0,1,156.66,89.0,1,397.88,17.0,1,4.1283,9.7948
1423,처치,1,40.0,48.0,555.29,3812.0,7.0,0,32.0,312.7,236.0,1,0,1,195.26,100.0,1,253.17,12.0,1,116.25,69.0,1,140.83,7.0,1,4.0679,5.2744
1424,대조,0,15.0,15.0,171.03,91.0,11.0,0,14.0,107.99,52.0,1,0,1,19.36,7.0,1,37.68,5.0,1,13.32,5.0,1,28.37,4.0,1,0.4033,0.785
1425,처치,1,27.0,36.0,1205.58,560.0,2.0,0,28.0,537.6800000000001,248.0,1,0,2,129.8,72.0,1,344.36,13.0,1,58.58,30.0,1,195.17000000000002,9.0,1,2.7042,7.1742
1426,대조,0,5.0,5.0,248.97,110.0,15.0,0,5.0,135.95,59.0,1,0,2,74.44,22.0,1,118.44,3.0,1,34.39,13.0,1,57.14,1.0,1,1.5508,2.4675
1428,대조,0,49.0,64.0,2114.23,131752.0,5.0,0,40.0,872.13,431.0,1,0,0,90.6,40.0,1,284.84,15.0,1,65.33,29.0,1,238.16,11.0,1,1.8875,5.9342
1429,대조,0,24.0,24.0,233.27,152.0,7.0,0,18.0,126.44,96.0,1,1,1,39.49,25.0,1,49.230000000000004,6.0,1,24.990000000000002,14.0,1,32.47,3.0,1,0.8227,1.0256
1431,처치,1,37.0,40.0,688.84,260.0,3.0,0,27.0,266.03000000000003,89.0,1,0,1,73.34,23.0,1,268.91,20.0,1,37.46,10.0,1,135.47,11.0,1,1.5279,5.6023
1434,처치,1,69.0,83.0,1614.63,772.0,1.0,0,74.0,959.4300000000001,420.0,1,0,2,155.3,80.0,1,251.24,15.0,1,70.95,40.0,1,136.39,7.0,1,3.2354,5.2342
1438,대조,0,11.0,12.0,795.63,277.0,13.0,0,12.0,472.1,175.0,1,0,1,77.78,25.0,1,127.88,4.0,1,43.39,10.0,1,81.45,2.0,1,1.6204,2.6642
1440,대조,0,28.0,29.0,631.61,49523.0,2.0,0,20.0,244.14,115.0,1,0,0,129.9,45.0,1,332.53,15.0,1,114.63,42.0,1,223.45,5.0,1,2.7063,6.9277
1443,대조,0,32.0,36.0,455.7,144.0,5.0,0,30.0,176.01,59.0,1,0,1,2.0,1.0,1,2.0,1.0,1,2.0,1.0,1,2.0,1.0,1,0.0417,0.0417
1447,대조,0,12.0,15.0,260.51,58.0,10.0,0,11.0,188.58,33.0,1,0,0,38.620000000000005,46.0,1,40.9,2.0,1,24.44,24.0,1,24.44,1.0,1,0.8046,0.8521
1448,대조,0,57.0,63.0,1313.77,4147.0,11.0,0,35.0,438.47,161.0,1,0,0,38.99,9.0,1,105.92999999999999,5.0,1,38.99,9.0,1,105.92999999999999,5.0,1,0.8123,2.2069
1452,처치,1,96.0,125.0,631.73,12979.0,3.0,0,66.0,324.28000000000003,352.0,1,0,4,62.32,60.0,1,130.75,23.0,1,27.03,27.0,1,56.230000000000004,12.0,1,1.2983,2.724
1454,처치,1,66.0,78.0,2492.25,133450.0,3.0,0,60.0,1123.17,544.0,1,0,1,227.52,115.0,1,513.34,17.0,1,122.7,71.0,1,323.17,13.0,1,4.74,10.6946
1456,처치,1,24.0,25.0,631.15,257.0,3.0,0,21.0,287.4,112.0,1,0,0,28.28,11.0,1,48.24,3.0,1,22.79,10.0,1,42.75,2.0,1,0.5892,1.005
1458,처치,1,30.0,33.0,809.07,10256.0,1.0,0,22.0,452.57,205.0,1,0,1,115.21000000000001,63.0,1,257.83,11.0,1,58.3,31.0,1,184.65,8.0,1,2.4002,5.3715
1460,대조,0,18.0,19.0,1008.48,17984.0,6.0,0,15.0,515.41,185.0,1,0,1,17.83,5.0,1,44.97,3.0,1,17.83,5.0,1,44.97,3.0,1,0.3715,0.9369
1461,처치,1,64.0,78.0,2084.84,133510.0,3.0,0,57.0,1308.08,607.0,1,0,2,216.75,102.0,1,379.66,17.0,1,149.23,71.0,1,248.95,12.0,1,4.5156,7.9096
1463,처치,1,38.0,42.0,1133.04,159030.0,1.0,0,22.0,330.11,174.0,1,1,3,47.15,41.0,1,105.83,6.0,1,19.15,13.0,1,44.37,2.0,1,0.9823,2.2048
1464,대조,0,22.0,25.0,760.96,4678.0,12.0,0,23.0,542.16,280.0,1,0,1,161.3,60.0,1,273.52,6.0,1,120.19,39.0,1,208.09,3.0,1,3.3604,5.6983
1467,처치,1,154.0,390.0,1002.46,21607.0,1.0,0,103.0,263.79,159.0,1,0,0,40.38,28.0,1,237.49,86.0,1,26.62,21.0,1,172.87,55.0,1,0.8412,4.9477
1468,대조,0,18.0,19.0,1121.96,23092.0,4.0,0,16.0,647.9300000000001,263.0,1,0,1,191.32,70.0,1,504.49,12.0,1,135.85,48.0,1,305.39,6.0,1,3.9858,10.5102
1474,대조,0,22.0,24.0,775.85,311.0,7.0,0,22.0,418.19,143.0,1,0,0,238.68,107.0,1,562.81,14.0,1,157.33,66.0,1,365.08,8.0,1,4.9725,11.7252
1476,처치,1,81.0,116.0,3053.0,411222.0,1.0,0,68.0,790.21,297.0,1,0,4,125.54,38.0,1,541.94,20.0,1,125.54,38.0,1,513.32,19.0,1,2.6154,11.2904
1479,대조,0,122.0,234.0,2730.02,32796.0,2.0,0,141.0,1123.49,454.0,1,0,0,386.33,164.0,1,880.34,70.0,1,207.8,93.0,1,529.75,43.0,1,8.0485,18.3404
1483,처치,1,31.0,36.0,1428.56,47590.0,1.0,0,20.0,728.37,306.0,1,0,2,49.88,26.0,1,112.17,6.0,1,6.99,1.0,1,35.58,3.0,1,1.0392,2.3369
1484,대조,0,38.0,41.0,1017.21,517.0,1.0,0,37.0,513.48,278.0,1,0,0,127.19,44.0,1,223.37,8.0,1,63.25,21.0,1,119.84,5.0,1,2.6498,4.6535
1485,처치,1,14.0,15.0,387.01,109.0,7.0,0,11.0,103.33,35.0,1,0,2,128.07,32.0,1,310.03,5.0,1,122.07,29.0,1,216.91,3.0,1,2.6681,6.459
1488,처치,1,26.0,27.0,926.65,15238.0,2.0,0,21.0,436.62,229.0,1,0,1,183.56,89.0,1,404.86,6.0,1,169.46,83.0,1,339.09000000000003,4.0,1,3.8242,8.4346
1490,처치,1,54.0,61.0,1353.22,86369.0,1.0,0,51.0,737.12,234.0,1,0,3,199.72,65.0,1,378.3,18.0,1,103.48,34.0,1,174.48,10.0,1,4.1608,7.8812
1491,처치,1,83.0,90.0,1708.33,864.0,10.0,0,83.0,1019.87,542.0,1,0,3,249.31,107.0,1,383.16,18.0,1,146.91,61.0,1,223.25,11.0,1,5.194,7.9825
1492,처치,1,29.0,30.0,403.33,201.0,4.0,0,29.0,290.87,133.0,1,0,2,37.09,22.0,1,65.32000000000001,5.0,1,9.0,10.0,1,25.48,2.0,1,0.7727,1.3608
1493,대조,0,5.0,5.0,111.37,60.0,53.0,0,5.0,66.32,35.0,1,0,1,8.32,3.0,1,45.61,2.0,1,8.32,3.0,1,43.63,1.0,1,0.1733,0.9502
1495,대조,0,46.0,47.0,565.3,416.0,2.0,0,43.0,303.95,170.0,1,0,0,77.21,35.0,1,119.65,13.0,1,45.699999999999996,19.0,1,68.84,8.0,1,1.6085,2.4927
1499,대조,0,30.0,31.0,762.64,14120.0,9.0,0,28.0,447.15,167.0,1,0,1,128.37,47.0,1,179.06,6.0,1,84.85,30.0,1,103.02,4.0,1,2.6744,3.7304
1501,처치,1,52.0,59.0,2455.42,267349.0,5.0,0,39.0,867.84,411.0,1,0,1,229.35,101.0,1,754.33,22.0,1,151.75,65.0,1,505.47,15.0,1,4.7781,15.7152
1502,대조,0,11.0,11.0,249.97,82.0,11.0,0,7.0,62.28,25.0,1,0,4,59.99,1.0,1,59.99,1.0,1,59.99,1.0,1,59.99,1.0,1,1.2498,1.2498
1505,처치,1,23.0,24.0,1097.96,451.0,3.0,0,22.0,532.26,210.0,1,0,1,134.57,77.0,1,329.38,8.0,1,80.76,49.0,1,199.9,5.0,1,2.8035,6.8621
1506,처치,1,38.0,46.0,797.45,464.0,1.0,0,36.0,482.63,238.0,1,0,0,110.25,60.0,1,145.59,11.0,1,69.0,37.0,1,87.38,7.0,1,2.2969,3.0331
1508,처치,1,17.0,17.0,421.75,16174.0,3.0,0,15.0,292.55,135.0,1,0,1,79.85000000000001,31.0,1,113.65,7.0,1,74.85000000000001,26.0,1,80.02,4.0,1,1.6635,2.3677
1509,처치,1,59.0,68.0,2092.76,182436.0,10.0,0,43.0,743.12,231.0,1,0,0,150.68,40.0,1,525.68,15.0,1,108.12,28.0,1,254.24,7.0,1,3.1392,10.9517
1511,처치,1,43.0,52.0,1264.5,646.0,2.0,0,42.0,718.72,339.0,1,0,1,254.95,109.0,1,424.78000000000003,14.0,1,177.54,70.0,1,312.85,9.0,1,5.3115,8.8496
1512,대조,0,21.0,24.0,520.22,50785.0,5.0,0,12.0,217.31,114.0,1,0,1,0.0,0.0,0,28.66,2.0,1,0.0,0.0,0,6.66,1.0,1,0.0,0.5971
1518,대조,0,9.0,11.0,203.68,103.0,29.0,0,8.0,120.34,42.0,1,0,1,114.29,27.0,1,118.43,1.0,1,114.29,27.0,1,118.43,1.0,1,2.381,2.4673
1520,처치,1,41.0,43.0,1340.73,295514.0,3.0,0,23.0,294.8,211.0,1,0,1,110.87,72.0,1,300.33,10.0,1,74.34,41.0,1,248.05,7.0,1,2.3098,6.2569
1524,대조,0,21.0,22.0,987.6700000000001,72134.0,5.0,0,13.0,455.38,195.0,1,0,1,108.36,48.0,1,265.64,5.0,1,66.44,33.0,1,162.43,3.0,1,2.2575,5.5342
1526,처치,1,61.0,63.0,954.99,498.0,19.0,0,58.0,461.9,228.0,1,0,1,81.77,38.0,1,186.05,15.0,1,31.32,15.0,1,82.48,5.0,1,1.7035,3.876
1530,대조,0,14.0,14.0,308.37,114.0,34.0,0,14.0,209.84,83.0,1,0,1,0.0,0.0,0,38.68,1.0,1,0.0,0.0,0,0.0,0.0,0,0.0,0.8058
1532,대조,0,2.0,2.0,77.79,14.0,43.0,0,0.0,0.0,0.0,0,0,1,0.44,1.0,1,44.78,2.0,1,0.44,1.0,1,44.78,2.0,1,0.0092,0.9329
1535,처치,1,76.0,115.0,3372.0,39145.0,1.0,0,95.0,1929.88,661.0,1,0,2,390.64,138.0,1,590.02,21.0,1,358.59000000000003,124.0,1,535.97,18.0,1,8.1383,12.2921
1537,처치,1,25.0,34.0,754.6899999999999,39637.0,2.0,0,22.0,448.08,146.0,1,0,1,18.89,8.0,1,51.54,6.0,1,6.34,3.0,1,21.330000000000002,2.0,1,0.3935,1.0738
1542,처치,1,35.0,37.0,653.37,219.0,11.0,0,27.0,311.53,98.0,1,0,2,37.14,14.0,1,99.5,7.0,1,30.150000000000002,11.0,1,68.38,5.0,1,0.7738,2.0729
1544,처치,1,7.0,8.0,435.7,17421.0,9.0,0,6.0,170.91,78.0,1,0,3,37.96,24.0,1,111.49,4.0,1,7.48,3.0,1,77.93,3.0,1,0.7908,2.3227
1545,처치,1,63.0,72.0,1719.1100000000001,721.0,1.0,0,61.0,938.67,327.0,1,0,1,112.62,42.0,1,225.86,11.0,1,54.12,22.0,1,113.07000000000001,6.0,1,2.3462,4.7054
1547,처치,1,61.0,78.0,452.63,86169.0,27.0,0,20.0,71.99000000000001,32.0,1,0,0,2.5,2.0,1,112.82000000000001,16.0,1,0.0,0.0,0,0.79,1.0,1,0.0521,2.3504
1548,처치,1,11.0,11.0,215.33,108.0,9.0,0,10.0,109.92,48.0,1,0,3,23.6,12.0,1,55.2,2.0,1,23.6,12.0,1,35.18,1.0,1,0.4917,1.15
1549,처치,1,46.0,55.0,577.5600000000001,15065.0,4.0,0,47.0,374.63,226.0,1,0,3,51.269999999999996,27.0,1,108.18,9.0,1,22.22,16.0,1,56.730000000000004,4.0,1,1.0681,2.2538
1551,대조,0,0.0,0.0,0.0,0.0,200.0,1,0.0,0.0,0.0,0,0,1,0.0,0.0,0,0.0,0.0,0,0.0,0.0,0,0.0,0.0,0,0.0,0.0
1563,처치,1,28.0,36.0,933.0,4125.0,2.0,0,27.0,428.72,132.0,1,0,1,114.76,56.0,1,230.06,12.0,1,70.03,33.0,1,161.35,8.0,1,2.3908,4.7929
1566,대조,0,85.0,122.0,4014.66,149529.0,1.0,0,77.0,1780.1000000000001,658.0,1,0,0,644.57,210.0,1,1190.3500000000001,42.0,1,484.61,159.0,1,866.33,28.0,1,13.4285,24.799
1567,처치,1,39.0,46.0,559.46,356.0,1.0,0,37.0,318.48,164.0,1,0,1,145.32,100.0,1,264.87,24.0,1,95.59,71.0,1,193.61,15.0,1,3.0275,5.5181
1568,처치,1,24.0,28.0,1228.05,566.0,3.0,0,26.0,684.25,283.0,1,2,2,230.77,90.0,1,473.6,7.0,1,170.76,68.0,1,372.93,6.0,1,4.8077,9.8667
1569,대조,0,21.0,24.0,369.7,216.0,2.0,0,20.0,215.6,122.0,1,0,2,18.310000000000002,6.0,1,28.86,2.0,1,18.310000000000002,6.0,1,28.86,2.0,1,0.3815,0.6012
1572,대조,0,8.0,8.0,343.38,123.0,12.0,0,8.0,180.72,73.0,1,0,0,42.480000000000004,17.0,1,56.14,3.0,1,42.480000000000004,17.0,1,56.14,3.0,1,0.885,1.1696
1575,대조,0,22.0,23.0,807.4,478.0,14.0,0,23.0,542.84,336.0,1,0,0,125.99,73.0,1,187.62,7.0,1,120.6,66.0,1,182.23,6.0,1,2.6248,3.9088
1578,처치,1,24.0,28.0,784.98,12975.0,4.0,0,24.0,434.36,186.0,1,0,0,95.35,57.0,1,169.42,8.0,1,54.45,41.0,1,90.21,3.0,1,1.9865,3.5296
1579,처치,1,113.0,177.0,3874.64,311368.0,1.0,0,121.0,1231.61,604.0,1,0,3,329.49,167.0,1,1136.22,65.0,1,220.79,103.0,1,782.74,41.0,1,6.8644,23.6712
1580,대조,0,70.0,91.0,790.01,6389.0,2.0,0,65.0,402.8,274.0,1,0,0,57.230000000000004,43.0,1,124.33,17.0,1,51.46,40.0,1,114.31,15.0,1,1.1923,2.5902
1581,대조,0,12.0,13.0,566.65,231.0,4.0,0,13.0,293.37,124.0,1,0,0,0.0,0.0,0,3.34,1.0,1,0.0,0.0,0,0.0,0.0,0,0.0,0.0696
1582,대조,0,4.0,6.0,342.49,15644.0,7.0,0,5.0,164.29,59.0,1,0,4,52.4,22.0,1,166.95,3.0,1,44.72,18.0,1,150.9,2.0,1,1.0917,3.4781
1584,처치,1,101.0,137.0,2936.32,230670.0,2.0,0,102.0,1253.98,376.0,1,0,3,94.71000000000001,30.0,1,306.86,14.0,1,32.62,11.0,1,49.14,4.0,1,1.9731,6.3929
1585,처치,1,43.0,47.0,2275.06,138700.0,3.0,0,29.0,962.28,297.0,1,0,1,357.59,79.0,1,1102.2,18.0,1,236.25,48.0,1,711.68,13.0,1,7.4498,22.9625
1586,처치,1,21.0,24.0,704.26,236.0,3.0,0,24.0,639.15,206.0,1,0,3,61.4,17.0,1,70.67,3.0,1,33.84,13.0,1,36.129999999999995,1.0,1,1.2792,1.4723
1587,처치,1,22.0,23.0,274.45,17448.0,11.0,0,16.0,109.47,68.0,1,0,0,0.0,0.0,0,17.8,2.0,1,0.0,0.0,0,10.68,1.0,1,0.0,0.3708
1588,처치,1,71.0,80.0,1518.6100000000001,6726.0,18.0,0,58.0,808.82,346.0,1,1,2,255.05,107.0,1,428.33,15.0,1,196.87,85.0,1,313.45,8.0,1,5.3135,8.9235
1591,대조,0,31.0,34.0,1561.21,78993.0,2.0,0,23.0,732.4,382.0,1,11,2,180.52,80.0,1,369.08,9.0,1,82.22,37.0,1,196.44,5.0,1,3.7608,7.6892
1592,대조,0,15.0,15.0,756.6,40054.0,3.0,0,11.0,300.23,84.0,1,0,0,125.51,53.0,1,287.8,8.0,1,54.980000000000004,19.0,1,158.51,5.0,1,2.6148,5.9958
1593,대조,0,12.0,12.0,567.04,266.0,4.0,0,11.0,336.09000000000003,156.0,1,1,1,0.0,0.0,0,0.0,0.0,0,0.0,0.0,0,0.0,0.0,0,0.0,0.0
1594,대조,0,21.0,30.0,753.0,26576.0,4.0,0,18.0,346.0,141.0,1,0,0,125.8,52.0,1,299.31,17.0,1,97.5,39.0,1,212.34,12.0,1,2.6208,6.2356
1595,처치,1,38.0,43.0,1516.58,109293.0,3.0,0,30.0,645.1,221.0,1,0,1,70.0,23.0,1,176.51,7.0,1,25.66,13.0,1,108.01,5.0,1,1.4583,3.6773
1601,대조,0,7.0,7.0,472.79,208.0,27.0,0,7.0,226.01,121.0,1,0,2,0.0,0.0,0,0.0,0.0,0,0.0,0.0,0,0.0,0.0,0,0.0,0.0
1604,처치,1,56.0,58.0,264.7,159.0,1.0,0,24.0,60.75,42.0,1,0,1,5.890000000000001,4.0,1,56.25,14.0,1,5.890000000000001,4.0,1,39.050000000000004,9.0,1,0.1227,1.1719
1605,대조,0,25.0,25.0,191.24,109.0,8.0,0,24.0,134.15,68.0,1,0,0,0.0,0.0,0,0.0,0.0,0,0.0,0.0,0,0.0,0.0,0,0.0,0.0
1607,처치,1,37.0,40.0,1547.99,732.0,3.0,0,16.0,120.08,46.0,1,0,3,62.39,27.0,1,248.46,8.0,1,62.39,27.0,1,215.14,6.0,1,1.2998,5.1763
1615,대조,0,13.0,14.0,236.53,118.0,5.0,0,13.0,90.68,49.0,1,0,1,3.5,3.0,1,15.02,3.0,1,3.5,3.0,1,15.02,3.0,1,0.0729,0.3129
1618,처치,1,32.0,36.0,1628.73,127426.0,2.0,0,26.0,736.0,307.0,1,1,2,109.65,33.0,1,236.38,7.0,1,57.96,17.0,1,150.78,5.0,1,2.2844,4.9246
1619,처치,1,54.0,59.0,1532.3600000000001,127741.0,1.0,0,42.0,755.52,260.0,1,0,1,158.67000000000002,58.0,1,444.42,20.0,1,67.93,26.0,1,249.77,12.0,1,3.3056,9.2588
1621,대조,0,18.0,21.0,914.11,412.0,3.0,0,19.0,484.31,235.0,1,0,1,71.46000000000001,27.0,1,96.12,4.0,1,71.46000000000001,27.0,1,86.63,3.0,1,1.4888,2.0025
1622,대조,0,28.0,31.0,939.6,36104.0,4.0,0,24.0,475.69,228.0,1,0,3,150.76,66.0,1,378.43,9.0,1,88.39,37.0,1,242.4,6.0,1,3.1408,7.884
1624,대조,0,20.0,24.0,619.29,246.0,2.0,0,15.0,370.66,156.0,1,0,0,243.5,104.0,1,432.38,14.0,1,145.13,73.0,1,275.78,9.0,1,5.0729,9.0079
1627,대조,0,28.0,32.0,1090.4,100620.0,5.0,0,21.0,431.15,192.0,1,0,0,101.75,55.0,1,427.2,13.0,1,41.68,25.0,1,236.13,7.0,1,2.1198,8.9
1630,처치,1,52.0,53.0,2896.4700000000003,955.0,2.0,0,50.0,1590.36,545.0,1,1,1,325.09,110.0,1,653.75,14.0,1,197.12,63.0,1,382.5,8.0,1,6.7727,13.6198
1632,대조,0,19.0,20.0,787.03,43251.0,4.0,0,15.0,354.87,201.0,1,0,0,74.42,58.0,1,104.2,4.0,1,49.85,38.0,1,73.33,2.0,1,1.5504,2.1708
1639,처치,1,27.0,35.0,791.65,435.0,9.0,0,30.0,401.93,204.0,1,0,2,58.68,32.0,1,98.47,4.0,1,2.88,3.0,1,5.17,1.0,1,1.2225,2.0515
1640,처치,1,46.0,64.0,1872.67,169780.0,3.0,0,32.0,629.06,223.0,1,0,3,0.0,0.0,0,0.0,0.0,0,0.0,0.0,0,0.0,0.0,0,0.0,0.0
1642,처치,1,34.0,35.0,515.07,359.0,6.0,0,35.0,411.44,264.0,1,2,4,110.79,60.0,1,132.94,9.0,1,72.48,37.0,1,80.67,6.0,1,2.3081,2.7696
1646,처치,1,18.0,18.0,182.21,29.0,4.0,0,5.0,22.09,7.0,1,0,0,21.28,4.0,1,22.53,2.0,1,0.0,0.0,0,0.0,0.0,0,0.4433,0.4694
1651,대조,0,21.0,22.0,682.72,304.0,2.0,0,22.0,452.7,181.0,1,0,0,113.56,22.0,1,135.36,5.0,1,26.19,7.0,1,40.03,3.0,1,2.3658,2.82
1659,처치,1,47.0,51.0,944.7,625.0,1.0,0,48.0,525.3100000000001,366.0,1,0,1,215.79,100.0,1,361.18,14.0,1,190.33,83.0,1,317.48,11.0,1,4.4956,7.5246
1660,처치,1,8.0,9.0,232.17,104.0,21.0,0,6.0,141.21,63.0,1,0,0,7.99,2.0,1,29.74,3.0,1,7.99,2.0,1,10.16,1.0,1,0.1665,0.6196
1663,대조,0,53.0,67.0,730.17,174115.0,1.0,0,17.0,116.42,33.0,1,0,1,17.259999999999998,6.0,1,187.9,26.0,1,7.279999999999999,4.0,1,92.32,14.0,1,0.3596,3.9146
1666,대조,0,33.0,37.0,420.13,3969.0,1.0,0,26.0,193.91,81.0,1,0,0,31.990000000000002,13.0,1,50.56,5.0,1,6.37,4.0,1,15.65,2.0,1,0.6665,1.0533
1667,대조,0,6.0,6.0,60.42,56.0,1.0,0,1.0,6.34,3.0,1,0,1,0.0,0.0,0,23.71,2.0,1,0.0,0.0,0,16.72,1.0,1,0.0,0.494
1668,대조,0,21.0,24.0,664.04,12540.0,5.0,0,17.0,309.66,102.0,1,0,2,70.46000000000001,33.0,1,195.86,8.0,1,43.13,11.0,1,112.58,4.0,1,1.4679,4.0804
1671,대조,0,8.0,8.0,283.15,140.0,7.0,0,5.0,136.26,77.0,1,0,2,105.88,53.0,1,152.52,3.0,1,105.88,53.0,1,152.52,3.0,1,2.2058,3.1775
1672,처치,1,14.0,18.0,279.27,151.0,11.0,0,12.0,114.42,41.0,1,0,1,3.99,1.0,1,61.800000000000004,3.0,1,0.0,0.0,0,35.84,1.0,1,0.0831,1.2875
1675,처치,1,39.0,41.0,2033.71,21284.0,6.0,0,31.0,938.52,411.0,1,0,6,110.6,58.0,1,295.63,10.0,1,39.72,22.0,1,148.32999999999998,6.0,1,2.3042,6.159
1676,처치,1,34.0,37.0,1606.26,59429.0,2.0,0,26.0,701.6,350.0,1,0,2,64.47,25.0,1,178.31,7.0,1,64.47,25.0,1,160.3,6.0,1,1.3431,3.7148
1678,처치,1,19.0,21.0,557.64,282.0,11.0,0,20.0,344.97,171.0,1,0,2,12.61,5.0,1,17.48,4.0,1,12.61,5.0,1,17.48,4.0,1,0.2627,0.3642
1681,처치,1,21.0,23.0,627.93,27732.0,93.0,0,20.0,289.76,129.0,1,0,1,198.81,68.0,1,319.52,8.0,1,114.19,41.0,1,205.75,4.0,1,4.1419,6.6567
1683,대조,0,25.0,25.0,477.46,175.0,7.0,0,14.0,169.18,74.0,1,0,3,0.0,0.0,0,8.07,2.0,1,0.0,0.0,0,0.0,0.0,0,0.0,0.1681
1685,처치,1,27.0,28.0,325.24,127.0,2.0,0,23.0,165.21,52.0,1,0,1,18.04,6.0,1,25.42,4.0,1,6.46,2.0,1,11.65,2.0,1,0.3758,0.5296
1686,대조,0,30.0,31.0,380.29,12344.0,5.0,0,27.0,145.99,77.0,1,0,1,38.04,30.0,1,91.82,7.0,1,33.05,28.0,1,74.82,5.0,1,0.7925,1.9129
1687,처치,1,36.0,36.0,1325.52,539.0,3.0,0,32.0,862.05,356.0,1,2,3,212.8,94.0,1,328.37,7.0,1,152.28,67.0,1,237.13,4.0,1,4.4333,6.841
1689,처치,1,37.0,40.0,1065.7,30460.0,3.0,0,30.0,528.33,168.0,1,0,0,87.24000000000001,35.0,1,373.77,10.0,1,44.96,28.0,1,250.47,5.0,1,1.8175,7.7869
1692,처치,1,41.0,47.0,764.25,557.0,5.0,0,29.0,459.44,260.0,1,0,1,40.0,21.0,1,81.56,13.0,1,22.65,13.0,1,51.3,8.0,1,0.8333,1.6992
1693,처치,1,55.0,63.0,2922.2,1381.0,1.0,0,52.0,1440.05,635.0,1,2,2,162.13,65.0,1,300.29,10.0,1,145.84,55.0,1,244.92,6.0,1,3.3777,6.256
1695,처치,1,28.0,30.0,245.02,105.0,6.0,0,12.0,80.58,53.0,1,0,0,41.89,26.0,1,70.9,10.0,1,17.64,13.0,1,39.379999999999995,5.0,1,0.8727,1.4771
1703,처치,1,62.0,84.0,1710.83,830.0,2.0,0,75.0,1066.3,393.0,1,0,0,310.24,121.0,1,455.41,28.0,1,207.86,90.0,1,305.77,18.0,1,6.4633,9.4877
1708,처치,1,13.0,13.0,953.27,486.0,3.0,0,12.0,557.9,260.0,1,3,1,83.02,39.0,1,158.57,2.0,1,21.02,10.0,1,62.08,1.0,1,1.7296,3.3035
1709,처치,1,37.0,42.0,1022.9300000000001,30747.0,3.0,0,30.0,538.03,232.0,1,0,0,117.63,60.0,1,231.22,10.0,1,70.02,41.0,1,158.67,8.0,1,2.4506,4.8171
1710,처치,1,49.0,63.0,3925.51,162440.0,2.0,0,47.0,2083.45,983.0,1,3,5,397.8,161.0,1,768.53,12.0,1,293.95,108.0,1,560.39,8.0,1,8.2875,16.011
1717,대조,0,24.0,25.0,314.47,158.0,9.0,0,25.0,226.25,106.0,1,0,0,87.19,48.0,1,156.86,7.0,1,55.08,29.0,1,104.15,5.0,1,1.8165,3.2679
1722,처치,1,73.0,105.0,3948.38,236880.0,3.0,0,63.0,1322.36,755.0,1,0,3,421.66,279.0,1,708.96,18.0,1,269.05,169.0,1,455.22,12.0,1,8.7846,14.77
1723,처치,1,24.0,27.0,1804.46,325.0,13.0,0,27.0,408.94,133.0,1,0,1,169.75,56.0,1,495.49,11.0,1,76.09,29.0,1,337.09000000000003,7.0,1,3.5365,10.3227
1726,처치,1,35.0,50.0,2194.54,179453.0,7.0,0,31.0,907.84,303.0,1,5,3,261.46,90.0,1,603.05,11.0,1,183.60999999999999,63.0,1,395.51,7.0,1,5.4471,12.5635
1729,처치,1,13.0,13.0,428.04,185.0,2.0,0,10.0,218.03,91.0,1,0,5,29.119999999999997,6.0,1,80.69,4.0,1,24.63,5.0,1,44.96,3.0,1,0.6067,1.681
1731,처치,1,16.0,16.0,516.66,321.0,33.0,0,16.0,264.47,159.0,1,0,3,0.0,0.0,0,0.0,0.0,0,0.0,0.0,0,0.0,0.0,0,0.0,0.0
1732,처치,1,23.0,24.0,922.08,465.0,16.0,0,22.0,496.45,249.0,1,0,2,213.45000000000002,105.0,1,400.26,8.0,1,131.57,73.0,1,267.75,5.0,1,4.4469,8.3387
1733,대조,0,0.0,0.0,0.0,0.0,200.0,1,0.0,0.0,0.0,0,0,2,125.92,38.0,1,212.93,3.0,1,48.64,16.0,1,82.94,1.0,1,2.6233,4.436
1735,처치,1,29.0,34.0,1100.22,26068.0,30.0,0,28.0,466.7,158.0,1,0,0,160.75,43.0,1,244.72,3.0,1,68.87,15.0,1,110.71000000000001,2.0,1,3.349,5.0983
1740,처치,1,113.0,184.0,5930.12,178572.0,1.0,0,155.0,2900.53,1301.0,1,0,1,609.6,299.0,1,1260.6100000000001,42.0,1,384.72,191.0,1,859.3,31.0,1,12.7,26.2627
1742,처치,1,103.0,106.0,837.94,408.0,1.0,0,80.0,388.13,223.0,1,0,1,77.99,40.0,1,192.62,18.0,1,63.38,27.0,1,153.93,12.0,1,1.6248,4.0129
1744,대조,0,22.0,23.0,253.96,144.0,1.0,0,21.0,203.48,119.0,1,0,0,63.989999999999995,26.0,1,75.32,6.0,1,44.22,13.0,1,47.699999999999996,3.0,1,1.3331,1.5692
1745,처치,1,53.0,55.0,992.84,536.0,5.0,0,50.0,694.61,262.0,1,0,4,86.87,37.0,1,120.73,4.0,1,86.87,37.0,1,120.73,4.0,1,1.8098,2.5152
1746,대조,0,14.0,26.0,864.92,280.0,16.0,0,25.0,573.69,166.0,1,0,1,0.0,0.0,0,0.0,0.0,0,0.0,0.0,0,0.0,0.0,0,0.0,0.0
1747,처치,1,21.0,26.0,967.36,52976.0,3.0,0,20.0,502.99,208.0,1,0,3,16.35,10.0,1,29.830000000000002,2.0,1,16.35,10.0,1,29.830000000000002,2.0,1,0.3406,0.6215
1749,처치,1,48.0,54.0,1486.61,155199.0,8.0,0,28.0,465.86,201.0,1,0,2,106.47,22.0,1,245.35999999999999,7.0,1,97.88,19.0,1,200.75,5.0,1,2.2181,5.1117
1753,처치,1,79.0,132.0,930.92,32603.0,1.0,0,53.0,371.54,153.0,1,2,2,106.7,53.0,1,273.72,56.0,1,85.19,40.0,1,204.22,31.0,1,2.2229,5.7025
1756,대조,0,10.0,12.0,624.96,30000.0,25.0,0,10.0,255.95,116.0,1,0,4,51.980000000000004,14.0,1,96.34,3.0,1,0.0,0.0,0,0.0,0.0,0,1.0829,2.0071
1758,대조,0,29.0,31.0,1042.48,435.0,2.0,0,28.0,561.88,253.0,1,0,0,90.96,48.0,1,196.47,5.0,1,79.59,40.0,1,168.04,4.0,1,1.895,4.0931
1761,대조,0,11.0,11.0,693.31,301.0,5.0,0,10.0,478.27,191.0,1,0,0,71.47,31.0,1,108.82,2.0,1,62.81,24.0,1,98.13,1.0,1,1.489,2.2671
1765,대조,0,13.0,13.0,1240.25,581.0,10.0,0,12.0,590.16,249.0,1,0,0,224.27,120.0,1,411.90000000000003,18.0,1,164.64,88.0,1,325.34000000000003,12.0,1,4.6723,8.5812
1768,처치,1,31.0,38.0,729.12,6924.0,4.0,0,24.0,480.69,237.0,1,0,0,61.36,37.0,1,62.36,3.0,1,61.36,37.0,1,62.36,3.0,1,1.2783,1.2992
1769,처치,1,39.0,49.0,2043.72,16467.0,2.0,0,42.0,1359.65,392.0,1,0,3,485.84,138.0,1,866.16,15.0,1,309.52,77.0,1,462.2,9.0,1,10.1217,18.045
1772,처치,1,24.0,27.0,651.79,298.0,2.0,0,25.0,335.39,136.0,1,0,2,67.05,33.0,1,122.63,8.0,1,43.69,25.0,1,85.71000000000001,5.0,1,1.3969,2.5548
1773,대조,0,28.0,31.0,1153.94,74791.0,6.0,0,18.0,531.5,185.0,1,4,2,123.74000000000001,29.0,1,225.69,10.0,1,57.84,17.0,1,147.24,8.0,1,2.5779,4.7019
1774,처치,1,15.0,15.0,1099.33,583.0,27.0,0,15.0,674.84,402.0,1,0,1,149.87,60.0,1,298.4,6.0,1,54.29,28.0,1,121.25,2.0,1,3.1223,6.2167
1776,처치,1,44.0,44.0,841.75,518.0,8.0,0,44.0,616.96,356.0,1,0,3,102.92,71.0,1,133.6,9.0,1,67.87,43.0,1,88.78,6.0,1,2.1442,2.7833
1777,대조,0,18.0,19.0,282.62,95.0,35.0,0,14.0,126.03,39.0,1,0,1,73.93,26.0,1,113.04,10.0,1,55.160000000000004,17.0,1,76.89,6.0,1,1.5402,2.355
1779,처치,1,31.0,34.0,1269.44,32214.0,6.0,0,27.0,682.2,404.0,1,0,3,304.42,159.0,1,527.0,14.0,1,186.81,107.0,1,326.19,11.0,1,6.3421,10.9792
1781,처치,1,30.0,31.0,1179.13,58960.0,9.0,0,21.0,519.04,192.0,1,0,1,67.54,30.0,1,150.53,8.0,1,50.14,22.0,1,85.26,6.0,1,1.4071,3.136
1783,대조,0,15.0,18.0,880.1,394.0,7.0,0,15.0,494.92,239.0,1,0,3,312.48,137.0,1,730.89,12.0,1,138.41,62.0,1,331.1,6.0,1,6.51,15.2269
1784,대조,0,11.0,11.0,511.46,205.0,32.0,0,11.0,299.24,130.0,1,0,1,77.63,32.0,1,121.84,2.0,1,11.120000000000001,3.0,1,24.5,1.0,1,1.6173,2.5383
1785,대조,0,19.0,20.0,532.1,299.0,4.0,0,19.0,318.81,196.0,1,0,0,110.82000000000001,51.0,1,210.05,8.0,1,70.42,29.0,1,127.0,5.0,1,2.3088,4.376
1788,처치,1,54.0,58.0,3318.92,146206.0,2.0,0,38.0,1462.8600000000001,589.0,1,0,3,228.84,91.0,1,592.31,15.0,1,103.62,42.0,1,310.59,10.0,1,4.7675,12.3398
1790,대조,0,14.0,14.0,809.52,386.0,7.0,0,14.0,447.55,193.0,1,0,2,56.07,21.0,1,124.93,4.0,1,16.35,6.0,1,19.84,2.0,1,1.1681,2.6027
1791,처치,1,39.0,42.0,936.86,12594.0,3.0,0,35.0,560.76,239.0,1,1,1,142.87,52.0,1,268.3,14.0,1,99.84,31.0,1,215.62,12.0,1,2.9765,5.5896
1792,대조,0,0.0,0.0,0.0,0.0,200.0,1,0.0,0.0,0.0,0,0,1,0.0,0.0,0,0.0,0.0,0,0.0,0.0,0,0.0,0.0,0,0.0,0.0
1793,대조,0,19.0,23.0,678.54,8258.0,14.0,0,18.0,487.61,332.0,1,0,0,166.64,74.0,1,204.52,3.0,1,142.22,69.0,1,178.47,2.0,1,3.4717,4.2608
1794,처치,1,23.0,24.0,1181.31,531.0,2.0,0,22.0,674.67,316.0,1,0,0,141.19,58.0,1,233.57,4.0,1,63.04,25.0,1,120.74,2.0,1,2.9415,4.866
1796,대조,0,15.0,18.0,579.62,6959.0,2.0,0,13.0,321.89,160.0,1,0,0,168.84,67.0,1,326.83,7.0,1,64.15,27.0,1,151.61,3.0,1,3.5175,6.809
1798,처치,1,13.0,14.0,812.91,386.0,4.0,0,13.0,550.8100000000001,260.0,1,0,0,101.33,52.0,1,171.62,3.0,1,45.050000000000004,29.0,1,82.54,1.0,1,2.111,3.5754
1800,대조,0,28.0,31.0,1491.34,357047.0,2.0,0,12.0,310.89,142.0,1,0,1,38.78,14.0,1,264.19,7.0,1,33.83,9.0,1,109.25,3.0,1,0.8079,5.504
1802,처치,1,15.0,15.0,1384.59,511.0,2.0,0,14.0,656.95,169.0,1,0,1,471.79,124.0,1,840.63,6.0,1,263.53000000000003,72.0,1,433.62,4.0,1,9.829,17.5131
1808,처치,1,29.0,33.0,942.92,292.0,20.0,0,27.0,481.81,140.0,1,0,2,33.49,13.0,1,49.58,3.0,1,28.5,12.0,1,36.96,1.0,1,0.6977,1.0329
1809,대조,0,17.0,17.0,470.56,284.0,4.0,0,16.0,231.22,156.0,1,0,1,64.6,31.0,1,95.64,3.0,1,54.18,23.0,1,66.0,2.0,1,1.3458,1.9925
1810,처치,1,65.0,73.0,1154.44,94297.0,1.0,0,43.0,304.65,248.0,1,0,1,51.550000000000004,50.0,1,404.56,30.0,1,25.65,30.0,1,149.21,13.0,1,1.074,8.4283
1812,대조,0,33.0,36.0,823.32,24427.0,3.0,0,25.0,256.57,103.0,1,0,1,96.48,43.0,1,222.34,11.0,1,36.81,18.0,1,94.28,6.0,1,2.01,4.6321
1814,대조,0,16.0,16.0,1094.63,358.0,36.0,0,16.0,594.28,203.0,1,0,1,194.48000000000002,71.0,1,454.65000000000003,7.0,1,116.16,49.0,1,302.87,4.0,1,4.0517,9.4719
1815,대조,0,25.0,28.0,1497.11,52161.0,18.0,0,21.0,663.04,354.0,1,0,0,196.93,116.0,1,502.04,13.0,1,74.81,56.0,1,214.82999999999998,7.0,1,4.1027,10.4592
1818,대조,0,0.0,0.0,0.0,0.0,200.0,1,0.0,0.0,0.0,0,0,1,0.0,0.0,0,4.0,1.0,1,0.0,0.0,0,0.0,0.0,0,0.0,0.0833
1822,처치,1,48.0,59.0,859.87,4274.0,1.0,0,42.0,394.05,201.0,1,0,1,100.46000000000001,49.0,1,187.18,12.0,1,60.49,30.0,1,109.96000000000001,6.0,1,2.0929,3.8996
1824,처치,1,42.0,45.0,964.46,424.0,3.0,0,36.0,506.93,184.0,1,0,1,176.6,85.0,1,270.07,15.0,1,83.99000000000001,38.0,1,137.17000000000002,9.0,1,3.6792,5.6265
1825,대조,0,15.0,17.0,588.01,28202.0,8.0,0,13.0,243.09,93.0,1,0,1,62.22,29.0,1,221.9,4.0,1,37.0,16.0,1,129.74,2.0,1,1.2962,4.6229
1826,대조,0,33.0,34.0,462.46,377.0,1.0,0,33.0,271.37,189.0,1,0,1,89.21000000000001,66.0,1,148.07,6.0,1,58.85,42.0,1,86.91,4.0,1,1.8585,3.0848
1828,처치,1,7.0,8.0,625.41,238.0,84.0,0,8.0,348.82,129.0,1,0,5,0.0,0.0,0,0.0,0.0,0,0.0,0.0,0,0.0,0.0,0,0.0,0.0
1829,처치,1,99.0,131.0,2492.09,140306.0,2.0,0,100.0,1079.96,419.0,1,0,1,175.96,71.0,1,393.13,15.0,1,156.38,60.0,1,327.32,11.0,1,3.6658,8.1902
1831,처치,1,47.0,55.0,1773.47,155396.0,2.0,0,34.0,864.99,389.0,1,1,4,197.86,92.0,1,577.49,13.0,1,111.84,52.0,1,216.81,6.0,1,4.1221,12.031
1832,대조,0,19.0,19.0,281.44,138.0,1.0,0,12.0,89.28,32.0,1,0,0,2.0,2.0,1,23.26,2.0,1,0.0,0.0,0,0.0,0.0,0,0.0417,0.4846
1834,처치,1,52.0,63.0,1661.82,69702.0,3.0,0,48.0,750.26,329.0,1,0,2,193.15,93.0,1,317.29,8.0,1,125.71,65.0,1,218.32,5.0,1,4.024,6.6102
1836,처치,1,19.0,19.0,523.87,17304.0,8.0,0,14.0,196.81,70.0,1,0,3,51.46,25.0,1,231.5,9.0,1,36.5,21.0,1,132.73000000000002,5.0,1,1.0721,4.8229
1839,대조,0,22.0,23.0,526.64,409.0,5.0,0,21.0,456.53,373.0,1,0,0,133.38,82.0,1,162.05,11.0,1,76.91,54.0,1,81.92,7.0,1,2.7788,3.376
1840,대조,0,23.0,29.0,241.73000000000002,141.0,7.0,0,16.0,165.56,95.0,1,0,0,50.92,39.0,1,74.72,6.0,1,50.92,39.0,1,74.72,6.0,1,1.0608,1.5567
1841,대조,0,9.0,9.0,645.13,285.0,4.0,0,9.0,255.91,114.0,1,0,0,115.15,36.0,1,232.76,4.0,1,77.95,22.0,1,129.21,2.0,1,2.399,4.8492
1847,대조,0,35.0,40.0,1088.66,22111.0,1.0,0,30.0,522.1,221.0,1,0,1,50.8,24.0,1,126.98,6.0,1,28.65,15.0,1,87.18,3.0,1,1.0583,2.6454
1848,처치,1,24.0,26.0,2958.83,56094.0,6.0,0,22.0,1175.82,362.0,1,0,1,186.18,58.0,1,653.72,7.0,1,186.18,58.0,1,595.58,5.0,1,3.8788,13.6192
1849,처치,1,61.0,70.0,762.81,474.0,44.0,0,50.0,428.02,238.0,1,0,1,87.1,39.0,1,160.5,9.0,1,41.86,20.0,1,68.01,2.0,1,1.8146,3.3438
1850,대조,0,74.0,88.0,2534.58,273563.0,2.0,0,57.0,1005.0,461.0,1,0,0,135.48,58.0,1,497.48,14.0,1,77.25,28.0,1,344.19,9.0,1,2.8225,10.3642
1854,처치,1,52.0,60.0,1724.08,89819.0,1.0,0,42.0,567.53,250.0,1,0,1,174.48000000000002,84.0,1,569.78,18.0,1,130.61,63.0,1,409.13,13.0,1,3.635,11.8704
1858,대조,0,26.0,26.0,1216.06,503.0,4.0,0,24.0,613.22,299.0,1,0,1,110.64,49.0,1,178.39,4.0,1,2.19,1.0,1,15.379999999999999,1.0,1,2.305,3.7165
1859,대조,0,8.0,8.0,474.02,157.0,6.0,0,8.0,237.7,75.0,1,0,1,72.56,21.0,1,167.4,3.0,1,36.980000000000004,11.0,1,108.79,2.0,1,1.5117,3.4875
1860,대조,0,11.0,11.0,107.56,51.0,1.0,0,11.0,88.34,38.0,1,0,0,43.4,31.0,1,52.49,6.0,1,25.51,19.0,1,27.91,4.0,1,0.9042,1.0935
1861,처치,1,29.0,37.0,423.38,265.0,1.0,0,23.0,206.78,135.0,1,0,4,218.12,96.0,1,367.63,24.0,1,177.56,75.0,1,297.66,19.0,1,4.5442,7.659
1862,처치,1,43.0,58.0,918.78,58462.0,6.0,0,34.0,333.11,174.0,1,0,3,53.24,26.0,1,85.53,2.0,1,53.24,26.0,1,85.53,2.0,1,1.1092,1.7819
1872,처치,1,42.0,47.0,1117.23,55462.0,4.0,0,34.0,513.45,203.0,1,0,3,249.73,138.0,1,641.78,19.0,1,187.53,115.0,1,447.17,10.0,1,5.2027,13.3704
1873,처치,1,43.0,73.0,1847.3,91914.0,1.0,0,57.0,933.56,330.0,1,0,4,114.03,56.0,1,477.8,25.0,1,78.49000000000001,36.0,1,371.04,19.0,1,2.3756,9.9542
1877,대조,0,18.0,20.0,608.41,263.0,6.0,0,16.0,270.54,119.0,1,0,0,82.0,26.0,1,165.65,4.0,1,32.5,9.0,1,43.76,2.0,1,1.7083,3.451
1879,처치,1,85.0,99.0,1895.2,1146.0,1.0,0,86.0,531.84,266.0,1,0,1,68.39,43.0,1,320.42,16.0,1,41.56,28.0,1,206.91,11.0,1,1.4248,6.6754
1881,처치,1,39.0,44.0,950.67,92437.0,2.0,0,36.0,377.08,183.0,1,0,0,128.5,60.0,1,228.82,10.0,1,101.6,48.0,1,157.85,6.0,1,2.6771,4.7671
1887,처치,1,38.0,39.0,435.5,207.0,9.0,0,36.0,298.32,110.0,1,0,0,51.59,26.0,1,61.26,8.0,1,14.149999999999999,9.0,1,21.75,3.0,1,1.0748,1.2762
1889,대조,0,9.0,10.0,668.16,302.0,18.0,0,8.0,368.59000000000003,145.0,1,0,1,7.28,3.0,1,32.63,1.0,1,7.28,3.0,1,32.63,1.0,1,0.1517,0.6798
1890,대조,0,13.0,13.0,570.02,219.0,6.0,0,11.0,287.22,136.0,1,0,0,81.44,47.0,1,153.46,4.0,1,63.53,34.0,1,119.97,3.0,1,1.6967,3.1971
1895,대조,0,7.0,9.0,110.62,44.0,37.0,0,7.0,77.28999999999999,33.0,1,0,2,8.03,4.0,1,9.42,2.0,1,4.03,2.0,1,5.42,1.0,1,0.1673,0.1962
1896,대조,0,30.0,32.0,1223.69,15172.0,5.0,0,28.0,730.26,306.0,1,0,0,257.56,90.0,1,375.12,13.0,1,172.75,59.0,1,240.88,8.0,1,5.3658,7.815
1900,처치,1,14.0,14.0,2052.7200000000003,744.0,7.0,0,13.0,1031.4,366.0,1,0,0,392.62,119.0,1,876.38,6.0,1,244.79000000000002,80.0,1,593.94,5.0,1,8.1796,18.2579
1905,대조,0,24.0,25.0,514.5600000000001,182.0,8.0,0,15.0,264.93,104.0,1,0,2,19.85,7.0,1,31.72,3.0,1,12.86,6.0,1,24.73,2.0,1,0.4135,0.6608
1911,처치,1,48.0,54.0,692.95,81067.0,9.0,0,39.0,296.61,155.0,1,0,1,26.130000000000003,6.0,1,147.09,10.0,1,24.82,5.0,1,117.72,7.0,1,0.5444,3.0644
1912,처치,1,22.0,23.0,618.58,392.0,17.0,0,23.0,301.77,225.0,1,0,1,103.74000000000001,68.0,1,201.4,5.0,1,69.38,50.0,1,119.78,3.0,1,2.1613,4.1958
1916,처치,1,40.0,45.0,631.87,8162.0,4.0,0,28.0,349.07,159.0,1,0,4,287.34,147.0,1,481.37,17.0,1,277.12,140.0,1,458.59000000000003,14.0,1,5.9862,10.0285
1918,처치,1,8.0,8.0,230.15,20055.0,3.0,0,5.0,84.3,31.0,1,0,1,0.0,0.0,0,0.0,0.0,0,0.0,0.0,0,0.0,0.0,0,0.0,0.0
1919,대조,0,21.0,28.0,1131.39,66371.0,11.0,0,19.0,568.88,337.0,1,0,4,137.15,72.0,1,300.56,5.0,1,109.33,56.0,1,206.68,3.0,1,2.8573,6.2617
1920,처치,1,33.0,33.0,690.2,222.0,32.0,0,29.0,496.44,157.0,1,0,2,1.0,1.0,1,1.0,1.0,1,0.0,0.0,0,0.0,0.0,0,0.0208,0.0208
1921,대조,0,33.0,36.0,523.5,24679.0,1.0,0,33.0,356.36,206.0,1,1,1,91.28,39.0,1,120.91,12.0,1,47.18,22.0,1,70.94,8.0,1,1.9017,2.519
1922,처치,1,27.0,30.0,793.47,35150.0,7.0,0,24.0,234.67,125.0,1,0,1,211.03,109.0,1,450.15000000000003,11.0,1,106.07000000000001,53.0,1,211.71,7.0,1,4.3965,9.3781
1923,처치,1,49.0,57.0,1559.85,196818.0,2.0,0,31.0,591.5600000000001,240.0,1,4,4,112.67,37.0,1,437.67,15.0,1,56.92,21.0,1,205.79,8.0,1,2.3473,9.1181
1925,처치,1,25.0,28.0,717.89,270.0,4.0,0,24.0,417.74,152.0,1,0,0,78.41,26.0,1,104.83,5.0,1,10.049999999999999,9.0,1,21.41,1.0,1,1.6335,2.184
1928,처치,1,35.0,36.0,683.5,30968.0,6.0,0,28.0,246.11,126.0,1,0,3,56.83,40.0,1,159.38,8.0,1,44.83,31.0,1,136.11,6.0,1,1.184,3.3204
1932,대조,0,35.0,39.0,1645.9,165894.0,1.0,0,27.0,713.1,204.0,1,0,0,121.23,38.0,1,398.75,13.0,1,104.19,32.0,1,374.9,11.0,1,2.5256,8.3073
1933,대조,0,25.0,31.0,852.65,42397.0,3.0,0,20.0,369.79,168.0,1,0,1,82.47,36.0,1,214.71,9.0,1,43.53,19.0,1,120.93,5.0,1,1.7181,4.4731
1935,처치,1,49.0,55.0,4272.78,359374.0,1.0,0,28.0,1499.05,564.0,1,1,2,295.84,108.0,1,1215.16,14.0,1,155.44,48.0,1,564.79,9.0,1,6.1633,25.3158
1936,처치,1,70.0,171.0,1986.99,111035.0,2.0,0,62.0,749.11,256.0,1,1,2,105.57,37.0,1,397.36,46.0,1,60.53,24.0,1,305.83,34.0,1,2.1994,8.2783
1937,처치,1,48.0,57.0,2027.43,11488.0,2.0,0,48.0,1100.93,573.0,1,6,2,324.51,183.0,1,605.11,11.0,1,150.37,89.0,1,304.64,8.0,1,6.7606,12.6065
1939,대조,0,21.0,22.0,894.59,48347.0,2.0,0,14.0,330.25,139.0,1,0,2,28.28,12.0,1,173.2,5.0,1,0.0,0.0,0,74.72999999999999,3.0,1,0.5892,3.6083
1940,처치,1,22.0,22.0,781.65,488.0,2.0,0,22.0,464.4,291.0,1,0,1,68.46000000000001,28.0,1,111.29,3.0,1,68.46000000000001,28.0,1,111.29,3.0,1,1.4263,2.3185
1941,처치,1,44.0,51.0,246.77,147.0,3.0,0,44.0,162.04,91.0,1,0,0,26.03,22.0,1,37.28,10.0,1,15.07,11.0,1,23.94,8.0,1,0.5423,0.7767
1942,처치,1,35.0,40.0,615.3100000000001,16323.0,3.0,0,17.0,247.53,70.0,1,0,0,27.98,10.0,1,171.21,6.0,1,0.0,0.0,0,42.26,3.0,1,0.5829,3.5669
1946,대조,0,17.0,18.0,1659.51,628.0,28.0,0,18.0,1095.89,349.0,1,0,0,159.97,62.0,1,276.9,3.0,1,117.42,43.0,1,180.29,2.0,1,3.3327,5.7688
1948,대조,0,33.0,34.0,628.91,346.0,3.0,0,32.0,377.92,178.0,1,0,0,50.16,33.0,1,126.84,10.0,1,29.76,20.0,1,81.08,5.0,1,1.045,2.6425
1949,대조,0,20.0,21.0,724.83,365.0,23.0,0,20.0,377.45,177.0,1,0,0,152.17000000000002,69.0,1,240.74,8.0,1,152.17000000000002,69.0,1,240.74,8.0,1,3.1702,5.0154
1950,대조,0,3.0,3.0,71.43,50.0,3.0,0,3.0,43.72,28.0,1,0,0,142.16,73.0,1,215.97,5.0,1,142.16,73.0,1,215.97,5.0,1,2.9617,4.4994
1953,처치,1,39.0,50.0,1771.77,687.0,8.0,0,41.0,1186.42,396.0,1,0,0,9.4,5.0,1,66.65,4.0,1,9.4,5.0,1,66.65,4.0,1,0.1958,1.3885
1954,처치,1,51.0,59.0,734.61,397.0,3.0,0,48.0,512.55,211.0,1,0,4,41.66,14.0,1,99.05,10.0,1,25.72,4.0,1,45.7,5.0,1,0.8679,2.0635
1957,대조,0,15.0,16.0,770.94,317.0,10.0,0,10.0,336.84000000000003,122.0,1,0,1,55.300000000000004,20.0,1,145.85,2.0,1,28.950000000000003,10.0,1,92.78,1.0,1,1.1521,3.0385
1959,처치,1,35.0,41.0,2394.6,192442.0,8.0,0,22.0,697.33,339.0,1,0,2,207.65,109.0,1,793.71,18.0,1,130.3,69.0,1,524.11,11.0,1,4.326,16.5356
1961,대조,0,13.0,15.0,265.51,131.0,5.0,0,14.0,150.87,83.0,1,0,2,30.23,10.0,1,40.61,6.0,1,19.15,5.0,1,27.740000000000002,3.0,1,0.6298,0.846
1962,대조,0,32.0,37.0,948.29,45639.0,1.0,0,33.0,441.04,160.0,1,0,0,199.85,74.0,1,398.79,15.0,1,138.96,50.0,1,278.94,9.0,1,4.1635,8.3081
1963,대조,0,14.0,14.0,515.2,4783.0,4.0,0,12.0,299.54,128.0,1,4,2,124.82000000000001,53.0,1,231.7,3.0,1,74.31,37.0,1,153.93,2.0,1,2.6004,4.8271
1964,대조,0,23.0,24.0,705.95,393.0,4.0,0,23.0,434.31,217.0,1,0,0,136.81,72.0,1,258.62,6.0,1,95.34,52.0,1,176.73,4.0,1,2.8502,5.3879
1965,처치,1,62.0,70.0,1909.54,319954.0,1.0,0,41.0,571.89,288.0,1,1,4,90.05,41.0,1,207.29,8.0,1,73.88,32.0,1,153.59,4.0,1,1.876,4.3185
1968,처치,1,24.0,29.0,756.23,391.0,4.0,0,25.0,412.86,243.0,1,0,1,43.11,25.0,1,106.42,3.0,1,22.25,13.0,1,50.980000000000004,2.0,1,0.8981,2.2171
1969,처치,1,77.0,87.0,790.31,501.0,2.0,0,78.0,437.33,274.0,1,0,1,130.03,73.0,1,186.17,21.0,1,64.88,39.0,1,90.19,11.0,1,2.709,3.8785
1970,대조,0,22.0,25.0,414.09,239.0,10.0,0,18.0,232.65,117.0,1,0,0,46.26,29.0,1,133.23,8.0,1,28.35,17.0,1,71.47,3.0,1,0.9638,2.7756
1971,처치,1,32.0,37.0,747.33,86015.0,11.0,0,22.0,281.4,120.0,1,0,3,17.32,10.0,1,116.64,9.0,1,13.32,9.0,1,89.63,7.0,1,0.3608,2.43
1972,처치,1,34.0,46.0,690.91,2881.0,9.0,0,30.0,267.61,142.0,1,0,1,34.870000000000005,13.0,1,58.370000000000005,2.0,1,0.0,0.0,0,0.0,0.0,0,0.7265,1.216
1974,처치,1,67.0,76.0,2170.27,106982.0,2.0,0,59.0,856.86,337.0,1,0,3,34.92,13.0,1,89.75,3.0,1,34.92,13.0,1,89.75,3.0,1,0.7275,1.8698
1978,처치,1,23.0,25.0,443.06,21610.0,3.0,0,20.0,186.79,116.0,1,0,4,32.95,15.0,1,80.16,5.0,1,2.5,1.0,1,2.5,1.0,1,0.6865,1.67
1979,처치,1,30.0,32.0,335.75,15967.0,4.0,0,28.0,173.94,123.0,1,0,1,34.67,21.0,1,57.46,6.0,1,17.43,10.0,1,18.12,3.0,1,0.7223,1.1971
1980,대조,0,16.0,17.0,1416.7,28167.0,1.0,0,13.0,613.44,194.0,1,0,0,59.72,25.0,1,132.81,2.0,1,59.72,25.0,1,132.81,2.0,1,1.2442,2.7669
1981,대조,0,18.0,18.0,265.06,129.0,5.0,0,16.0,216.95,95.0,1,0,1,57.44,24.0,1,94.1,8.0,1,30.75,12.0,1,65.41,6.0,1,1.1967,1.9604
1982,처치,1,36.0,37.0,1157.06,96323.0,86.0,0,25.0,465.35,398.0,1,0,1,77.21,60.0,1,162.65,4.0,1,0.0,0.0,0,0.0,0.0,0,1.6085,3.3885
1987,대조,0,25.0,26.0,825.23,503.0,9.0,0,19.0,397.64,240.0,1,0,0,97.94,45.0,1,174.97,5.0,1,36.44,19.0,1,46.43,2.0,1,2.0404,3.6452
1988,대조,0,44.0,62.0,2561.4,173783.0,4.0,0,40.0,1596.03,528.0,1,0,1,155.98,45.0,1,242.82,6.0,1,155.98,45.0,1,224.02,5.0,1,3.2496,5.0588
1989,대조,0,50.0,59.0,1075.86,62859.0,3.0,0,49.0,578.6,353.0,1,0,1,116.66,83.0,1,203.43,10.0,1,74.28,55.0,1,123.29,5.0,1,2.4304,4.2381
1990,처치,1,39.0,47.0,1472.55,166347.0,2.0,0,27.0,647.17,339.0,1,1,1,308.64,141.0,1,644.45,10.0,1,136.62,73.0,1,338.2,5.0,1,6.43,13.426
1993,처치,1,22.0,24.0,472.5,30126.0,15.0,0,17.0,170.73,95.0,1,0,0,2.0,2.0,1,20.75,2.0,1,2.0,2.0,1,11.6,1.0,1,0.0417,0.4323
1995,처치,1,36.0,39.0,4068.7000000000003,46619.0,4.0,0,35.0,2123.48,738.0,1,0,5,747.26,319.0,1,1561.6100000000001,14.0,1,449.3,207.0,1,866.03,7.0,1,15.5679,32.5335
1996,처치,1,41.0,48.0,1124.26,409.0,1.0,0,32.0,418.45,142.0,1,0,0,18.63,6.0,1,60.949999999999996,6.0,1,10.79,4.0,1,19.78,2.0,1,0.3881,1.2698
1997,처치,1,19.0,22.0,1457.89,33735.0,13.0,0,17.0,623.18,268.0,1,0,0,202.09,110.0,1,471.14,7.0,1,202.09,110.0,1,435.61,6.0,1,4.2102,9.8154
1998,처치,1,92.0,102.0,1013.82,679.0,2.0,0,82.0,449.8,297.0,1,0,3,91.37,72.0,1,166.93,25.0,1,66.91,52.0,1,133.27,17.0,1,1.9035,3.4777
2002,대조,0,12.0,12.0,306.42,5811.0,2.0,0,11.0,183.22,86.0,1,0,1,116.52,62.0,1,242.79,3.0,1,87.03,47.0,1,183.29,1.0,1,2.4275,5.0581
2006,처치,1,13.0,13.0,398.34000000000003,208.0,9.0,0,9.0,181.6,91.0,1,0,3,140.93,75.0,1,389.02,10.0,1,92.63,48.0,1,265.43,7.0,1,2.936,8.1046
2008,대조,0,23.0,24.0,799.98,312.0,21.0,0,19.0,384.15,135.0,1,0,1,112.08,37.0,1,251.21,9.0,1,96.72999999999999,32.0,1,221.99,6.0,1,2.335,5.2335
2009,대조,0,2.0,2.0,20.48,2.0,188.0,0,0.0,0.0,0.0,0,0,1,0.0,0.0,0,0.0,0.0,0,0.0,0.0,0,0.0,0.0,0,0.0,0.0
2011,처치,1,34.0,35.0,503.21,268.0,6.0,0,31.0,311.38,126.0,1,0,1,80.2,32.0,1,154.37,7.0,1,65.21,27.0,1,119.74000000000001,5.0,1,1.6708,3.216
2012,처치,1,72.0,99.0,2801.88,170407.0,3.0,0,63.0,1187.27,506.0,1,0,3,266.01,108.0,1,661.51,28.0,1,215.79,84.0,1,538.15,22.0,1,5.5419,13.7815
2013,대조,0,32.0,38.0,343.28000000000003,158.0,3.0,0,26.0,171.89000000000001,88.0,1,0,2,51.59,24.0,1,74.14,13.0,1,48.72,23.0,1,71.27,12.0,1,1.0748,1.5446
2014,대조,0,4.0,4.0,238.48000000000002,117.0,15.0,0,4.0,144.98,58.0,1,0,1,19.03,13.0,1,33.21,3.0,1,3.96,4.0,1,4.96,2.0,1,0.3965,0.6919
2016,처치,1,34.0,40.0,703.01,526.0,16.0,0,32.0,444.24,251.0,1,0,1,5.99,4.0,1,9.66,3.0,1,5.99,4.0,1,9.66,3.0,1,0.1248,0.2013
2018,대조,0,37.0,43.0,755.78,463.0,2.0,0,31.0,391.34,203.0,1,0,2,219.39000000000001,79.0,1,483.58,25.0,1,167.58,62.0,1,375.42,20.0,1,4.5706,10.0746
2020,처치,1,72.0,85.0,2925.2400000000002,1270.0,3.0,0,71.0,1469.47,587.0,1,0,1,452.03000000000003,164.0,1,952.03,24.0,1,370.51,126.0,1,679.86,15.0,1,9.4173,19.834
2021,대조,0,20.0,22.0,486.66,237.0,3.0,0,16.0,209.54,75.0,1,0,1,20.86,7.0,1,30.41,4.0,1,15.38,5.0,1,20.95,3.0,1,0.4346,0.6335
2024,대조,0,22.0,24.0,1438.04,101607.0,17.0,0,16.0,631.99,182.0,1,1,4,99.25,30.0,1,160.22,4.0,1,6.859999999999999,3.0,1,27.47,2.0,1,2.0677,3.3379
2027,처치,1,49.0,61.0,849.05,441.0,1.0,0,49.0,480.88,241.0,1,0,2,158.71,88.0,1,301.45,17.0,1,135.07,77.0,1,248.35999999999999,15.0,1,3.3065,6.2802
2029,대조,0,19.0,20.0,676.62,185.0,3.0,0,19.0,364.04,113.0,1,0,0,103.14,36.0,1,157.46,2.0,1,20.150000000000002,10.0,1,42.79,1.0,1,2.1488,3.2804
2030,대조,0,20.0,22.0,717.64,18034.0,7.0,0,17.0,326.32,140.0,1,0,3,163.84,81.0,1,294.89,14.0,1,127.51,64.0,1,206.64000000000001,8.0,1,3.4133,6.1435
2032,대조,0,17.0,17.0,345.59,4979.0,19.0,0,15.0,116.19,47.0,1,0,1,6.8,4.0,1,6.8,1.0,1,6.8,4.0,1,6.8,1.0,1,0.1417,0.1417
2033,대조,0,37.0,43.0,1062.16,72843.0,4.0,0,27.0,369.02,125.0,1,0,0,36.980000000000004,9.0,1,192.89,14.0,1,20.36,6.0,1,151.16,9.0,1,0.7704,4.0185
2034,대조,0,43.0,49.0,1220.29,104567.0,4.0,0,33.0,653.0600000000001,402.0,1,0,1,169.43,121.0,1,279.4,17.0,1,104.69,69.0,1,165.27,13.0,1,3.5298,5.8208
2035,대조,0,16.0,19.0,313.4,193.0,5.0,0,14.0,165.56,82.0,1,0,1,2.84,2.0,1,5.3100000000000005,2.0,1,2.84,2.0,1,5.3100000000000005,2.0,1,0.0592,0.1106
2037,처치,1,22.0,23.0,412.87,216.0,31.0,0,18.0,218.89,101.0,1,0,2,39.89,11.0,1,47.04,3.0,1,22.99,2.0,1,25.36,2.0,1,0.831,0.98
2039,대조,0,0.0,0.0,0.0,0.0,200.0,1,0.0,0.0,0.0,0,0,1,0.0,0.0,0,0.0,0.0,0,0.0,0.0,0,0.0,0.0,0,0.0,0.0
2041,처치,1,46.0,55.0,2574.19,57691.0,2.0,0,44.0,1137.92,363.0,1,1,1,289.25,98.0,1,637.54,21.0,1,142.8,55.0,1,353.83,14.0,1,6.026,13.2821
2043,대조,0,15.0,18.0,548.01,9635.0,2.0,0,13.0,250.98,120.0,1,0,0,35.11,22.0,1,106.53,6.0,1,13.65,7.0,1,51.95,4.0,1,0.7315,2.2194
2044,처치,1,12.0,12.0,321.47,121.0,12.0,0,11.0,140.59,46.0,1,0,1,12.39,8.0,1,37.29,3.0,1,4.36,2.0,1,16.23,1.0,1,0.2581,0.7769
2046,대조,0,17.0,19.0,218.82,89.0,3.0,0,16.0,123.51,51.0,1,0,1,0.0,0.0,0,5.08,2.0,1,0.0,0.0,0,4.74,1.0,1,0.0,0.1058
2047,처치,1,41.0,61.0,1937.31,218518.0,5.0,0,41.0,772.61,343.0,1,0,3,86.49000000000001,28.0,1,114.31,3.0,1,86.49000000000001,28.0,1,114.31,3.0,1,1.8019,2.3815
2050,처치,1,43.0,48.0,1603.6,162671.0,4.0,0,31.0,572.66,297.0,1,0,3,111.58,68.0,1,261.38,11.0,1,48.32,33.0,1,112.51,6.0,1,2.3246,5.4454
2051,처치,1,9.0,9.0,118.45,10555.0,42.0,0,7.0,38.9,17.0,1,0,4,0.0,0.0,0,0.0,0.0,0,0.0,0.0,0,0.0,0.0,0,0.0,0.0
2053,처치,1,53.0,67.0,1302.69,22462.0,9.0,0,45.0,547.21,255.0,1,0,1,84.61,35.0,1,222.57,11.0,1,47.47,19.0,1,138.06,6.0,1,1.7627,4.6369
2056,대조,0,16.0,26.0,757.62,287.0,13.0,0,26.0,448.18,141.0,1,0,0,180.05,78.0,1,275.92,15.0,1,132.71,57.0,1,197.92,9.0,1,3.751,5.7483
2057,처치,1,36.0,42.0,897.85,92097.0,3.0,0,24.0,324.77,170.0,1,0,1,192.32999999999998,109.0,1,440.36,10.0,1,41.88,23.0,1,196.47,5.0,1,4.0069,9.1742
2058,처치,1,41.0,44.0,1412.32,525.0,1.0,0,36.0,747.54,306.0,1,0,4,180.61,64.0,1,372.27,10.0,1,127.51,45.0,1,280.84,7.0,1,3.7627,7.7556
2059,대조,0,10.0,10.0,495.13,197.0,67.0,0,8.0,362.23,126.0,1,0,1,123.59,58.0,1,215.11,5.0,1,71.39,27.0,1,119.59,3.0,1,2.5748,4.4815
2063,대조,0,20.0,21.0,637.6,399.0,2.0,0,20.0,435.79,263.0,1,0,2,171.84,65.0,1,214.33,6.0,1,29.62,19.0,1,43.71,4.0,1,3.58,4.4652
2064,처치,1,80.0,95.0,2137.89,755.0,1.0,0,75.0,887.97,368.0,1,0,1,253.55,98.0,1,529.79,24.0,1,111.45,42.0,1,283.87,15.0,1,5.2823,11.0373
2065,대조,0,23.0,23.0,1259.8,475.0,1.0,0,22.0,783.93,236.0,1,0,0,196.88,67.0,1,271.88,9.0,1,87.51,24.0,1,122.5,5.0,1,4.1017,5.6642
2066,처치,1,40.0,48.0,724.18,18428.0,2.0,0,25.0,241.62,101.0,1,1,3,130.45,20.0,1,173.72,11.0,1,117.66,14.0,1,134.21,8.0,1,2.7177,3.6192
2068,처치,1,41.0,43.0,944.88,5107.0,8.0,0,36.0,558.88,318.0,1,0,1,119.11,74.0,1,198.26,8.0,1,58.1,38.0,1,91.33,5.0,1,2.4815,4.1304
2069,처치,1,18.0,21.0,438.23,209.0,3.0,0,19.0,269.53,120.0,1,0,2,122.18,47.0,1,228.29,13.0,1,40.4,22.0,1,88.36,8.0,1,2.5454,4.756
2070,처치,1,120.0,210.0,2636.23,30862.0,1.0,0,61.0,1448.98,707.0,1,0,2,385.9,145.0,1,734.59,62.0,1,328.31,132.0,1,600.86,41.0,1,8.0396,15.304
2071,처치,1,75.0,109.0,883.3100000000001,395.0,2.0,0,54.0,373.49,136.0,1,0,0,57.36,27.0,1,126.71000000000001,17.0,1,53.49,24.0,1,95.06,10.0,1,1.195,2.6398
2074,대조,0,12.0,13.0,252.44,3701.0,3.0,0,11.0,137.18,63.0,1,0,1,0.0,0.0,0,0.0,0.0,0,0.0,0.0,0,0.0,0.0,0,0.0,0.0
2075,대조,0,49.0,72.0,1938.54,117380.0,2.0,0,55.0,977.32,405.0,1,0,0,227.56,84.0,1,478.5,17.0,1,180.22,49.0,1,338.41,13.0,1,4.7408,9.9688
2076,처치,1,60.0,77.0,2635.81,271276.0,1.0,0,48.0,1197.26,678.0,1,0,7,96.69,57.0,1,200.31,11.0,1,96.69,57.0,1,190.81,10.0,1,2.0144,4.1731
2078,처치,1,7.0,9.0,109.82000000000001,39.0,54.0,0,7.0,51.17,13.0,1,0,4,0.0,0.0,0,0.0,0.0,0,0.0,0.0,0,0.0,0.0,0,0.0,0.0
2081,대조,0,6.0,6.0,128.74,46.0,10.0,0,3.0,74.07000000000001,18.0,1,0,1,38.11,14.0,1,70.68,2.0,1,9.88,3.0,1,11.030000000000001,1.0,1,0.794,1.4725
2082,처치,1,47.0,56.0,1489.66,158781.0,4.0,0,40.0,773.2,317.0,1,2,2,156.33,54.0,1,307.19,14.0,1,84.84,32.0,1,152.11,7.0,1,3.2569,6.3998
2083,처치,1,82.0,100.0,2069.79,91447.0,1.0,0,80.0,1120.27,398.0,1,0,2,234.65,85.0,1,585.62,35.0,1,170.85,65.0,1,438.82,24.0,1,4.8885,12.2004
2084,처치,1,30.0,36.0,942.45,484.0,2.0,0,29.0,652.78,333.0,1,0,1,151.44,102.0,1,304.17,13.0,1,81.14,60.0,1,124.14,6.0,1,3.155,6.3369
2088,처치,1,23.0,23.0,1122.9,848.0,9.0,0,22.0,585.06,476.0,1,0,4,341.28000000000003,286.0,1,628.98,13.0,1,149.79,132.0,1,303.55,6.0,1,7.11,13.1038
2092,처치,1,39.0,51.0,714.75,68961.0,34.0,0,17.0,130.38,99.0,1,0,1,0.0,0.0,0,0.0,0.0,0,0.0,0.0,0,0.0,0.0,0,0.0,0.0
2094,대조,0,23.0,23.0,922.2,465.0,15.0,0,22.0,556.02,233.0,1,0,0,100.26,60.0,1,163.45,7.0,1,33.03,13.0,1,76.48,4.0,1,2.0888,3.4052
2095,처치,1,30.0,42.0,1213.2,32511.0,1.0,0,26.0,603.91,301.0,1,0,4,117.74000000000001,58.0,1,306.06,18.0,1,90.27,40.0,1,218.6,15.0,1,2.4529,6.3762
2099,대조,0,25.0,29.0,405.55,31752.0,4.0,0,18.0,97.11,53.0,1,0,0,5.76,4.0,1,27.16,4.0,1,5.76,4.0,1,27.16,4.0,1,0.12,0.5658
2100,처치,1,23.0,30.0,1063.86,22023.0,4.0,0,28.0,671.29,394.0,1,0,1,204.85,96.0,1,314.33,6.0,1,134.25,68.0,1,223.45000000000002,5.0,1,4.2677,6.5485
2102,대조,0,33.0,34.0,1052.3700000000001,385.0,10.0,0,30.0,661.58,226.0,1,0,1,216.99,67.0,1,335.14,9.0,1,118.24,36.0,1,182.02,5.0,1,4.5206,6.9821
2107,처치,1,35.0,36.0,1491.29,679.0,6.0,0,33.0,987.28,453.0,1,0,2,144.69,82.0,1,215.52,6.0,1,50.3,40.0,1,65.76,3.0,1,3.0144,4.49
2108,대조,0,47.0,53.0,893.73,3814.0,1.0,0,40.0,440.48,239.0,1,0,1,118.78,57.0,1,145.92,6.0,1,98.22999999999999,36.0,1,117.58999999999999,4.0,1,2.4746,3.04
2111,처치,1,33.0,35.0,903.9300000000001,43872.0,2.0,0,24.0,550.59,409.0,1,0,4,130.07,101.0,1,171.23,7.0,1,21.98,13.0,1,51.14,3.0,1,2.7098,3.5673
2112,처치,1,36.0,41.0,1869.78,8857.0,12.0,0,37.0,1123.54,514.0,1,0,3,191.58,79.0,1,321.92,9.0,1,151.07,57.0,1,221.77,6.0,1,3.9913,6.7067
2114,처치,1,43.0,45.0,974.36,13940.0,8.0,0,44.0,604.51,306.0,1,0,3,154.76,83.0,1,254.38,11.0,1,107.95,52.0,1,175.63,7.0,1,3.2242,5.2996
2117,처치,1,26.0,27.0,424.49,296.0,20.0,0,26.0,300.43,212.0,1,0,2,4.41,3.0,1,9.69,1.0,1,0.0,0.0,0,0.0,0.0,0,0.0919,0.2019
2121,처치,1,38.0,45.0,1446.46,121071.0,2.0,0,30.0,572.66,227.0,1,0,3,231.52,90.0,1,589.21,10.0,1,98.87,42.0,1,304.87,5.0,1,4.8233,12.2752
2123,처치,1,22.0,22.0,1543.18,676.0,10.0,0,22.0,794.45,310.0,1,0,1,141.4,67.0,1,313.27,4.0,1,84.36,47.0,1,208.49,3.0,1,2.9458,6.5265
2128,처치,1,14.0,17.0,178.73,59.0,3.0,0,12.0,124.06,27.0,1,0,0,4.0,6.0,1,8.0,2.0,1,4.0,6.0,1,8.0,2.0,1,0.0833,0.1667
2130,처치,1,25.0,28.0,1397.7,557.0,3.0,0,22.0,737.25,322.0,1,0,1,388.79,121.0,1,809.76,11.0,1,325.54,101.0,1,611.03,4.0,1,8.0998,16.87
2137,처치,1,50.0,60.0,1148.11,108948.0,5.0,0,40.0,463.37,220.0,1,0,2,192.31,102.0,1,356.98,24.0,1,150.22,68.0,1,283.96,16.0,1,4.0065,7.4371
2144,대조,0,16.0,17.0,948.81,319.0,2.0,0,17.0,500.9,169.0,1,0,0,62.69,24.0,1,197.11,7.0,1,12.0,6.0,1,88.17,4.0,1,1.306,4.1065
2145,대조,0,9.0,9.0,212.82,14400.0,11.0,0,7.0,92.53,30.0,1,0,1,34.24,6.0,1,70.36,2.0,1,4.99,1.0,1,12.49,1.0,1,0.7133,1.4658
2146,대조,0,11.0,12.0,439.22,157.0,9.0,0,10.0,183.24,57.0,1,0,2,23.78,9.0,1,46.34,2.0,1,23.78,9.0,1,46.34,2.0,1,0.4954,0.9654
2148,처치,1,38.0,39.0,846.09,535.0,2.0,0,35.0,340.74,185.0,1,1,3,66.62,33.0,1,180.93,6.0,1,61.57,31.0,1,160.8,5.0,1,1.3879,3.7694
2149,처치,1,35.0,44.0,1585.82,154505.0,4.0,0,28.0,873.27,375.0,1,0,2,287.9,99.0,1,392.49,10.0,1,246.5,84.0,1,300.61,8.0,1,5.9979,8.1769
2158,대조,0,29.0,37.0,958.95,93311.0,16.0,0,18.0,462.56,288.0,1,0,0,41.35,21.0,1,198.14,9.0,1,12.36,4.0,1,130.29,7.0,1,0.8615,4.1279
2159,대조,0,37.0,54.0,855.61,33788.0,10.0,0,31.0,416.41,153.0,1,0,1,101.39,36.0,1,144.79,6.0,1,101.39,36.0,1,144.79,6.0,1,2.1123,3.0165
2161,대조,0,3.0,3.0,111.65,44802.0,128.0,0,0.0,0.0,0.0,0,0,1,0.0,0.0,0,0.0,0.0,0,0.0,0.0,0,0.0,0.0,0,0.0,0.0
2162,처치,1,39.0,58.0,4174.68,243526.0,2.0,0,34.0,856.4300000000001,374.0,1,0,4,247.1,84.0,1,1258.98,17.0,1,141.98,42.0,1,612.86,10.0,1,5.1479,26.2288
2168,처치,1,57.0,61.0,1705.68,1005.0,1.0,0,57.0,968.51,568.0,1,1,3,132.9,70.0,1,248.32,13.0,1,96.76,53.0,1,180.55,10.0,1,2.7688,5.1733
2171,처치,1,28.0,31.0,1069.57,13795.0,4.0,0,28.0,507.16,190.0,1,0,3,272.57,108.0,1,513.57,11.0,1,187.38,76.0,1,322.95,6.0,1,5.6785,10.6994
2173,대조,0,19.0,24.0,683.98,10556.0,2.0,0,21.0,413.36,235.0,1,0,0,217.66,83.0,1,416.45,10.0,1,58.85,37.0,1,107.5,5.0,1,4.5346,8.676
2176,처치,1,41.0,55.0,1040.89,79851.0,23.0,0,28.0,498.54,259.0,1,0,1,6.46,6.0,1,47.93,3.0,1,0.0,0.0,0,0.0,0.0,0,0.1346,0.9985
2179,대조,0,17.0,17.0,406.75,8175.0,36.0,0,11.0,183.68,76.0,1,0,1,10.0,5.0,1,102.14,3.0,1,0.0,0.0,0,34.11,1.0,1,0.2083,2.1279
2181,대조,0,4.0,4.0,80.73,18.0,73.0,0,3.0,43.78,12.0,1,0,1,155.47,57.0,1,353.77,10.0,1,75.14,34.0,1,169.16,5.0,1,3.239,7.3702
2182,처치,1,19.0,19.0,256.47,123.0,56.0,0,17.0,118.39,53.0,1,0,3,46.55,20.0,1,104.16,7.0,1,20.93,9.0,1,48.93,3.0,1,0.9698,2.17
2183,처치,1,43.0,53.0,1430.81,131205.0,5.0,0,34.0,729.27,319.0,1,0,2,282.96,127.0,1,602.33,26.0,1,161.56,69.0,1,378.91,17.0,1,5.895,12.5485
2185,처치,1,20.0,21.0,1893.57,9253.0,1.0,0,20.0,1166.18,325.0,1,0,8,271.67,63.0,1,505.57,8.0,1,228.15,49.0,1,387.54,6.0,1,5.6598,10.5327
2186,대조,0,36.0,41.0,1797.47,667.0,2.0,0,38.0,1013.89,338.0,1,0,1,235.33,57.0,1,520.66,17.0,1,165.61,40.0,1,321.61,10.0,1,4.9027,10.8471
2187,대조,0,14.0,16.0,694.32,269.0,16.0,0,13.0,427.59,175.0,1,0,1,0.0,0.0,0,0.0,0.0,0,0.0,0.0,0,0.0,0.0,0,0.0,0.0
2198,처치,1,78.0,141.0,1963.42,76863.0,1.0,0,74.0,493.49,313.0,1,0,0,224.79,135.0,1,921.76,41.0,1,143.62,81.0,1,549.6,25.0,1,4.6831,19.2033
2204,처치,1,56.0,70.0,830.52,12780.0,1.0,0,54.0,440.37,238.0,1,0,0,95.8,52.0,1,194.4,9.0,1,88.97,48.0,1,184.65,8.0,1,1.9958,4.05
2205,처치,1,14.0,14.0,339.93,171.0,11.0,0,13.0,163.73,76.0,1,0,2,6.93,3.0,1,19.12,1.0,1,0.0,0.0,0,0.0,0.0,0,0.1444,0.3983
2209,처치,1,50.0,59.0,1275.99,163270.0,2.0,0,38.0,516.26,222.0,1,0,2,180.56,77.0,1,474.26,27.0,1,59.589999999999996,37.0,1,242.07999999999998,16.0,1,3.7617,9.8804
2211,처치,1,30.0,30.0,760.26,37680.0,16.0,0,23.0,312.48,151.0,1,0,0,65.28,35.0,1,189.38,5.0,1,27.400000000000002,18.0,1,97.04,3.0,1,1.36,3.9454
2213,대조,0,11.0,11.0,309.31,7569.0,10.0,0,5.0,71.81,37.0,1,0,3,0.0,0.0,0,0.0,0.0,0,0.0,0.0,0,0.0,0.0,0,0.0,0.0
2215,처치,1,46.0,47.0,951.72,354.0,2.0,0,45.0,783.4,289.0,1,0,3,92.52,40.0,1,176.46,7.0,1,36.24,16.0,1,53.480000000000004,3.0,1,1.9275,3.6762
2217,처치,1,51.0,55.0,1135.57,40386.0,7.0,0,44.0,651.72,303.0,1,0,4,232.38,154.0,1,332.23,17.0,1,131.14000000000001,76.0,1,211.85,12.0,1,4.8412,6.9215
2221,처치,1,40.0,40.0,825.64,471.0,1.0,0,40.0,483.33,268.0,1,0,1,150.55,79.0,1,200.65,11.0,1,96.47,55.0,1,127.45,6.0,1,3.1365,4.1802
2222,대조,0,13.0,13.0,1054.58,24409.0,5.0,0,12.0,361.12,164.0,1,1,1,89.99000000000001,41.0,1,242.68,6.0,1,0.0,0.0,0,42.25,2.0,1,1.8748,5.0558
2223,처치,1,5.0,5.0,72.38,18.0,86.0,0,1.0,6.99,1.0,1,0,2,0.0,0.0,0,3.39,1.0,1,0.0,0.0,0,0.0,0.0,0,0.0,0.0706
2225,처치,1,31.0,32.0,1019.86,369.0,15.0,0,26.0,499.93,199.0,1,0,2,118.06,40.0,1,245.74,6.0,1,102.28,38.0,1,229.96,5.0,1,2.4596,5.1196
2230,대조,0,7.0,8.0,294.90000000000003,113.0,51.0,0,4.0,128.6,48.0,1,0,0,21.9,7.0,1,43.230000000000004,2.0,1,21.9,7.0,1,43.230000000000004,2.0,1,0.4562,0.9006
2231,처치,1,15.0,16.0,772.79,13788.0,5.0,0,14.0,444.49,164.0,1,0,0,107.17,68.0,1,154.79,6.0,1,71.91,57.0,1,119.53,5.0,1,2.2327,3.2248
2238,처치,1,55.0,66.0,880.35,520.0,1.0,0,57.0,518.85,277.0,1,0,1,54.94,25.0,1,206.76,15.0,1,12.530000000000001,8.0,1,16.45,3.0,1,1.1446,4.3075
2241,대조,0,29.0,34.0,839.79,477.0,2.0,0,31.0,530.82,279.0,1,0,0,15.58,14.0,1,30.38,2.0,1,0.0,0.0,0,0.0,0.0,0,0.3246,0.6329
2245,처치,1,31.0,48.0,1198.77,21077.0,2.0,0,31.0,673.35,368.0,1,0,3,49.42,27.0,1,150.28,11.0,1,21.41,13.0,1,75.36,8.0,1,1.0296,3.1308
2247,대조,0,13.0,15.0,572.92,215.0,4.0,0,11.0,354.2,118.0,1,0,1,58.65,28.0,1,116.44,3.0,1,58.65,28.0,1,116.44,3.0,1,1.2219,2.4258
2248,대조,0,12.0,12.0,500.12,221.0,20.0,0,9.0,272.33,127.0,1,0,0,0.0,0.0,0,0.0,0.0,0,0.0,0.0,0,0.0,0.0,0,0.0,0.0
2250,대조,0,19.0,23.0,1025.55,41951.0,12.0,0,17.0,655.09,338.0,1,0,0,148.54,71.0,1,228.09,4.0,1,81.68,42.0,1,149.56,3.0,1,3.0946,4.7519
2251,대조,0,5.0,7.0,525.22,299.0,58.0,0,7.0,339.78,200.0,1,0,1,0.0,0.0,0,0.0,0.0,0,0.0,0.0,0,0.0,0.0,0,0.0,0.0
2252,대조,0,51.0,78.0,2871.78,211232.0,1.0,0,50.0,1275.44,592.0,1,0,0,452.83,221.0,1,1029.92,37.0,1,305.0,135.0,1,680.42,23.0,1,9.434,21.4567
2254,대조,0,33.0,41.0,536.17,34863.0,6.0,0,30.0,246.44,102.0,1,0,0,63.120000000000005,37.0,1,98.5,11.0,1,31.46,19.0,1,32.75,4.0,1,1.315,2.0521
2258,대조,0,16.0,16.0,470.38,192.0,6.0,0,16.0,255.44,105.0,1,0,1,34.47,9.0,1,36.76,1.0,1,34.47,9.0,1,36.76,1.0,1,0.7181,0.7658
2260,처치,1,31.0,35.0,1776.71,168505.0,3.0,0,21.0,691.35,527.0,1,0,1,33.67,52.0,1,162.29,6.0,1,15.48,20.0,1,102.28999999999999,5.0,1,0.7015,3.381
2263,처치,1,69.0,93.0,950.78,6235.0,2.0,0,74.0,562.6,322.0,1,0,4,176.56,94.0,1,373.76,16.0,1,139.02,74.0,1,309.51,12.0,1,3.6783,7.7867
2266,처치,1,51.0,56.0,3488.76,106108.0,5.0,0,47.0,1353.53,666.0,1,0,2,190.61,85.0,1,492.47,12.0,1,84.89,39.0,1,167.48,5.0,1,3.971,10.2598
2269,처치,1,63.0,75.0,1076.69,561.0,2.0,0,63.0,673.14,321.0,1,0,1,245.62,96.0,1,340.34,17.0,1,178.53,70.0,1,242.97,10.0,1,5.1171,7.0904
2273,대조,0,13.0,13.0,317.36,146.0,11.0,0,11.0,190.62,83.0,1,0,1,79.88,21.0,1,108.05,4.0,1,66.00999999999999,15.0,1,84.93,2.0,1,1.6642,2.251
2274,대조,0,14.0,14.0,1926.65,666.0,5.0,0,13.0,1025.08,384.0,1,0,4,127.21000000000001,58.0,1,313.71,2.0,1,127.21000000000001,58.0,1,313.71,2.0,1,2.6502,6.5356
2275,대조,0,34.0,40.0,540.41,296.0,5.0,0,32.0,297.89,154.0,1,0,0,191.2,87.0,1,383.78000000000003,16.0,1,113.54,49.0,1,233.41,10.0,1,3.9833,7.9954
2278,대조,0,12.0,12.0,222.21,71.0,7.0,0,12.0,140.09,52.0,1,0,2,111.56,37.0,1,166.77,8.0,1,111.56,37.0,1,166.77,8.0,1,2.3242,3.4744
2279,대조,0,15.0,15.0,266.95,151.0,25.0,0,12.0,147.21,65.0,1,0,0,35.13,14.0,1,73.9,7.0,1,9.719999999999999,4.0,1,26.68,3.0,1,0.7319,1.5396
2281,대조,0,26.0,32.0,1074.8600000000001,454.0,5.0,0,26.0,678.34,283.0,1,0,0,243.44,99.0,1,396.95,13.0,1,183.14000000000001,75.0,1,274.82,10.0,1,5.0717,8.2698
2282,대조,0,19.0,21.0,274.95,163.0,7.0,0,20.0,210.01,131.0,1,0,1,60.64,35.0,1,134.67,8.0,1,46.03,26.0,1,88.43,6.0,1,1.2633,2.8056
2286,대조,0,3.0,3.0,74.2,12.0,22.0,0,3.0,38.01,5.0,1,0,1,3.89,1.0,1,3.89,1.0,1,0.0,0.0,0,0.0,0.0,0,0.081,0.081
2288,처치,1,26.0,34.0,684.5,286.0,10.0,0,25.0,382.42,171.0,1,0,2,10.66,10.0,1,40.42,2.0,1,10.66,10.0,1,40.42,2.0,1,0.2221,0.8421
2289,대조,0,24.0,24.0,525.17,250.0,21.0,0,22.0,389.95,153.0,1,0,1,116.83,67.0,1,241.82,7.0,1,53.61,47.0,1,145.25,4.0,1,2.434,5.0379
2293,대조,0,13.0,17.0,921.4,25789.0,11.0,0,14.0,427.45,150.0,1,0,0,230.76999999999998,74.0,1,287.08,3.0,1,230.76999999999998,74.0,1,287.08,3.0,1,4.8077,5.9808
2294,처치,1,39.0,46.0,2383.18,177656.0,1.0,0,26.0,1147.94,533.0,1,0,4,112.9,44.0,1,249.78,8.0,1,91.61,35.0,1,219.94,6.0,1,2.3521,5.2038
2298,처치,1,24.0,27.0,952.67,446.0,3.0,0,27.0,559.82,208.0,1,0,0,164.98,54.0,1,232.38,8.0,1,67.14,20.0,1,95.35,4.0,1,3.4371,4.8412
2301,처치,1,47.0,59.0,1760.4,62375.0,18.0,0,39.0,772.3100000000001,263.0,1,0,2,36.4,7.0,1,141.38,5.0,1,36.4,7.0,1,141.38,5.0,1,0.7583,2.9454
2302,처치,1,20.0,20.0,621.16,337.0,5.0,0,20.0,310.16,155.0,1,0,1,101.78,69.0,1,150.68,7.0,1,63.29,47.0,1,84.0,4.0,1,2.1204,3.1392
2303,처치,1,25.0,27.0,903.4,11086.0,12.0,0,20.0,388.07,124.0,1,0,1,22.36,4.0,1,63.99,3.0,1,22.36,4.0,1,63.99,3.0,1,0.4658,1.3331
2310,대조,0,19.0,20.0,546.23,329.0,13.0,0,19.0,252.83,129.0,1,0,0,32.61,13.0,1,48.07,4.0,1,25.95,10.0,1,40.42,3.0,1,0.6794,1.0015
2314,처치,1,28.0,28.0,1542.92,14407.0,9.0,0,27.0,836.7,574.0,1,0,1,139.64,92.0,1,233.87,5.0,1,91.0,60.0,1,151.6,3.0,1,2.9092,4.8723
2316,대조,0,5.0,5.0,91.26,21.0,115.0,0,3.0,78.30000000000001,13.0,1,0,1,5.98,2.0,1,19.14,1.0,1,0.0,0.0,0,0.0,0.0,0,0.1246,0.3988
2319,처치,1,10.0,10.0,368.15,164.0,36.0,0,8.0,174.24,67.0,1,0,1,73.65,26.0,1,194.77,6.0,1,20.32,9.0,1,59.730000000000004,4.0,1,1.5344,4.0577
2322,처치,1,67.0,88.0,6799.41,379822.0,1.0,0,59.0,3082.2400000000002,1002.0,1,3,4,783.28,300.0,1,1742.9,25.0,1,431.48,145.0,1,954.63,13.0,1,16.3183,36.3104
2327,대조,0,12.0,16.0,597.9,425.0,3.0,0,16.0,321.88,198.0,1,0,1,0.0,0.0,0,0.0,0.0,0,0.0,0.0,0,0.0,0.0,0,0.0,0.0
2329,처치,1,25.0,27.0,668.5500000000001,331.0,4.0,0,19.0,308.13,178.0,1,0,3,55.16,4.0,1,59.94,3.0,1,0.0,0.0,0,1.0,1.0,1,1.1492,1.2488
2331,처치,1,28.0,29.0,1731.99,127933.0,2.0,0,20.0,845.29,440.0,1,2,5,236.16,115.0,1,536.35,12.0,1,189.96,82.0,1,373.96,7.0,1,4.92,11.174
2336,대조,0,18.0,19.0,462.15000000000003,273.0,4.0,0,19.0,309.44,143.0,1,0,2,112.93,42.0,1,177.42000000000002,8.0,1,91.31,34.0,1,132.36,4.0,1,2.3527,3.6963
2338,대조,0,29.0,33.0,931.96,22400.0,5.0,0,27.0,429.04,213.0,1,0,1,76.87,38.0,1,162.9,4.0,1,0.0,0.0,0,0.0,0.0,0,1.6015,3.3938
2342,대조,0,60.0,75.0,1928.83,373449.0,2.0,0,41.0,583.21,326.0,1,0,0,102.8,99.0,1,385.6,15.0,1,72.66,65.0,1,293.81,11.0,1,2.1417,8.0333
2343,처치,1,58.0,72.0,1554.15,96801.0,1.0,0,53.0,700.54,317.0,1,0,2,151.94,74.0,1,350.62,15.0,1,88.95,40.0,1,216.77,10.0,1,3.1654,7.3046
2344,처치,1,15.0,16.0,646.4300000000001,22076.0,11.0,0,13.0,280.28,131.0,1,0,1,102.76,57.0,1,204.34,5.0,1,88.41,51.0,1,181.93,4.0,1,2.1408,4.2571
2346,대조,0,8.0,8.0,253.93,112.0,59.0,0,6.0,95.42999999999999,44.0,1,0,1,50.08,17.0,1,117.63,2.0,1,50.08,17.0,1,117.63,2.0,1,1.0433,2.4506
2347,대조,0,28.0,35.0,1363.58,63687.0,5.0,0,24.0,740.3100000000001,321.0,1,0,0,111.76,75.0,1,265.17,8.0,1,48.83,38.0,1,192.97,7.0,1,2.3283,5.5244
2350,처치,1,13.0,15.0,562.43,15021.0,31.0,0,13.0,275.0,128.0,1,0,1,0.0,0.0,0,0.0,0.0,0,0.0,0.0,0,0.0,0.0,0,0.0,0.0
2354,처치,1,28.0,29.0,1826.79,152166.0,2.0,0,20.0,892.29,319.0,1,0,2,269.07,96.0,1,389.03000000000003,4.0,1,108.91,35.0,1,166.82,2.0,1,5.6056,8.1048
2356,처치,1,19.0,22.0,437.03000000000003,254.0,2.0,0,19.0,211.14000000000001,112.0,1,0,1,60.72,25.0,1,81.58,6.0,1,57.33,24.0,1,76.8,5.0,1,1.265,1.6996
2358,처치,1,27.0,29.0,794.36,241.0,3.0,0,25.0,539.57,142.0,1,0,0,55.89,15.0,1,111.86,4.0,1,55.89,15.0,1,111.86,4.0,1,1.1644,2.3304
2364,처치,1,40.0,40.0,2606.95,1113.0,2.0,0,36.0,1673.97,637.0,1,0,0,287.31,117.0,1,550.3,9.0,1,155.66,59.0,1,337.77,6.0,1,5.9856,11.4646
2367,처치,1,51.0,63.0,2004.1100000000001,9294.0,1.0,0,59.0,1284.58,646.0,1,0,3,118.87,75.0,1,196.68,9.0,1,74.27,43.0,1,132.01,7.0,1,2.4765,4.0975
2369,대조,0,26.0,27.0,1020.19,82934.0,11.0,0,16.0,397.32,175.0,1,0,1,211.28,106.0,1,417.86,7.0,1,100.28,48.0,1,225.14,4.0,1,4.4017,8.7054
2370,처치,1,49.0,57.0,1786.3700000000001,115603.0,2.0,0,41.0,834.33,447.0,1,1,1,168.81,89.0,1,387.18,14.0,1,121.58,57.0,1,270.84000000000003,9.0,1,3.5169,8.0662
2371,처치,1,27.0,29.0,601.99,215.0,9.0,0,23.0,325.9,134.0,1,0,4,15.76,10.0,1,49.47,4.0,1,15.76,10.0,1,49.47,4.0,1,0.3283,1.0306
2372,처치,1,15.0,17.0,1039.9,442.0,4.0,0,13.0,573.51,228.0,1,0,1,200.97,90.0,1,374.5,9.0,1,124.27,60.0,1,243.56,4.0,1,4.1869,7.8021
2375,처치,1,41.0,51.0,1176.64,510.0,1.0,0,35.0,753.9300000000001,277.0,1,0,0,239.03,99.0,1,355.41,11.0,1,221.69,92.0,1,327.33,7.0,1,4.9798,7.4044
2377,대조,0,17.0,17.0,343.85,4527.0,5.0,0,14.0,179.24,97.0,1,0,1,53.99,31.0,1,115.53,9.0,1,31.77,16.0,1,59.29,5.0,1,1.1248,2.4069
2379,대조,0,19.0,19.0,396.39,30607.0,2.0,0,14.0,160.88,70.0,1,0,2,99.07000000000001,41.0,1,151.72,3.0,1,38.97,14.0,1,38.97,2.0,1,2.064,3.1608
2381,처치,1,26.0,28.0,597.88,34228.0,9.0,0,19.0,239.33,162.0,1,0,1,121.53,80.0,1,216.46,5.0,1,55.33,37.0,1,109.83,3.0,1,2.5319,4.5096
2384,대조,0,5.0,5.0,128.57,53.0,61.0,0,3.0,74.19,24.0,1,0,1,0.0,0.0,0,0.0,0.0,0,0.0,0.0,0,0.0,0.0,0,0.0,0.0
2385,대조,0,131.0,230.0,4301.12,258812.0,1.0,0,157.0,2331.66,960.0,1,0,3,39.15,21.0,1,62.13,3.0,1,34.59,19.0,1,42.59,1.0,1,0.8156,1.2944
2386,대조,0,13.0,13.0,453.36,162.0,36.0,0,13.0,253.93,75.0,1,0,0,0.0,0.0,0,0.0,0.0,0,0.0,0.0,0,0.0,0.0,0,0.0,0.0
2388,대조,0,11.0,16.0,464.96,178.0,54.0,0,16.0,316.2,106.0,1,0,1,87.75,40.0,1,114.83,7.0,1,22.88,12.0,1,38.839999999999996,3.0,1,1.8281,2.3923
2390,대조,0,12.0,12.0,199.33,76.0,12.0,0,10.0,97.85,36.0,1,0,2,32.589999999999996,19.0,1,70.64,3.0,1,32.589999999999996,19.0,1,69.25,2.0,1,0.679,1.4717
2391,대조,0,16.0,16.0,194.53,114.0,2.0,0,14.0,109.86,70.0,1,0,1,13.83,13.0,1,22.63,3.0,1,7.84,7.0,1,8.83,1.0,1,0.2881,0.4715
2393,대조,0,20.0,22.0,1605.33,638.0,3.0,0,22.0,1037.3600000000001,453.0,1,0,1,117.68,59.0,1,180.97,3.0,1,49.46,25.0,1,82.24000000000001,2.0,1,2.4517,3.7702
2394,대조,0,17.0,21.0,416.45,105917.0,21.0,0,12.0,49.12,24.0,1,0,1,21.3,6.0,1,56.67,4.0,1,13.63,3.0,1,35.61,2.0,1,0.4438,1.1806
2398,대조,0,23.0,26.0,687.54,287.0,1.0,0,23.0,446.88,180.0,1,0,0,100.67,43.0,1,181.65,6.0,1,43.32,17.0,1,88.57000000000001,4.0,1,2.0973,3.7844
2400,대조,0,70.0,138.0,5321.79,354806.0,2.0,0,71.0,2867.06,1314.0,1,0,0,701.22,322.0,1,1438.21,34.0,1,576.48,269.0,1,1137.04,24.0,1,14.6088,29.9627
2405,처치,1,40.0,47.0,930.0,23041.0,3.0,0,37.0,520.76,213.0,1,0,1,77.87,35.0,1,386.61,15.0,1,77.87,35.0,1,334.03,12.0,1,1.6223,8.0544
2407,처치,1,48.0,55.0,2301.31,105461.0,2.0,0,40.0,1068.2,642.0,1,0,3,298.78,215.0,1,622.87,17.0,1,213.23,149.0,1,421.0,11.0,1,6.2246,12.9765
2410,처치,1,19.0,19.0,755.15,299.0,9.0,0,18.0,465.96,186.0,1,0,3,152.48000000000002,53.0,1,239.20000000000002,3.0,1,97.54,33.0,1,149.18,1.0,1,3.1767,4.9833
2411,처치,1,25.0,27.0,790.2,292.0,10.0,0,25.0,381.22,143.0,1,0,1,147.53,45.0,1,280.01,9.0,1,107.12,38.0,1,232.11,7.0,1,3.0735,5.8335
2415,대조,0,12.0,13.0,247.43,124.0,71.0,0,11.0,128.95,54.0,1,0,1,0.79,1.0,1,3.31,1.0,1,0.0,0.0,0,0.0,0.0,0,0.0165,0.069
2416,처치,1,40.0,42.0,1337.66,429.0,7.0,0,34.0,597.07,193.0,1,0,1,185.43,52.0,1,554.04,12.0,1,100.72,29.0,1,323.22,8.0,1,3.8631,11.5425
2419,대조,0,18.0,19.0,294.69,7950.0,31.0,0,12.0,106.72,34.0,1,0,2,2.32,1.0,1,23.380000000000003,3.0,1,0.0,0.0,0,3.99,1.0,1,0.0483,0.4871
2420,처치,1,16.0,24.0,1310.54,18558.0,15.0,0,15.0,854.21,321.0,1,0,3,230.58,83.0,1,459.04,10.0,1,173.84,60.0,1,372.68,7.0,1,4.8038,9.5633
2423,처치,1,15.0,19.0,1003.68,9293.0,25.0,0,16.0,486.4,259.0,1,0,0,70.58,33.0,1,108.28,2.0,1,47.2,26.0,1,84.9,1.0,1,1.4704,2.2558
2426,처치,1,31.0,37.0,906.16,74168.0,2.0,0,30.0,512.01,191.0,1,0,1,65.16,26.0,1,96.67,6.0,1,38.94,14.0,1,49.69,4.0,1,1.3575,2.014
2429,대조,0,16.0,17.0,562.88,322.0,12.0,0,16.0,367.8,186.0,1,0,1,92.61,40.0,1,124.92,9.0,1,77.13000000000001,33.0,1,96.95,6.0,1,1.9294,2.6025
2437,처치,1,17.0,17.0,1145.73,414.0,27.0,0,16.0,568.41,196.0,1,0,1,157.4,58.0,1,321.4,4.0,1,108.0,38.0,1,238.4,2.0,1,3.2792,6.6958
2438,처치,1,37.0,41.0,643.54,66973.0,7.0,0,25.0,192.8,88.0,1,0,1,135.9,44.0,1,282.84000000000003,19.0,1,67.57000000000001,20.0,1,124.84,9.0,1,2.8313,5.8925
2439,대조,0,20.0,20.0,193.54,140.0,3.0,0,19.0,146.32999999999998,106.0,1,0,1,6.67,2.0,1,10.96,2.0,1,6.67,2.0,1,10.96,2.0,1,0.139,0.2283
2440,대조,0,26.0,33.0,529.96,224.0,3.0,0,24.0,391.58,131.0,1,0,1,75.12,24.0,1,90.24,5.0,1,27.71,10.0,1,37.05,4.0,1,1.565,1.88
2441,처치,1,30.0,30.0,303.09,208.0,3.0,0,26.0,177.58,131.0,1,0,1,65.64,45.0,1,118.29,10.0,1,47.7,29.0,1,74.14,6.0,1,1.3675,2.4644
2443,처치,1,51.0,59.0,1349.66,110947.0,51.0,0,43.0,486.47,232.0,1,2,4,0.0,0.0,0,0.0,0.0,0,0.0,0.0,0,0.0,0.0,0,0.0,0.0
2445,처치,1,40.0,51.0,1982.31,17129.0,2.0,0,41.0,1073.52,592.0,1,0,4,213.15,88.0,1,601.55,11.0,1,46.18,25.0,1,218.32999999999998,6.0,1,4.4406,12.5323
2446,처치,1,42.0,54.0,1879.56,239595.0,3.0,0,31.0,593.0500000000001,219.0,1,0,2,180.5,84.0,1,733.3100000000001,19.0,1,115.38,58.0,1,513.57,13.0,1,3.7604,15.2773
2447,처치,1,28.0,29.0,1839.43,542.0,11.0,0,28.0,929.21,301.0,1,0,1,242.89000000000001,55.0,1,440.88,8.0,1,132.04,30.0,1,265.57,5.0,1,5.0602,9.185
2450,대조,0,12.0,13.0,312.44,15596.0,12.0,0,11.0,179.85,85.0,1,0,0,122.33,63.0,1,208.11,9.0,1,106.4,55.0,1,184.33,8.0,1,2.5485,4.3356
2453,처치,1,29.0,31.0,966.47,338.0,2.0,0,24.0,454.75,154.0,1,0,3,59.81,29.0,1,119.97,8.0,1,45.57,22.0,1,100.38,7.0,1,1.246,2.4994
2455,처치,1,30.0,31.0,2394.26,802.0,1.0,0,31.0,1304.0,418.0,1,1,1,187.27,93.0,1,325.98,11.0,1,134.4,56.0,1,250.59,7.0,1,3.9015,6.7912
2456,대조,0,22.0,25.0,461.07,248.0,3.0,0,20.0,268.47,140.0,1,0,0,48.79,33.0,1,78.87,5.0,1,15.22,10.0,1,21.990000000000002,2.0,1,1.0165,1.6431
2457,대조,0,18.0,18.0,287.78,14134.0,4.0,0,14.0,116.64,66.0,1,1,1,115.74,45.0,1,243.37,7.0,1,102.54,36.0,1,221.88,5.0,1,2.4112,5.0702
2466,대조,0,25.0,28.0,791.76,306.0,7.0,0,28.0,574.1,127.0,1,0,2,469.75,144.0,1,713.5,11.0,1,207.95,68.0,1,401.7,4.0,1,9.7865,14.8646
2470,대조,0,25.0,26.0,264.09000000000003,20184.0,3.0,0,22.0,143.48,60.0,1,0,1,27.330000000000002,12.0,1,44.38,4.0,1,17.35,10.0,1,25.27,3.0,1,0.5694,0.9246
2472,대조,0,17.0,23.0,658.65,281.0,14.0,0,18.0,362.74,159.0,1,0,0,72.74000000000001,28.0,1,146.4,3.0,1,72.74000000000001,28.0,1,146.4,3.0,1,1.5154,3.05
2474,대조,0,14.0,14.0,152.66,95.0,3.0,0,13.0,102.23,72.0,1,0,2,5.49,6.0,1,6.99,1.0,1,0.0,0.0,0,0.0,0.0,0,0.1144,0.1456
2475,처치,1,34.0,38.0,1569.21,16007.0,12.0,0,34.0,573.01,221.0,1,0,1,216.14,93.0,1,529.86,17.0,1,160.41,64.0,1,408.92,13.0,1,4.5029,11.0388
2477,대조,0,7.0,8.0,404.71,29160.0,3.0,0,5.0,216.12,73.0,1,0,1,0.0,0.0,0,0.0,0.0,0,0.0,0.0,0,0.0,0.0,0,0.0,0.0
2478,처치,1,40.0,45.0,945.23,504.0,2.0,0,41.0,505.56,275.0,1,0,2,42.64,26.0,1,90.44,5.0,1,19.93,14.0,1,52.88,4.0,1,0.8883,1.8842
2481,처치,1,43.0,44.0,1424.28,131952.0,2.0,0,35.0,544.0500000000001,246.0,1,1,2,190.54,83.0,1,519.96,14.0,1,155.64000000000001,76.0,1,374.38,9.0,1,3.9696,10.8325
2482,처치,1,5.0,9.0,96.13,46.0,88.0,0,7.0,67.0,31.0,1,0,2,67.91,31.0,1,146.36,3.0,1,0.0,0.0,0,0.0,0.0,0,1.4148,3.0492
2483,대조,0,26.0,26.0,295.91,236.0,2.0,0,26.0,137.13,86.0,1,0,0,24.86,22.0,1,79.58,7.0,1,14.46,12.0,1,49.6,4.0,1,0.5179,1.6579
2485,처치,1,18.0,21.0,356.42,16102.0,12.0,0,14.0,154.4,63.0,1,0,1,62.45,27.0,1,97.12,7.0,1,49.2,21.0,1,66.62,5.0,1,1.301,2.0233
2486,대조,0,19.0,23.0,1283.21,28976.0,4.0,0,16.0,698.64,425.0,1,0,0,184.78,100.0,1,279.62,7.0,1,150.57,78.0,1,218.48,5.0,1,3.8496,5.8254
2492,대조,0,9.0,11.0,626.32,3868.0,12.0,0,9.0,233.41,121.0,1,0,1,78.11,35.0,1,297.1,10.0,1,64.57,26.0,1,229.74,6.0,1,1.6273,6.1896
2493,대조,0,42.0,47.0,1005.9,43915.0,39.0,0,33.0,526.9300000000001,217.0,1,0,1,22.6,10.0,1,28.12,3.0,1,8.79,6.0,1,13.31,2.0,1,0.4708,0.5858
2494,대조,0,14.0,16.0,1048.06,26203.0,23.0,0,14.0,572.86,241.0,1,0,0,7.5,6.0,1,17.98,1.0,1,0.0,0.0,0,0.0,0.0,0,0.1562,0.3746
2497,처치,1,62.0,70.0,2697.4900000000002,1199.0,4.0,0,59.0,1351.63,522.0,1,0,1,255.48000000000002,117.0,1,407.94,15.0,1,68.71,38.0,1,199.78,10.0,1,5.3225,8.4988
2498,처치,1,73.0,85.0,1397.16,20386.0,1.0,0,63.0,768.86,288.0,1,0,2,87.74,27.0,1,103.49,6.0,1,12.77,6.0,1,22.54,2.0,1,1.8279,2.156
2499,대조,0,20.0,20.0,719.5600000000001,411.0,1.0,0,15.0,345.01,167.0,1,0,1,217.74,88.0,1,405.73,10.0,1,138.71,58.0,1,275.93,8.0,1,4.5362,8.4527
2500,처치,1,34.0,37.0,1947.82,88777.0,3.0,0,32.0,1066.09,519.0,1,2,3,207.48,96.0,1,516.51,11.0,1,165.25,73.0,1,421.17,9.0,1,4.3225,10.7606
