household_key,group,treatment,pre_active_days,pre_baskets,pre_sales,pre_quantity,recency,no_pre_purchase,pre_target_baskets,pre_target_sales,pre_target_quantity,pre_target_purchase,pre_coupon_redemptions,pre_campaign_count,target_sales,target_quantity,target_purchase,total_sales,baskets,any_purchase,target_sales_first30,target_quantity_first30,target_purchase_first30,total_sales_first30,baskets_first30,any_purchase_first30,target_sales_per_day,total_sales_per_day,p_score
2,처치,1,39,39,1621.59,676,4,0,37,840.31,318,1,0,0,104.49,43.0,1,201.86,5.0,1,44.32,20.0,1,107.08,3.0,1,1.8659,3.6046,0.5163677608979281
4,대조,0,27,27,1080.72,344,3,0,25,448.15,162,1,0,1,26.29,18.0,1,119.39,3.0,1,12.59,9.0,1,19.65,1.0,1,0.4695,2.132,0.21225056948254076
6,처치,1,182,204,5084.92,94291,2,0,180,3255.76,1371,1,0,3,237.16,107.0,1,406.07,22.0,1,145.27,64.0,1,200.19,10.0,1,4.235,7.2512,0.9651797712942474
16,대조,0,84,92,1471.45,81181,5,0,70,516.73,221,1,0,2,4.99,1.0,1,24.05,2.0,1,4.99,1.0,1,14.57,1.0,1,0.0891,0.4295,0.6514219559808924
17,처치,1,91,114,4582.07,286679,2,0,87,2304.69,983,1,0,4,274.44,93.0,1,485.42,8.0,1,181.78,56.0,1,288.37,4.0,1,4.9007,8.6682,0.8253345066878606
23,처치,1,83,90,2639.31,167212,23,0,49,1030.56,389,1,0,2,119.23,50.0,1,215.25,9.0,1,69.39,25.0,1,127.75,5.0,1,2.1291,3.8438,0.603747088578894
25,처치,1,70,76,2739.2000000000003,15076,7,0,62,918.45,469,1,0,3,68.84,32.0,1,168.2,6.0,1,15.03,7.0,1,47.99,2.0,1,1.2293,3.0036,0.6587235776207373
26,대조,0,80,87,1515.7,799,14,0,80,1008.09,499,1,0,1,87.1,48.0,1,145.55,12.0,1,38.120000000000005,24.0,1,58.06,4.0,1,1.5554,2.5991,0.755492006717899
29,대조,0,50,59,1216.82,622,9,0,51,652.64,345,1,1,5,7.49,3.0,1,47.58,3.0,1,0.0,0.0,0,0.0,0.0,0,0.1338,0.8496,0.30873440493132603
31,대조,0,34,36,2551.47,189164,2,0,22,971.05,391,1,0,0,474.64,141.0,1,796.87,13.0,1,277.44,86.0,1,391.74,4.0,1,8.4757,14.2298,0.39202495134217835
32,처치,1,90,100,2821.69,264070,8,0,67,895.51,402,1,0,5,97.71,51.0,1,251.11,7.0,1,86.63,46.0,1,184.63,4.0,1,1.7448,4.4841,0.5673494337783167
37,처치,1,39,45,2068.99,59398,9,0,26,564.92,229,1,0,1,140.75,37.0,1,302.88,8.0,1,133.76,34.0,1,228.84,6.0,1,2.5134,5.4086,0.33897215498308614
38,대조,0,27,27,706.13,275,36,0,19,174.6,66,1,0,1,0.0,0.0,0,0.0,0.0,0,0.0,0.0,0,0.0,0.0,0,0.0,0.0,0.08951859061589278
39,대조,0,43,51,4175.06,13413,14,0,45,2137.36,860,1,0,4,182.22,80.0,1,433.4,8.0,1,77.95,36.0,1,211.52,3.0,1,3.2539,7.7393,0.5272182724221234
41,처치,1,54,57,2306.31,1108,7,0,53,1372.45,556,1,0,0,191.14,70.0,1,332.94,7.0,1,67.93,27.0,1,140.45,3.0,1,3.4132,5.9454,0.7396292932392755
42,처치,1,69,70,1594.33,1096,4,0,68,969.59,527,1,0,2,110.03,64.0,1,166.54,8.0,1,53.14,34.0,1,77.85,3.0,1,1.9648,2.9739,0.6544516662982961
45,대조,0,54,56,800.59,298,79,0,53,480.82,151,1,0,1,1.0,1.0,1,6.5,1.0,1,1.0,1.0,1,6.5,1.0,1,0.0179,0.1161,0.4160669240891875
47,처치,1,85,93,1977.76,643,12,0,67,977.32,319,1,0,2,52.0,12.0,1,80.32000000000001,6.0,1,42.12,9.0,1,69.44,5.0,1,0.9286,1.4343,0.683841941462968
49,처치,1,78,89,4985.2300000000005,369080,5,0,60,2168.76,849,1,0,3,290.93,96.0,1,542.66,15.0,1,107.97,35.0,1,254.49,6.0,1,5.1952,9.6904,0.7633041699646411
51,처치,1,67,72,2543.39,1078,3,0,60,1052.12,443,1,0,3,52.36,13.0,1,202.96,7.0,1,31.92,8.0,1,119.8,3.0,1,0.935,3.6243,0.6376535005538894
55,처치,1,107,111,820.25,337,1,0,70,336.89,143,1,0,3,58.16,16.0,1,117.45,15.0,1,35.2,11.0,1,44.92,7.0,1,1.0386,2.0973,0.470314828824961
56,대조,0,143,158,5143.57,10465,5,0,140,2260.76,858,1,2,1,310.29,110.0,1,732.01,23.0,1,167.79,56.0,1,346.23,13.0,1,5.5409,13.0716,0.9769579788792512
57,처치,1,115,146,2434.99,103083,6,0,115,1119.2,496,1,0,3,59.58,35.0,1,274.48,21.0,1,26.1,15.0,1,121.08,11.0,1,1.0639,4.9014,0.85120316218929
65,처치,1,78,99,1718.01,490,5,0,58,749.09,205,1,0,5,113.37,28.0,1,255.91,18.0,1,70.87,18.0,1,169.29,12.0,1,2.0245,4.5698,0.3948081488464354
71,처치,1,72,76,2991.04,12371,7,0,67,931.71,406,1,0,1,47.64,25.0,1,65.29,4.0,1,28.9,8.0,1,31.18,2.0,1,0.8507,1.1659,0.8098101354278769
73,처치,1,128,160,2748.86,215939,72,0,109,1019.09,374,1,0,3,0.0,0.0,0,0.0,0.0,0,0.0,0.0,0,0.0,0.0,0,0.0,0.0,0.8358700988566122
77,처치,1,68,69,4550.63,2150,23,0,67,2259.35,924,1,0,1,356.34000000000003,134.0,1,745.92,8.0,1,267.34000000000003,96.0,1,542.0,4.0,1,6.3632,13.32,0.8537759919712404
79,처치,1,108,123,3043.67,150107,3,0,88,1404.1,549,1,0,0,117.76,57.0,1,298.29,10.0,1,95.21,42.0,1,230.3,7.0,1,2.1029,5.3266,0.9107336265251369
83,대조,0,79,92,1021.26,42080,4,0,48,362.48,180,1,0,1,69.97,22.0,1,125.98,12.0,1,14.67,6.0,1,63.71,5.0,1,1.2495,2.2496,0.472193782899575
86,처치,1,31,40,3492.24,16183,19,0,35,1430.06,467,1,0,1,217.93,63.0,1,379.82,3.0,1,24.76,4.0,1,24.76,1.0,1,3.8916,6.7825,0.5756640359280489
91,처치,1,110,133,2139.81,178279,1,0,91,856.32,321,1,0,1,162.63,72.0,1,405.34,27.0,1,75.55,33.0,1,222.19,15.0,1,2.9041,7.2382,0.8609306159015696
92,대조,0,44,46,1192.44,10909,4,0,40,705.97,390,1,0,1,89.01,47.0,1,165.1,5.0,1,41.34,13.0,1,110.91,2.0,1,1.5895,2.9482,0.4142103952833457
96,대조,0,47,57,1155.0,408,182,0,48,687.95,249,1,0,2,0.0,0.0,0,0.0,0.0,0,0.0,0.0,0,0.0,0.0,0,0.0,0.0,0.373822613231649
98,대조,0,88,112,1429.81,1048,1,0,85,736.18,407,1,0,2,309.93,140.0,1,658.15,50.0,1,156.69,68.0,1,334.17,22.0,1,5.5345,11.7527,0.7375796554739842
99,처치,1,170,230,6064.58,50934,4,0,177,3298.13,1741,1,2,2,318.61,171.0,1,538.56,11.0,1,126.06,61.0,1,215.15,4.0,1,5.6895,9.6171,0.983460851414695
101,처치,1,102,147,4737.1,235127,4,0,79,2090.12,962,1,2,3,378.38,160.0,1,1015.93,38.0,1,119.41,51.0,1,533.1800000000001,19.0,1,6.7568,18.1416,0.8855366977486874
103,대조,0,30,38,445.24,245,67,0,29,239.36,102,1,0,1,11.96,5.0,1,47.24,5.0,1,0.0,0.0,0,32.589999999999996,1.0,1,0.2136,0.8436,0.11990513415265419
105,처치,1,90,113,3651.39,2432,26,0,101,2386.37,1301,1,0,7,201.54,88.0,1,271.69,18.0,1,103.56,43.0,1,136.83,9.0,1,3.5989,4.8516,0.6562018340830125
108,대조,0,45,53,2435.17,69412,9,0,44,1294.95,515,1,0,4,49.56,30.0,1,128.51,5.0,1,29.84,17.0,1,83.78999999999999,2.0,1,0.885,2.2948,0.4012566745801828
109,처치,1,82,84,2736.52,1189,1,0,78,1092.05,504,1,0,3,92.75,44.0,1,231.33,8.0,1,74.82000000000001,35.0,1,164.67000000000002,5.0,1,1.6562,4.1309,0.7625263913317312
111,처치,1,41,45,1388.44,37121,17,0,37,648.28,309,1,0,0,18.09,9.0,1,22.68,1.0,1,0.0,0.0,0,0.0,0.0,0,0.323,0.405,0.4649236644328118
112,대조,0,56,62,1053.24,129524,1,0,38,236.97,70,1,0,1,45.95,10.0,1,176.45,10.0,1,6.9,2.0,1,38.95,3.0,1,0.8205,3.1509,0.38131901902105264
114,처치,1,71,72,2580.29,67852,8,0,57,1358.89,557,1,0,3,101.23,37.0,1,231.63,9.0,1,66.96000000000001,24.0,1,122.73,4.0,1,1.8077,4.1362,0.6076941666161368
116,대조,0,67,70,557.01,318,6,0,63,279.91,224,1,0,2,31.43,27.0,1,52.46,7.0,1,14.79,14.0,1,20.55,3.0,1,0.5612,0.9368,0.38150726472120766
119,처치,1,41,45,1813.29,593,1,0,43,941.18,283,1,0,1,201.34,53.0,1,355.22,5.0,1,175.32,42.0,1,314.43,4.0,1,3.5954,6.3432,0.5547990090075198
121,처치,1,82,101,2059.4,1022,8,0,75,1271.01,506,1,0,2,12.65,6.0,1,81.62,8.0,1,4.99,3.0,1,7.96,3.0,1,0.2259,1.4575,0.7394899748502846
122,처치,1,107,123,2257.14,1031,1,0,98,1360.79,462,1,0,4,7.77,4.0,1,54.45,6.0,1,7.77,4.0,1,22.26,3.0,1,0.1387,0.9723,0.7602367203540694
123,처치,1,131,154,2928.75,113711,1,0,128,1571.91,658,1,0,2,60.82,33.0,1,144.4,10.0,1,39.56,17.0,1,86.66,6.0,1,1.0861,2.5786,0.9220469959281835
132,처치,1,80,85,2414.81,12308,15,0,79,1296.35,561,1,0,5,50.25,20.0,1,133.52,3.0,1,6.36,3.0,1,22.39,1.0,1,0.8973,2.3843,0.5965907798438677
133,처치,1,58,61,2984.63,1305,4,0,54,1696.43,741,1,0,3,115.71,56.0,1,338.33,7.0,1,61.03,31.0,1,204.29,3.0,1,2.0662,6.0416,0.62112531843216
136,처치,1,60,68,2547.04,1327,2,0,60,1226.08,606,1,0,1,24.03,9.0,1,60.129999999999995,2.0,1,0.0,0.0,0,0.0,0.0,0,0.4291,1.0738,0.7588869050588893
137,대조,0,34,35,1018.44,475,89,0,27,588.59,283,1,0,1,18.770000000000003,8.0,1,43.73,3.0,1,0.0,0.0,0,9.38,1.0,1,0.3352,0.7809,0.1997854355355888
138,대조,0,46,46,2875.17,1488,2,0,38,1383.35,588,1,0,2,260.29,111.0,1,404.31,11.0,1,158.13,67.0,1,278.77,6.0,1,4.648,7.2198,0.5274505715914071
139,처치,1,57,65,2285.59,90736,1,0,49,918.82,491,1,4,1,114.5,60.0,1,305.38,9.0,1,50.59,23.0,1,129.13,5.0,1,2.0446,5.4532,0.7752735251809988
140,대조,0,93,135,1679.62,905,4,0,71,796.01,433,1,0,3,0.0,0.0,0,20.23,3.0,1,0.0,0.0,0,6.220000000000001,2.0,1,0.0,0.3612,0.6277988795546778
144,처치,1,76,86,2031.41,904,17,0,72,1183.34,438,1,0,3,8.0,4.0,1,56.32,1.0,1,8.0,4.0,1,56.32,1.0,1,0.1429,1.0057,0.6507602053280431
145,대조,0,41,46,1085.17,461,1,0,32,447.65,159,1,0,1,22.48,4.0,1,60.25,2.0,1,22.48,4.0,1,57.75,1.0,1,0.4014,1.0759,0.3124859189128299
151,대조,0,37,42,1014.65,55879,45,0,34,557.44,269,1,0,1,133.27,49.0,1,155.61,4.0,1,27.0,11.0,1,33.52,2.0,1,2.3798,2.7788,0.28437866961235964
155,대조,0,43,46,1983.11,15711,28,0,41,871.88,337,1,0,2,30.4,11.0,1,84.17,4.0,1,11.65,3.0,1,26.95,2.0,1,0.5429,1.503,0.44535992900868765
157,처치,1,128,152,2269.81,16080,5,0,121,1159.51,438,1,0,4,64.28,27.0,1,121.56,5.0,1,59.75,24.0,1,112.24,4.0,1,1.1479,2.1707,0.8178919607572122
158,처치,1,142,152,1627.59,539,2,0,139,574.02,359,1,1,3,49.04,23.0,1,100.56,13.0,1,20.74,11.0,1,62.98,6.0,1,0.8757,1.7957,0.8822238575436963
160,대조,0,38,40,961.32,18881,2,0,33,550.9300000000001,229,1,0,1,60.61,25.0,1,210.1,9.0,1,20.77,9.0,1,66.99,4.0,1,1.0823,3.7518,0.29427893872833966
161,처치,1,139,167,3630.89,101432,1,0,129,1523.05,541,1,0,1,456.24,158.0,1,1081.72,51.0,1,305.08,111.0,1,689.92,31.0,1,8.1471,19.3164,0.9512101820188489
162,처치,1,53,56,2290.38,791,3,0,50,1135.27,395,1,0,3,157.87,59.0,1,349.18,8.0,1,85.36,30.0,1,197.48,5.0,1,2.8191,6.2354,0.5294010682383415
165,처치,1,125,142,2492.52,250172,1,0,107,1336.24,671,1,2,6,107.71,57.0,1,258.53,18.0,1,70.79,42.0,1,163.42000000000002,10.0,1,1.9234,4.6166,0.7722624381622357
166,처치,1,93,95,2138.16,874,11,0,86,974.14,387,1,0,1,160.56,60.0,1,307.44,12.0,1,105.05,37.0,1,165.96,8.0,1,2.8671,5.49,0.831334334931722
179,대조,0,37,38,620.5600000000001,288,65,0,33,312.24,100,1,0,1,0.0,0.0,0,0.0,0.0,0,0.0,0.0,0,0.0,0.0,0,0.0,0.0,0.1895033271343019
180,대조,0,51,61,1929.77,2532,1,0,42,1027.4,383,1,0,2,98.69,35.0,1,160.64,4.0,1,34.04,10.0,1,47.99,1.0,1,1.7623,2.8686,0.49216517149439737
181,대조,0,25,38,1637.46,150328,5,0,26,791.54,358,1,0,2,2.0,1.0,1,33.36,1.0,1,2.0,1.0,1,33.36,1.0,1,0.0357,0.5957,0.24109691847533848
184,대조,0,152,199,5470.62,415498,1,0,132,2682.16,870,1,4,5,320.03,127.0,1,736.4,28.0,1,159.98,58.0,1,356.61,16.0,1,5.7148,13.15,0.9431353067869319
185,대조,0,44,55,1575.54,83133,8,0,36,781.25,347,1,0,1,41.39,21.0,1,108.9,5.0,1,11.64,4.0,1,23.63,2.0,1,0.7391,1.9446,0.42381123025680006
187,대조,0,39,45,529.89,350,44,0,34,334.16,187,1,0,2,20.57,7.0,1,33.480000000000004,4.0,1,20.57,7.0,1,30.89,3.0,1,0.3673,0.5979,0.14248524573783297
188,대조,0,31,35,1704.14,851,1,0,29,1073.23,445,1,0,2,3.0,3.0,1,4.18,2.0,1,1.0,1.0,1,2.1799999999999997,1.0,1,0.0536,0.0746,0.29841382075653505
194,대조,0,50,56,1423.17,21263,11,0,40,645.76,275,1,0,1,51.98,26.0,1,122.37,4.0,1,34.72,15.0,1,71.64,2.0,1,0.9282,2.1852,0.444582587626459
195,대조,0,65,83,3749.34,284974,1,0,61,2165.08,1037,1,0,2,59.52,23.0,1,123.61,3.0,1,30.07,10.0,1,87.89,2.0,1,1.0629,2.2073,0.7828626153111283
211,처치,1,72,76,1919.56,1178,12,0,62,847.36,362,1,0,1,52.22,20.0,1,122.42,12.0,1,28.57,12.0,1,73.6,6.0,1,0.9325,2.1861,0.7051629575678287
214,처치,1,69,70,2188.7200000000003,1025,2,0,64,1277.29,622,1,1,3,160.44,83.0,1,290.19,9.0,1,92.38,52.0,1,151.09,5.0,1,2.865,5.182,0.689125818931514
215,대조,0,95,106,1265.48,28594,2,0,72,667.61,379,1,2,1,72.73,48.0,1,225.88,18.0,1,39.41,30.0,1,152.22,12.0,1,1.2988,4.0336,0.7760098791262832
216,대조,0,86,94,2097.21,833,3,0,64,643.12,228,1,0,2,161.66,27.0,1,380.81,16.0,1,85.28,18.0,1,217.67,9.0,1,2.8868,6.8002,0.6916641449945554
219,처치,1,162,178,9163.8,117205,4,0,162,4734.63,1856,1,0,5,563.87,192.0,1,1011.98,18.0,1,298.1,93.0,1,540.32,7.0,1,10.0691,18.0711,0.9552016873939457
220,처치,1,68,84,2240.33,211287,13,0,56,881.03,649,1,0,2,127.44,65.0,1,230.48,4.0,1,70.97,40.0,1,122.98,1.0,1,2.2757,4.1157,0.6326619505125956
221,처치,1,58,63,2265.65,32745,7,0,54,770.91,458,1,0,2,112.57,69.0,1,260.39,8.0,1,75.02,42.0,1,180.22,6.0,1,2.0102,4.6498,0.6227126855451689
222,처치,1,99,111,5143.55,199511,3,0,86,2341.2,1119,1,1,2,99.76,50.0,1,196.29,7.0,1,47.85,24.0,1,85.1,2.0,1,1.7814,3.5052,0.9184018424657603
226,대조,0,37,45,1086.8,44312,183,0,27,672.94,316,1,0,1,9.86,8.0,1,10.45,2.0,1,0.0,0.0,0,0.0,0.0,0,0.1761,0.1866,0.205269763452139
227,처치,1,91,96,1070.52,8449,1,0,86,763.62,840,1,0,0,98.97,70.0,1,150.31,20.0,1,48.06,38.0,1,89.23,14.0,1,1.7673,2.6841,0.7938510219012297
228,처치,1,63,70,2204.07,83977,5,0,52,1281.82,367,1,0,1,45.39,20.0,1,116.01,9.0,1,25.7,12.0,1,54.25,5.0,1,0.8105,2.0716,0.6709845030436044
230,처치,1,111,127,3632.49,142162,4,0,86,1814.57,862,1,0,2,247.54,98.0,1,449.65,21.0,1,166.11,69.0,1,287.48,12.0,1,4.4204,8.0295,0.8657407445482151
236,대조,0,37,38,1304.07,665,31,0,29,772.48,331,1,0,2,39.52,6.0,1,81.06,3.0,1,32.129999999999995,2.0,1,68.39,2.0,1,0.7057,1.4475,0.222358826757829
245,대조,0,36,38,897.38,79594,1,0,26,428.57,213,1,0,1,227.89,87.0,1,422.11,7.0,1,17.11,7.0,1,27.11,2.0,1,4.0695,7.5377,0.20575443287686804
246,처치,1,38,40,741.55,3872,20,0,37,401.58,161,1,0,1,1.0,1.0,1,9.04,2.0,1,1.0,1.0,1,6.29,1.0,1,0.0179,0.1614,0.2663016620886101
249,처치,1,93,109,2170.25,17900,2,0,77,698.26,349,1,1,2,291.55,142.0,1,621.46,22.0,1,194.5,98.0,1,414.4,15.0,1,5.2062,11.0975,0.8086709547332143
251,처치,1,61,70,1874.17,8072,10,0,57,994.5,348,1,0,1,125.82,33.0,1,185.21,5.0,1,85.39,19.0,1,89.65,2.0,1,2.2468,3.3073,0.6680237297307957
257,대조,0,76,100,2109.42,15963,15,0,71,1251.2,630,1,0,3,207.99,84.0,1,355.1,14.0,1,168.41,62.0,1,265.4,8.0,1,3.7141,6.3411,0.656298256433877
258,처치,1,170,191,2149.43,38305,11,0,142,841.11,662,1,0,4,14.03,8.0,1,74.01,4.0,1,0.0,0.0,0,3.99,1.0,1,0.2505,1.3216,0.8488096064968108
261,처치,1,40,43,1175.23,132966,51,0,22,289.66,115,1,0,0,0.0,0.0,0,0.0,0.0,0,0.0,0.0,0,0.0,0.0,0,0.0,0.0,0.21432293285002546
264,처치,1,56,58,1667.44,26383,14,0,50,608.88,230,1,0,0,38.41,16.0,1,88.61,2.0,1,6.5,3.0,1,21.08,1.0,1,0.6859,1.5823,0.6468786724508344
266,대조,0,48,49,2401.07,44344,1,0,42,1298.06,562,1,0,2,82.08,29.0,1,135.54,3.0,1,0.0,0.0,0,0.0,0.0,0,1.4657,2.4204,0.5387419540619092
271,대조,0,78,89,740.96,346,50,0,23,268.51,103,1,0,4,47.62,4.0,1,59.59,3.0,1,0.0,0.0,0,0.0,0.0,0,0.8504,1.0641,0.061224329822286004
273,처치,1,83,95,1775.26,734,3,0,57,721.48,262,1,0,1,181.67,63.0,1,499.38,18.0,1,73.0,24.0,1,214.44,10.0,1,3.2441,8.9175,0.6738583358117152
275,처치,1,190,242,4817.13,155964,1,0,168,2208.01,1093,1,0,2,323.65,166.0,1,780.97,37.0,1,177.32,80.0,1,408.73,19.0,1,5.7795,13.9459,0.9695539535688553
278,대조,0,61,62,1803.64,706,2,0,50,858.49,319,1,0,3,11.87,3.0,1,51.36,4.0,1,0.0,0.0,0,22.93,1.0,1,0.212,0.9171,0.4804319159586726
279,대조,0,35,43,1477.16,103090,4,0,31,780.34,366,1,1,1,139.5,54.0,1,320.48,7.0,1,124.23,48.0,1,280.21,6.0,1,2.4911,5.7229,0.404671448984999
280,대조,0,69,79,1835.82,88730,2,0,52,1136.79,387,1,0,1,175.74,57.0,1,310.3,17.0,1,70.37,26.0,1,99.12,10.0,1,3.1382,5.5411,0.6438474594245522
282,처치,1,71,83,3089.76,110853,15,0,53,1340.34,559,1,6,4,89.71000000000001,32.0,1,366.86,8.0,1,57.66,16.0,1,213.88,5.0,1,1.602,6.5511,0.6939175902238849
286,대조,0,25,30,877.71,407,1,0,23,281.72,93,1,0,1,51.8,10.0,1,210.05,6.0,1,18.53,7.0,1,48.66,3.0,1,0.925,3.7509,0.1670910899455564
287,처치,1,166,199,2279.8,75621,7,0,136,1079.99,470,1,0,7,163.55,72.0,1,362.33,30.0,1,48.33,24.0,1,143.11,11.0,1,2.9205,6.4702,0.7054369618766327
288,대조,0,61,71,2469.96,187629,41,0,50,1139.22,457,1,0,3,91.57,53.0,1,210.99,8.0,1,64.65,39.0,1,120.12,5.0,1,1.6352,3.7677,0.5169430001907377
289,처치,1,115,140,4208.87,521862,2,0,92,1649.73,873,1,0,4,458.52,175.0,1,954.47,23.0,1,233.28,93.0,1,526.58,14.0,1,8.1879,17.0441,0.8308361801555552
297,대조,0,68,77,1836.88,862,8,0,60,1002.33,404,1,0,2,535.75,177.0,1,869.36,21.0,1,140.16,55.0,1,226.41,7.0,1,9.567,15.5243,0.6246136856600908
300,처치,1,78,89,4497.04,1881,9,0,80,2420.84,885,1,0,5,133.44,42.0,1,295.56,12.0,1,102.48,28.0,1,195.93,8.0,1,2.3829,5.2779,0.7336097081512571
302,대조,0,67,72,1508.62,10976,18,0,49,822.72,258,1,0,1,73.22,30.0,1,157.51,14.0,1,19.14,7.0,1,32.980000000000004,3.0,1,1.3075,2.8127,0.5480291744956244
307,처치,1,271,326,1961.07,47154,1,0,157,563.46,305,1,1,3,83.69,29.0,1,322.87,40.0,1,70.10000000000001,24.0,1,219.56,21.0,1,1.4945,5.7655,0.9228168205269982
308,처치,1,53,57,1658.59,61153,3,0,37,558.11,191,1,0,0,127.18,46.0,1,396.2,12.0,1,43.73,14.0,1,98.46,3.0,1,2.2711,7.075,0.5303952765883647
312,대조,0,33,36,2225.8,901,6,0,34,1074.49,506,1,0,2,45.76,16.0,1,124.17,1.0,1,45.76,16.0,1,124.17,1.0,1,0.8171,2.2173,0.4036195007780649
318,처치,1,66,85,1080.18,16611,6,0,44,420.73,239,1,3,2,10.77,4.0,1,16.240000000000002,1.0,1,0.0,0.0,0,0.0,0.0,0,0.1923,0.29,0.48527906696813494
319,처치,1,81,96,3411.51,206210,2,0,74,1629.57,806,1,0,4,143.32,48.0,1,311.82,10.0,1,108.19,31.0,1,203.5,4.0,1,2.5593,5.5682,0.7255628512501381
322,처치,1,48,54,1953.65,12806,25,0,47,840.17,375,1,0,2,75.61,27.0,1,133.52,6.0,1,75.61,27.0,1,133.52,6.0,1,1.3502,2.3843,0.508397795893472
330,처치,1,160,177,1503.2,68352,1,0,127,714.89,389,1,0,1,27.54,17.0,1,40.79,9.0,1,27.54,17.0,1,40.2,8.0,1,0.4918,0.7284,0.894530421508818
331,대조,0,44,54,1032.45,458,35,0,45,446.5,165,1,0,2,144.59,37.0,1,200.62,8.0,1,144.59,37.0,1,200.62,8.0,1,2.582,3.5825,0.3434157499869003
333,대조,0,34,38,1245.82,717,8,0,36,838.3100000000001,386,1,0,1,0.0,0.0,0,0.0,0.0,0,0.0,0.0,0,0.0,0.0,0,0.0,0.0,0.3672033707069287
335,처치,1,114,129,2436.91,927,13,0,106,1203.4,444,1,0,2,55.16,30.0,1,145.46,10.0,1,18.01,11.0,1,52.55,4.0,1,0.985,2.5975,0.8617366784404483
336,대조,0,76,110,2824.17,112844,7,0,63,1451.96,673,1,0,2,115.87,56.0,1,241.54,8.0,1,65.63,26.0,1,147.49,6.0,1,2.0691,4.3132,0.7352332496717415
337,대조,0,53,54,836.9300000000001,31163,5,0,44,468.21,215,1,0,1,54.03,11.0,1,90.53,6.0,1,33.76,7.0,1,63.45,5.0,1,0.9648,1.6166,0.3784678863617502
339,처치,1,54,57,1509.04,1069,3,0,53,1009.62,641,1,0,1,6.75,4.0,1,12.15,3.0,1,3.76,2.0,1,3.76,1.0,1,0.1205,0.217,0.6015049153519629
342,대조,0,30,33,1660.01,801,16,0,25,1019.07,413,1,0,1,93.32,34.0,1,151.61,8.0,1,74.74,22.0,1,122.28,5.0,1,1.6664,2.7073,0.2711092711637417
343,대조,0,52,53,1050.1,415,23,0,42,381.33,154,1,0,1,26.8,13.0,1,170.72,6.0,1,10.66,4.0,1,57.41,2.0,1,0.4786,3.0486,0.3884581758174294
346,처치,1,97,102,4222.2699999999995,1814,3,0,91,1757.46,856,1,1,2,290.37,125.0,1,640.0600000000001,13.0,1,154.23,64.0,1,276.92,5.0,1,5.1852,11.4296,0.9121374402126081
348,대조,0,57,71,1458.78,887,4,0,51,872.37,379,1,0,1,621.65,240.0,1,1026.86,40.0,1,490.5,179.0,1,672.5500000000001,15.0,1,11.1009,18.3368,0.5770206490974504
353,처치,1,84,94,2560.58,1053,1,0,72,1410.28,523,1,1,2,333.39,132.0,1,733.36,20.0,1,225.5,87.0,1,482.75,11.0,1,5.9534,13.0957,0.8149080211833467
356,대조,0,145,195,2218.8,110054,8,0,89,346.09,208,1,0,1,10.03,7.0,1,221.26,15.0,1,4.25,4.0,1,106.54,8.0,1,0.1791,3.9511,0.8523371282126287
362,처치,1,77,77,2465.92,50663,5,0,68,1218.79,579,1,2,2,88.14,43.0,1,205.76,5.0,1,53.53,22.0,1,107.6,3.0,1,1.5739,3.6743,0.8028920960160262
364,처치,1,73,77,2321.82,12016,38,0,67,1184.44,398,1,0,4,32.03,9.0,1,75.06,4.0,1,16.09,5.0,1,43.02,2.0,1,0.572,1.3404,0.5688391833829287
365,처치,1,116,145,6128.97,110014,3,0,123,3956.38,1115,1,0,6,276.79,83.0,1,438.35,11.0,1,132.73,39.0,1,256.99,7.0,1,4.9427,7.8277,0.8692613648142961
368,대조,0,46,48,1112.43,45719,4,0,24,477.48,177,1,0,3,9.78,4.0,1,15.47,1.0,1,0.0,0.0,0,0.0,0.0,0,0.1746,0.2762,0.12965773775942308
370,처치,1,120,133,3386.78,329146,31,0,89,1157.16,528,1,0,0,0.0,0.0,0,0.0,0.0,0,0.0,0.0,0,0.0,0.0,0,0.0,0.0,0.9111810383921066
387,처치,1,99,113,4348.36,1489,3,0,84,1739.49,641,1,1,2,195.51,62.0,1,500.22,8.0,1,126.37,40.0,1,381.01,7.0,1,3.4912,8.9325,0.9024331956656881
390,처치,1,83,85,1483.16,12029,5,0,53,557.83,218,1,0,2,56.17,18.0,1,171.16,14.0,1,27.9,11.0,1,92.1,8.0,1,1.003,3.0564,0.528372188885946
393,처치,1,125,147,2979.83,1538,2,0,91,1442.62,652,1,1,3,256.64,113.0,1,466.41,14.0,1,256.64,113.0,1,461.76,13.0,1,4.5829,8.3288,0.8552296643452528
396,대조,0,80,89,1303.66,52405,7,0,44,521.09,213,1,0,3,152.59,66.0,1,302.08,12.0,1,51.85,13.0,1,94.34,5.0,1,2.7248,5.3943,0.3443487714555395
398,처치,1,72,94,1636.23,77907,2,0,50,679.09,416,1,0,0,39.45,21.0,1,157.44,14.0,1,29.77,17.0,1,79.17,8.0,1,0.7045,2.8114,0.6701348260322364
403,대조,0,39,39,815.59,277,16,0,37,665.25,202,1,0,1,32.66,11.0,1,98.97,7.0,1,11.88,5.0,1,65.84,4.0,1,0.5832,1.7673,0.2857713833421822
405,처치,1,80,86,3245.74,507412,9,0,39,1132.49,681,1,0,2,75.08,49.0,1,212.13,6.0,1,15.83,12.0,1,85.23,3.0,1,1.3407,3.788,0.5592425361300245
410,대조,0,97,101,917.96,593,1,0,86,596.84,316,1,0,1,93.47,33.0,1,145.76,15.0,1,34.58,13.0,1,65.04,8.0,1,1.6691,2.6029,0.7165085058115581
412,처치,1,78,85,1922.49,8874,5,0,78,1210.43,730,1,4,2,96.49,57.0,1,253.47,10.0,1,52.41,30.0,1,118.38,3.0,1,1.723,4.5262,0.8333652850192322
414,처치,1,85,122,2073.61,57371,4,0,95,919.43,403,1,0,3,94.24,41.0,1,211.32,16.0,1,76.07000000000001,33.0,1,147.44,10.0,1,1.6829,3.7736,0.7772511437771311
419,처치,1,39,41,1661.16,40897,79,0,29,815.5,362,1,0,0,25.790000000000003,5.0,1,35.45,5.0,1,0.0,0.0,0,3.17,1.0,1,0.4605,0.633,0.37500808639398764
420,처치,1,76,89,1907.09,891,30,0,64,1145.81,445,1,0,4,0.0,0.0,0,0.0,0.0,0,0.0,0.0,0,0.0,0.0,0,0.0,0.0,0.5085527451454712
426,처치,1,155,186,6415.57,858916,1,0,126,2569.33,1159,1,6,2,323.22,129.0,1,623.35,16.0,1,177.38,60.0,1,309.5,8.0,1,5.7718,11.1312,0.9787118153917432
430,대조,0,56,70,1022.06,7873,1,0,47,484.84,190,1,0,1,226.23,78.0,1,520.96,17.0,1,119.4,42.0,1,249.36,12.0,1,4.0398,9.3029,0.47152435205736265
432,대조,0,161,187,2684.6,50262,2,0,131,1108.45,531,1,0,2,159.48,73.0,1,302.07,29.0,1,80.13,45.0,1,141.74,12.0,1,2.8479,5.3941,0.9185602296012779
433,대조,0,55,62,759.21,420,9,0,50,461.53,213,1,0,2,49.33,15.0,1,77.62,6.0,1,18.55,7.0,1,32.32,4.0,1,0.8809,1.3861,0.3420296310763105
439,대조,0,27,32,502.44,181,3,0,19,172.13,76,1,0,1,12.89,8.0,1,44.16,3.0,1,1.67,1.0,1,8.0,1.0,1,0.2302,0.7886,0.07627219717296256
441,대조,0,61,61,1999.27,935,2,0,59,878.77,402,1,0,1,73.78,26.0,1,166.45000000000002,6.0,1,41.38,13.0,1,62.8,3.0,1,1.3175,2.9723,0.7083544889438935
442,대조,0,79,97,1813.68,108315,2,0,67,852.32,465,1,0,2,116.43,51.0,1,353.25,46.0,1,50.82,26.0,1,161.78,23.0,1,2.0791,6.308,0.685256583911945
443,처치,1,69,78,2010.72,1172,5,0,68,1210.08,739,1,2,3,165.48,115.0,1,277.17,10.0,1,100.92,61.0,1,146.02,5.0,1,2.955,4.9495,0.7180774255997658
447,대조,0,101,119,1289.21,11824,24,0,92,565.98,344,1,0,4,12.66,6.0,1,65.82000000000001,3.0,1,0.0,0.0,0,0.0,0.0,0,0.2261,1.1754,0.5936085545072486
450,처치,1,53,53,1227.44,670,16,0,46,596.95,317,1,0,0,78.42,32.0,1,171.69,6.0,1,44.879999999999995,16.0,1,80.83,2.0,1,1.4004,3.0659,0.5397057884479174
451,처치,1,102,118,1810.1,44553,3,0,75,847.22,310,1,0,2,119.06,53.0,1,292.68,21.0,1,60.61,21.0,1,178.71,14.0,1,2.1261,5.2264,0.7272697988699258
458,처치,1,86,100,1337.42,31886,6,0,85,792.73,503,1,2,4,64.94,21.0,1,102.01,9.0,1,32.61,15.0,1,45.14,5.0,1,1.1596,1.8216,0.6678502723577248
459,처치,1,60,60,944.9,307,12,0,54,381.2,163,1,0,1,24.1,12.0,1,112.87,3.0,1,0.0,0.0,0,0.0,0.0,0,0.4304,2.0155,0.48858408915841256
460,처치,1,83,101,628.76,41688,1,0,74,266.5,156,1,0,3,38.43,14.0,1,65.99,4.0,1,8.450000000000001,6.0,1,22.52,2.0,1,0.6862,1.1784,0.4342106295806566
462,대조,0,77,82,1279.5,581,5,0,72,722.75,337,1,0,1,60.54,24.0,1,143.73,7.0,1,15.43,5.0,1,46.0,3.0,1,1.0811,2.5666,0.6955575287054976
463,처치,1,323,491,4819.99,426773,1,0,369,2577.42,968,1,0,3,257.3,109.0,1,521.15,56.0,1,159.73000000000002,60.0,1,318.23,35.0,1,4.5946,9.3062,0.9909262846570949
468,처치,1,202,260,3924.64,16597,2,0,175,1658.49,676,1,0,6,329.49,107.0,1,863.5600000000001,35.0,1,188.15,64.0,1,336.23,15.0,1,5.8838,15.4207,0.8999395195070836
473,처치,1,46,60,2723.86,220747,17,0,41,1256.46,580,1,0,1,172.02,68.0,1,374.06,7.0,1,108.98,52.0,1,259.93,5.0,1,3.0718,6.6796,0.5981346463601286
475,대조,0,30,31,1184.42,596,65,0,24,628.42,274,1,0,1,74.43,21.0,1,184.82,8.0,1,52.38,14.0,1,106.89,5.0,1,1.3291,3.3004,0.18967505535984647
479,대조,0,116,164,1660.3,974,37,0,65,726.5,334,1,0,2,40.75,20.0,1,53.41,7.0,1,0.0,0.0,0,0.0,0.0,0,0.7277,0.9538,0.6293040267712892
480,대조,0,68,80,3217.36,222919,1,0,52,1464.45,697,1,0,4,152.24,62.0,1,375.94,10.0,1,73.81,30.0,1,218.18,7.0,1,2.7186,6.7132,0.5691360463899783
481,대조,0,40,43,1756.33,877,88,0,36,903.74,404,1,0,1,20.11,11.0,1,76.82,3.0,1,9.67,6.0,1,43.77,1.0,1,0.3591,1.3718,0.41272939527080715
482,처치,1,42,53,1318.8,3472,42,0,44,715.92,295,1,0,0,36.94,5.0,1,37.82,1.0,1,0.0,0.0,0,0.0,0.0,0,0.6596,0.6754,0.5226036461639578
483,처치,1,71,76,2160.38,1076,6,0,64,1245.07,570,1,0,2,77.09,31.0,1,304.32,12.0,1,46.34,18.0,1,174.75,5.0,1,1.3766,5.4343,0.6879035314022403
484,처치,1,92,110,2136.68,14763,13,0,82,936.91,415,1,0,2,246.26,102.0,1,486.9,17.0,1,146.89,63.0,1,273.56,8.0,1,4.3975,8.6946,0.7725327153814612
490,처치,1,60,68,3253.89,17197,2,0,63,1697.45,825,1,5,4,129.54,81.0,1,269.67,5.0,1,93.46,56.0,1,204.28,4.0,1,2.3132,4.8155,0.7713091592627973
502,처치,1,36,49,2067.85,1131,89,0,37,1392.19,594,1,0,0,9.78,3.0,1,24.299999999999997,2.0,1,0.0,0.0,0,0.0,0.0,0,0.1746,0.4339,0.5343561181007948
507,대조,0,54,59,1306.36,35595,18,0,32,485.89,241,1,0,1,4.0,2.0,1,19.47,3.0,1,4.0,2.0,1,9.0,1.0,1,0.0714,0.3477,0.3248552618621751
508,대조,0,40,46,908.16,369,55,0,27,336.19,138,1,0,1,67.83,34.0,1,170.65,6.0,1,26.48,10.0,1,54.23,3.0,1,1.2112,3.0473,0.1901496664881009
514,처치,1,47,47,1800.62,1007,5,0,46,1398.72,788,1,0,1,148.47,96.0,1,182.79,6.0,1,40.77,40.0,1,49.66,2.0,1,2.6512,3.2641,0.5690189388846449
515,처치,1,33,37,1439.32,816,15,0,35,813.4300000000001,416,1,0,2,63.92,36.0,1,146.97,4.0,1,54.33,22.0,1,98.02,2.0,1,1.1414,2.6245,0.3139911087931251
519,대조,0,28,28,776.61,327,45,0,24,374.22,156,1,0,1,4.45,3.0,1,30.48,3.0,1,4.45,3.0,1,23.52,1.0,1,0.0795,0.5443,0.13900135992223298
520,처치,1,84,92,1737.26,4680,16,0,79,962.81,452,1,0,0,97.99,41.0,1,193.9,10.0,1,86.74000000000001,36.0,1,169.29,7.0,1,1.7498,3.4625,0.8189880767021812
523,처치,1,163,184,3658.76,243213,3,0,154,1483.51,736,1,0,1,446.51,187.0,1,1389.21,61.0,1,318.65000000000003,133.0,1,941.37,42.0,1,7.9734,24.8073,0.9635336954418036
524,처치,1,62,64,1916.37,7568,27,0,58,1515.66,638,1,0,4,24.1,12.0,1,28.19,3.0,1,2.27,1.0,1,2.27,1.0,1,0.4304,0.5034,0.4606861781116956
529,대조,0,43,55,1781.02,939,68,0,45,1097.53,495,1,0,2,0.0,0.0,0,0.0,0.0,0,0.0,0.0,0,0.0,0.0,0,0.0,0.0,0.45382088078623867
530,대조,0,45,46,1293.64,6185,2,0,38,638.47,220,1,0,1,67.88,27.0,1,136.2,5.0,1,58.89,26.0,1,127.21,4.0,1,1.2121,2.4321,0.41652746340453545
533,대조,0,49,53,2288.73,1123,17,0,48,1311.89,556,1,0,2,163.59,54.0,1,257.54,7.0,1,90.08,31.0,1,134.27,4.0,1,2.9212,4.5989,0.5589423986241868
534,처치,1,268,364,1002.65,20680,1,0,222,483.61,343,1,0,2,67.13,40.0,1,149.28,48.0,1,40.34,24.0,1,98.65,32.0,1,1.1988,2.6657,0.9289737377543259
536,대조,0,67,78,1452.9,4366,5,0,65,868.29,428,1,0,4,12.15,7.0,1,15.34,4.0,1,12.15,7.0,1,12.65,3.0,1,0.217,0.2739,0.4748250498738711
537,대조,0,34,37,1199.86,438,24,0,34,574.78,230,1,0,1,41.7,15.0,1,119.45,4.0,1,9.28,3.0,1,41.59,1.0,1,0.7446,2.133,0.3224437239921863
538,처치,1,49,52,3009.9700000000003,27658,6,0,46,1794.28,721,1,0,1,443.21,178.0,1,709.22,9.0,1,176.67,75.0,1,301.95,3.0,1,7.9145,12.6646,0.6781471314104094
540,대조,0,59,65,1983.79,52566,4,0,56,1184.05,443,1,0,1,343.91,116.0,1,553.82,13.0,1,233.03,78.0,1,362.26,10.0,1,6.1412,9.8896,0.6810977650211304
542,처치,1,92,98,1834.06,77090,10,0,70,832.14,416,1,0,1,123.25,54.0,1,318.59000000000003,13.0,1,88.23,45.0,1,226.03,7.0,1,2.2009,5.6891,0.7464695797394216
544,처치,1,81,121,1527.11,14709,3,0,73,825.38,380,1,0,2,3.69,2.0,1,12.03,2.0,1,3.69,2.0,1,9.82,1.0,1,0.0659,0.2148,0.6849804152559491
545,처치,1,43,43,2125.47,16271,11,0,41,946.84,464,1,4,2,104.35,53.0,1,226.74,7.0,1,77.82000000000001,40.0,1,169.63,5.0,1,1.8634,4.0489,0.6068443686454688
546,처치,1,97,117,3119.36,224982,8,0,69,901.96,561,1,0,2,84.61,56.0,1,219.64,5.0,1,67.65,40.0,1,143.38,3.0,1,1.5109,3.9221,0.7820602668049165
549,처치,1,67,87,2070.45,864,8,0,73,1085.3,384,1,0,0,14.57,5.0,1,28.66,2.0,1,0.0,0.0,0,0.0,0.0,0,0.2602,0.5118,0.8258136021661069
562,처치,1,58,61,2403.68,31070,10,0,54,915.24,312,1,0,1,105.4,32.0,1,292.19,10.0,1,45.24,16.0,1,152.23000000000002,7.0,1,1.8821,5.2177,0.6939752170094156
563,대조,0,50,62,2118.23,114217,6,0,42,836.19,383,1,0,1,71.76,42.0,1,200.07,5.0,1,26.09,15.0,1,91.1,2.0,1,1.2814,3.5727,0.5664593723352457
566,대조,0,91,142,1169.11,61223,71,0,52,384.64,180,1,0,1,0.0,0.0,0,0.0,0.0,0,0.0,0.0,0,0.0,0.0,0,0.0,0.0,0.5087266223326466
567,대조,0,176,207,2292.56,25005,1,0,127,903.39,409,1,0,3,201.55,80.0,1,450.17,26.0,1,123.94,48.0,1,275.64,16.0,1,3.5991,8.0388,0.8772183336324838
570,대조,0,26,29,1097.39,445,9,0,28,713.86,270,1,0,1,3.29,1.0,1,7.67,1.0,1,0.0,0.0,0,0.0,0.0,0,0.0588,0.137,0.24231460528357104
572,대조,0,33,45,903.15,3356,71,0,36,509.17,269,1,0,2,0.0,0.0,0,0.0,0.0,0,0.0,0.0,0,0.0,0.0,0,0.0,0.0,0.2262211896631776
573,대조,0,93,96,3039.1,100055,4,0,76,1354.86,486,1,3,3,29.15,9.0,1,52.58,4.0,1,15.08,6.0,1,34.52,2.0,1,0.5205,0.9389,0.8374231011157094
575,처치,1,233,290,9732.5,241840,1,0,222,3427.38,1542,1,0,6,316.8,148.0,1,825.9,30.0,1,108.87,56.0,1,308.13,11.0,1,5.6571,14.7482,0.9707432356686253
577,대조,0,29,31,3360.43,1217,7,0,27,1471.27,544,1,1,1,141.52,58.0,1,538.83,4.0,1,104.27,39.0,1,312.47,2.0,1,2.5271,9.622,0.5171806457752365
578,처치,1,81,90,2058.06,15662,1,0,75,1132.76,374,1,0,1,130.86,32.0,1,241.15,9.0,1,87.10000000000001,13.0,1,125.88,5.0,1,2.3368,4.3062,0.8029194285165752
580,대조,0,67,71,1009.4,7436,6,0,41,244.78,109,1,0,2,36.51,20.0,1,133.13,12.0,1,14.65,9.0,1,71.15,6.0,1,0.652,2.3773,0.32517635274299916
581,대조,0,105,122,4516.32,18917,4,0,107,1909.65,1020,1,1,3,145.53,63.0,1,280.0,13.0,1,68.07000000000001,31.0,1,148.64,6.0,1,2.5988,5.0,0.9181506491712307
582,처치,1,107,114,4031.97,76690,3,0,93,1606.98,546,1,0,2,296.42,68.0,1,562.14,12.0,1,114.66,30.0,1,279.18,8.0,1,5.2932,10.0382,0.891938136151133
583,처치,1,108,127,2563.83,1029,1,0,82,1243.08,439,1,0,5,219.61,72.0,1,319.0,19.0,1,208.53,69.0,1,273.65,13.0,1,3.9216,5.6964,0.6587567523839294
584,대조,0,44,56,1098.3,119873,52,0,40,542.35,132,1,0,1,0.0,0.0,0,0.0,0.0,0,0.0,0.0,0,0.0,0.0,0,0.0,0.0,0.3672946871746472
594,처치,1,71,90,2006.94,38096,11,0,51,893.83,418,1,0,2,52.83,33.0,1,166.07,4.0,1,34.18,17.0,1,93.14,1.0,1,0.9434,2.9655,0.57040938843843
595,처치,1,109,126,2077.53,1008,2,0,110,962.7,441,1,0,4,100.61,41.0,1,197.51,14.0,1,35.99,13.0,1,78.87,9.0,1,1.7966,3.527,0.7809987155246729
596,처치,1,90,97,2353.43,5369,6,0,65,1081.61,423,1,1,3,124.67,33.0,1,350.65,6.0,1,90.9,24.0,1,266.82,3.0,1,2.2262,6.2616,0.7032685433555322
598,처치,1,135,173,2500.61,52079,6,0,133,1272.37,597,1,0,5,253.65,117.0,1,462.18,21.0,1,157.37,74.0,1,296.19,14.0,1,4.5295,8.2532,0.814953921209939
601,처치,1,63,69,4624.53,209296,21,0,52,2121.32,944,1,0,4,131.7,30.0,1,224.55,6.0,1,126.71,29.0,1,213.58,5.0,1,2.3518,4.0098,0.6142546818951846
603,처치,1,114,165,3157.52,239307,102,0,108,1495.82,647,1,0,4,0.0,0.0,0,11.05,5.0,1,0.0,0.0,0,8.05,4.0,1,0.0,0.1973,0.8078666318585087
604,대조,0,41,43,1656.83,659,4,0,40,783.35,331,1,0,1,76.15,33.0,1,171.77,5.0,1,32.410000000000004,13.0,1,77.86,3.0,1,1.3598,3.0673,0.4875414854649576
607,처치,1,156,213,3175.45,152771,17,0,153,1849.65,1064,1,0,2,0.0,0.0,0,5.99,2.0,1,0.0,0.0,0,5.99,2.0,1,0.0,0.107,0.9411692686168881
609,처치,1,130,149,1543.93,46266,5,0,99,683.42,345,1,0,3,33.58,17.0,1,82.4,7.0,1,23.61,14.0,1,49.7,3.0,1,0.5996,1.4714,0.7424025912646484
612,대조,0,81,96,2624.2,97824,6,0,65,1080.57,487,1,0,3,178.43,76.0,1,525.99,21.0,1,104.69,45.0,1,292.13,11.0,1,3.1863,9.3927,0.6742751520384251
621,처치,1,100,102,2304.0,842,2,0,92,1144.48,377,1,0,1,179.5,59.0,1,399.66,20.0,1,81.66,27.0,1,205.03,11.0,1,3.2054,7.1368,0.866658429822129
622,처치,1,104,114,1933.78,4524,2,0,84,833.16,300,1,0,4,93.75,32.0,1,174.44,13.0,1,57.98,17.0,1,89.69,6.0,1,1.6741,3.115,0.6678497963530489
624,처치,1,111,128,4437.42,216325,3,0,83,2131.96,1118,1,0,4,436.26,185.0,1,870.66,15.0,1,197.34,81.0,1,409.09,8.0,1,7.7904,15.5475,0.8064256470042148
630,처치,1,151,175,6276.29,781825,8,0,128,3261.14,1576,1,5,5,346.95,150.0,1,545.03,13.0,1,180.38,71.0,1,303.26,6.0,1,6.1955,9.7327,0.9450750324965386
631,처치,1,315,397,7387.6,675898,2,0,258,2952.18,1335,1,0,4,398.07,175.0,1,1008.2,43.0,1,124.23,67.0,1,379.77,19.0,1,7.1084,18.0036,0.9836066051037593
632,처치,1,67,74,2490.34,99842,9,0,59,1308.66,549,1,0,1,140.32,57.0,1,247.15,4.0,1,140.32,57.0,1,247.15,4.0,1,2.5057,4.4134,0.7372595687393064
633,처치,1,100,135,4382.9800000000005,187883,2,0,96,2310.33,721,1,0,1,281.75,78.0,1,528.2,16.0,1,87.49,29.0,1,233.5,11.0,1,5.0312,9.4321,0.9280010706586617
634,대조,0,34,35,1555.15,620,118,0,27,754.75,271,1,0,3,0.0,0.0,0,0.0,0.0,0,0.0,0.0,0,0.0,0.0,0,0.0,0.0,0.17028538231277535
635,대조,0,29,31,311.88,140,148,0,29,273.94,118,1,0,1,8.969999999999999,3.0,1,8.969999999999999,1.0,1,0.0,0.0,0,0.0,0.0,0,0.1602,0.1602,0.0850990532008997
637,처치,1,71,86,2163.8,6228,2,0,80,1151.12,612,1,0,6,123.4,53.0,1,221.02,14.0,1,94.72,41.0,1,142.07999999999998,8.0,1,2.2036,3.9468,0.5315296973173484
639,처치,1,55,67,706.51,357,6,0,47,467.74,178,1,0,0,21.98,12.0,1,53.32,12.0,1,16.990000000000002,9.0,1,43.57,11.0,1,0.3925,0.9521,0.4398667015729997
640,처치,1,77,88,2141.76,91855,114,0,63,1003.19,461,1,0,2,0.0,0.0,0,0.0,0.0,0,0.0,0.0,0,0.0,0.0,0,0.0,0.0,0.6464367779573307
642,처치,1,59,63,2181.37,12402,15,0,52,1161.28,408,1,0,6,0.0,0.0,0,26.97,1.0,1,0.0,0.0,0,26.97,1.0,1,0.0,0.4816,0.31497074058496993
646,처치,1,33,39,1541.93,104879,59,0,26,587.8100000000001,292,1,0,0,41.28,17.0,1,68.73,1.0,1,0.0,0.0,0,0.0,0.0,0,0.7371,1.2273,0.3178841706894934
650,대조,0,64,71,1345.93,673,51,0,62,633.04,289,1,1,4,8.45,3.0,1,10.45,2.0,1,6.66,2.0,1,6.66,1.0,1,0.1509,0.1866,0.46206088024615766
654,대조,0,97,107,1694.24,872,4,0,96,818.96,430,1,0,2,158.76,73.0,1,382.65,24.0,1,134.42000000000002,60.0,1,268.71,13.0,1,2.835,6.833,0.7957498426031027
662,처치,1,32,33,1243.58,457,20,0,23,521.99,210,1,0,0,9.33,3.0,1,24.8,3.0,1,0.0,0.0,0,4.99,1.0,1,0.1666,0.4429,0.24381240448657823
665,대조,0,30,31,583.51,272,32,0,19,195.46,73,1,0,1,3.49,1.0,1,39.66,2.0,1,3.49,1.0,1,15.63,1.0,1,0.0623,0.7082,0.07733697265378676
671,처치,1,93,106,4432.19,399990,9,0,69,1636.09,719,1,0,2,104.62,62.0,1,430.44,12.0,1,17.37,13.0,1,53.849999999999994,3.0,1,1.8682,7.6864,0.8302080148197535
672,대조,0,82,89,1870.85,58319,2,0,74,964.76,490,1,0,1,136.24,81.0,1,247.74,12.0,1,35.36,21.0,1,66.07000000000001,6.0,1,2.4329,4.4239,0.7805423010019827
675,대조,0,123,166,3552.2200000000003,189675,1,0,94,1534.45,584,1,0,3,193.42,69.0,1,420.52,20.0,1,98.49,35.0,1,184.73,9.0,1,3.4539,7.5093,0.8573435371960513
680,처치,1,68,78,2846.04,1643,1,0,64,1385.58,652,1,2,2,108.76,50.0,1,243.77,8.0,1,81.77,37.0,1,188.86,6.0,1,1.9421,4.353,0.815564669962838
681,대조,0,53,53,2218.29,24655,1,0,41,955.25,348,1,3,5,127.3,43.0,1,218.0,6.0,1,83.27,27.0,1,136.08,4.0,1,2.2732,3.8929,0.4160990752257014
682,처치,1,159,217,4438.29,498949,18,0,153,1778.01,852,1,0,2,0.0,0.0,0,0.0,0.0,0,0.0,0.0,0,0.0,0.0,0,0.0,0.0,0.9559295735785789
684,처치,1,85,94,1808.12,35564,1,0,67,885.7,506,1,0,5,75.85,35.0,1,133.88,8.0,1,48.39,27.0,1,87.5,4.0,1,1.3545,2.3907,0.48636860041738156
685,처치,1,148,164,4646.93,41272,1,0,112,1770.05,635,1,0,1,274.01,88.0,1,555.36,19.0,1,149.77,50.0,1,304.03000000000003,9.0,1,4.893,9.9171,0.9493873893357774
687,처치,1,44,51,2357.98,1051,21,0,46,1439.79,559,1,0,2,374.36,151.0,1,619.22,10.0,1,244.95,93.0,1,385.32,4.0,1,6.685,11.0575,0.5429309546671077
688,대조,0,26,26,2870.63,968,21,0,26,1559.3,490,1,0,3,126.88,43.0,1,219.9,1.0,1,0.0,0.0,0,0.0,0.0,0,2.2657,3.9268,0.26636335505930003
690,처치,1,172,228,4220.72,173852,15,0,132,1385.43,539,1,0,3,71.27,28.0,1,212.12,18.0,1,50.14,20.0,1,155.02,8.0,1,1.2727,3.7879,0.9230621321720335
691,처치,1,40,41,2010.37,878,73,0,38,1075.36,485,1,0,2,130.35,51.0,1,256.47,6.0,1,123.02,48.0,1,183.84,2.0,1,2.3277,4.5798,0.399811998613451
692,처치,1,86,97,2986.26,140230,10,0,79,1207.39,561,1,1,3,196.48,89.0,1,469.98,15.0,1,106.28,45.0,1,249.66,8.0,1,3.5086,8.3925,0.80478809447147
694,대조,0,106,133,1512.14,660,88,0,108,548.65,278,1,0,2,30.06,15.0,1,125.8,7.0,1,14.76,6.0,1,75.87,4.0,1,0.5368,2.2464,0.7900066698620383
696,처치,1,200,255,11645.96,711795,1,0,178,4669.39,1925,1,4,1,502.29,194.0,1,1275.33,33.0,1,171.8,58.0,1,513.31,15.0,1,8.9695,22.7738,0.9945552104598562
698,대조,0,92,112,936.64,17474,19,0,44,375.34,152,1,0,3,50.46,21.0,1,116.66,8.0,1,24.1,8.0,1,32.81,3.0,1,0.9011,2.0832,0.27204890798795744
700,대조,0,25,28,1868.8,15060,83,0,22,971.87,334,1,0,2,108.03,28.0,1,243.26,2.0,1,0.0,0.0,0,0.0,0.0,0,1.9291,4.3439,0.18317030486405017
702,처치,1,194,231,6392.89,338180,5,0,181,3330.64,1355,1,4,3,360.2,151.0,1,644.26,20.0,1,157.82,69.0,1,272.13,10.0,1,6.4321,11.5046,0.9829486798879559
708,처치,1,48,55,2136.6,1000,14,0,48,1299.01,619,1,0,3,155.48000000000002,78.0,1,270.3,6.0,1,56.02,29.0,1,120.51,3.0,1,2.7764,4.8268,0.4757490623220269
714,처치,1,187,234,3054.83,1893,3,0,193,1839.27,944,1,0,4,454.29,199.0,1,660.71,26.0,1,158.89,77.0,1,204.06,14.0,1,8.1123,11.7984,0.9367097462269611
715,처치,1,103,135,2770.53,29847,2,0,91,1142.6,616,1,0,2,200.7,85.0,1,385.64,21.0,1,160.45,60.0,1,279.91,14.0,1,3.5839,6.8864,0.8524140503976049
716,대조,0,66,71,1123.98,19050,2,0,61,780.58,356,1,2,1,25.27,8.0,1,33.74,2.0,1,0.0,0.0,0,0.0,0.0,0,0.4512,0.6025,0.6905912152856685
720,처치,1,69,74,1390.88,344,7,0,64,716.08,230,1,0,1,33.32,10.0,1,122.92,5.0,1,7.18,2.0,1,51.13,2.0,1,0.595,2.195,0.6597004438030879
722,처치,1,91,97,4904.37,95002,5,0,85,3267.53,1513,1,0,3,437.22,252.0,1,779.99,16.0,1,221.13,121.0,1,419.87,9.0,1,7.8075,13.9284,0.858919702494915
725,처치,1,100,110,3962.91,2745,4,0,102,2237.0,1258,1,5,4,258.6,117.0,1,433.22,9.0,1,153.16,63.0,1,238.22,6.0,1,4.6179,7.7361,0.9080681020168655
729,대조,0,22,23,948.41,418,77,0,20,549.33,239,1,0,1,71.42,14.0,1,176.96,4.0,1,6.1,4.0,1,13.09,1.0,1,1.2754,3.16,0.11815078723626943
730,대조,0,68,69,879.22,351,8,0,65,587.49,243,1,0,1,52.39,31.0,1,89.52,10.0,1,14.98,5.0,1,42.620000000000005,4.0,1,0.9355,1.5986,0.5647082615690594
731,처치,1,137,210,2692.29,189237,16,0,114,1096.2,442,1,0,3,79.67,31.0,1,279.69,13.0,1,44.31,17.0,1,160.25,5.0,1,1.4227,4.9945,0.8571321077533397
733,처치,1,55,60,1873.37,1232,5,0,53,800.39,425,1,0,1,153.12,72.0,1,348.83,7.0,1,138.19,66.0,1,251.7,4.0,1,2.7343,6.2291,0.643288151198905
734,처치,1,57,66,1061.33,28099,4,0,55,692.7,220,1,0,0,119.66,55.0,1,185.39,6.0,1,48.95,21.0,1,56.13,2.0,1,2.1368,3.3105,0.6077934792529721
737,대조,0,39,42,1210.78,520,18,0,36,740.5500000000001,340,1,0,1,114.89,53.0,1,235.95,7.0,1,107.01,48.0,1,213.01,5.0,1,2.0516,4.2134,0.35281368938734126
741,대조,0,61,67,2484.93,39147,8,0,58,1402.6,571,1,0,2,161.62,63.0,1,356.23,10.0,1,41.68,14.0,1,82.82,5.0,1,2.8861,6.3612,0.6714002960220307
743,대조,0,43,53,1566.04,18872,12,0,43,882.02,305,1,0,2,83.83,23.0,1,136.17,10.0,1,79.89,19.0,1,119.19,8.0,1,1.497,2.4316,0.42703997153250894
747,처치,1,100,114,986.54,593,9,0,95,598.2,348,1,0,2,59.69,24.0,1,106.4,11.0,1,29.5,13.0,1,65.2,6.0,1,1.0659,1.9,0.6922063686419293
749,처치,1,62,73,1019.43,13208,30,0,59,594.66,298,1,0,2,0.0,0.0,0,0.0,0.0,0,0.0,0.0,0,0.0,0.0,0,0.0,0.0,0.4665950902428429
752,처치,1,93,99,3370.32,310778,21,0,76,1405.5,557,1,0,2,56.26,24.0,1,126.39,2.0,1,2.5,1.0,1,31.130000000000003,1.0,1,1.0046,2.257,0.8125409516235258
754,대조,0,24,24,1279.32,582,4,0,21,516.43,326,1,0,4,60.56,33.0,1,127.71,4.0,1,31.33,23.0,1,58.5,2.0,1,1.0814,2.2805,0.0877483587872676
755,처치,1,216,272,9377.42,2756368,5,0,90,1271.57,544,1,6,5,109.55,42.0,1,573.0,13.0,1,1.5,1.0,1,204.55,5.0,1,1.9562,10.2321,0.9345940994244526
759,대조,0,29,29,795.5600000000001,266,55,0,26,344.49,119,1,0,1,85.34,25.0,1,200.47,5.0,1,40.8,10.0,1,55.67,2.0,1,1.5239,3.5798,0.15894757614107471
760,처치,1,67,70,1872.52,6308,38,0,59,1245.71,398,1,0,2,0.0,0.0,0,0.0,0.0,0,0.0,0.0,0,0.0,0.0,0,0.0,0.0,0.6002962419118848
763,대조,0,33,34,2547.15,4852,88,0,30,1276.35,504,1,0,2,150.86,62.0,1,268.43,6.0,1,138.38,55.0,1,252.56,5.0,1,2.6939,4.7934,0.34463621338619976
764,대조,0,63,77,2167.6,108748,4,0,56,1094.36,529,1,3,1,174.59,67.0,1,355.97,15.0,1,103.84,44.0,1,175.99,7.0,1,3.1177,6.3566,0.7889898965795052
768,처치,1,285,377,5065.24,397717,1,0,296,2114.81,1085,1,0,3,356.46,163.0,1,822.39,46.0,1,213.33,94.0,1,426.43,26.0,1,6.3654,14.6855,0.9867391232907372
769,대조,0,36,37,1153.94,7911,16,0,32,548.61,244,1,0,1,50.99,22.0,1,153.83,6.0,1,3.98,2.0,1,41.74,4.0,1,0.9105,2.747,0.29590177591045813
778,대조,0,86,121,2221.99,93110,16,0,75,1080.63,461,1,0,3,37.99,19.0,1,63.6,2.0,1,37.99,19.0,1,63.6,2.0,1,0.6784,1.1357,0.6908686909203645
780,대조,0,58,63,534.6800000000001,299,150,0,43,279.13,143,1,0,2,0.0,0.0,0,0.0,0.0,0,0.0,0.0,0,0.0,0.0,0,0.0,0.0,0.19701852434687311
784,처치,1,89,107,2442.98,194387,2,0,78,1059.86,471,1,0,3,82.74000000000001,36.0,1,237.51,10.0,1,72.34,27.0,1,168.38,6.0,1,1.4775,4.2412,0.7416470232866286
785,대조,0,77,83,1769.71,191238,3,0,56,712.47,267,1,0,1,130.31,53.0,1,233.17,14.0,1,22.38,8.0,1,53.99,4.0,1,2.327,4.1638,0.6641652735801837
787,처치,1,149,153,2080.76,786,1,0,87,662.38,249,1,0,2,48.4,26.0,1,225.28,20.0,1,21.5,10.0,1,94.31,10.0,1,0.8643,4.0229,0.8082864578713578
793,처치,1,77,87,1450.51,64174,7,0,56,474.06,209,1,0,0,164.9,59.0,1,258.96,10.0,1,42.31,6.0,1,79.96000000000001,4.0,1,2.9446,4.6243,0.6785555160710872
795,대조,0,33,37,1115.54,540,18,0,30,492.77,208,1,0,1,30.64,10.0,1,43.540000000000006,2.0,1,0.0,0.0,0,0.0,0.0,0,0.5471,0.7775,0.2647185397318043
797,처치,1,79,82,2705.75,756,3,0,67,1176.54,347,1,0,4,56.16,20.0,1,151.85,6.0,1,54.16,19.0,1,148.85,5.0,1,1.0029,2.7116,0.6341755646011024
802,처치,1,53,53,1912.44,695,7,0,50,725.88,325,1,0,2,41.59,17.0,1,90.69,1.0,1,41.59,17.0,1,90.69,1.0,1,0.7427,1.6195,0.5482777235266769
807,처치,1,78,95,3242.46,205260,8,0,72,1087.65,589,1,0,3,95.58,52.0,1,284.11,9.0,1,79.83,43.0,1,221.46,6.0,1,1.7068,5.0734,0.7494337174988428
808,처치,1,140,170,1915.9,85325,16,0,96,737.52,332,1,0,1,82.1,39.0,1,227.27,18.0,1,72.13,31.0,1,187.52,14.0,1,1.4661,4.0584,0.8474782042059181
812,처치,1,62,87,1010.46,540,17,0,33,620.48,253,1,0,2,26.52,12.0,1,43.87,4.0,1,7.25,3.0,1,19.45,2.0,1,0.4736,0.7834,0.23735348216900318
817,처치,1,108,115,3782.83,1671,3,0,107,2248.2,1026,1,0,5,354.59,179.0,1,482.43,18.0,1,222.99,103.0,1,302.66,11.0,1,6.332,8.6148,0.8119603401412657
820,처치,1,128,169,3659.82,15935,3,0,121,1706.13,595,1,0,1,165.17,58.0,1,491.2,18.0,1,113.08,39.0,1,353.92,12.0,1,2.9495,8.7714,0.9437243825102372
823,처치,1,80,94,2070.68,92689,8,0,50,698.1,302,1,0,1,19.35,6.0,1,144.64,10.0,1,4.58,2.0,1,47.08,5.0,1,0.3455,2.5829,0.6406638494672743
830,처치,1,114,207,1456.92,1105,36,0,130,1017.12,603,1,0,3,67.71,35.0,1,106.96,6.0,1,63.73,33.0,1,102.98,5.0,1,1.2091,1.91,0.8068405026031942
831,대조,0,120,133,6988.28,2431,1,0,113,3286.42,1212,1,0,0,415.15,129.0,1,912.91,16.0,1,222.6,64.0,1,474.27,7.0,1,7.4134,16.302,0.9732033624485049
834,대조,0,22,25,909.63,48559,73,0,16,465.42,169,1,0,2,0.0,0.0,0,1.0,1.0,1,0.0,0.0,0,1.0,1.0,1,0.0,0.0179,0.0617550052713828
836,대조,0,58,68,1449.57,660,34,0,49,738.39,299,1,0,2,6.0,2.0,1,34.63,1.0,1,0.0,0.0,0,0.0,0.0,0,0.1071,0.6184,0.45870177074303387
844,처치,1,100,111,4285.63,11973,4,0,96,1638.54,619,1,0,3,199.6,74.0,1,514.58,16.0,1,120.28,45.0,1,326.35,12.0,1,3.5643,9.1889,0.8729858603030841
850,처치,1,78,85,984.78,5863,2,0,66,548.49,255,1,0,2,104.24,35.0,1,144.2,7.0,1,21.24,6.0,1,33.3,2.0,1,1.8614,2.575,0.5457789933751136
852,처치,1,73,78,1571.76,583,6,0,70,1021.61,364,1,0,0,54.86,27.0,1,109.07,7.0,1,27.85,14.0,1,39.94,3.0,1,0.9796,1.9477,0.7745232912059826
854,대조,0,30,30,332.95,145,3,0,25,197.67,75,1,0,1,14.74,9.0,1,16.62,2.0,1,10.78,5.0,1,10.78,1.0,1,0.2632,0.2968,0.08464584481615611
857,처치,1,34,36,3117.68,1405,2,0,34,1346.07,558,1,0,3,205.93,57.0,1,454.1,4.0,1,57.96,23.0,1,141.78,1.0,1,3.6773,8.1089,0.4212484527686069
861,대조,0,22,29,1229.95,423,41,0,27,944.24,323,1,0,1,0.0,0.0,0,0.0,0.0,0,0.0,0.0,0,0.0,0.0,0,0.0,0.0,0.23449670922634616
862,대조,0,48,60,1489.76,786,1,0,48,787.27,331,1,0,1,67.07000000000001,29.0,1,137.31,5.0,1,53.75,23.0,1,117.01,4.0,1,1.1977,2.452,0.5646148332178378
864,처치,1,81,84,6053.9,2558,8,0,80,2749.56,1059,1,7,5,381.64,148.0,1,896.0,13.0,1,209.85,78.0,1,482.92,8.0,1,6.815,16.0,0.8797934668112006
867,처치,1,111,139,4525.54,340704,1,0,88,2003.29,895,1,5,2,193.14,91.0,1,627.81,21.0,1,108.05,52.0,1,289.91,10.0,1,3.4489,11.2109,0.9410823911511424
871,처치,1,97,104,8226.23,24885,1,0,89,3812.63,1307,1,0,5,316.4,90.0,1,685.1,10.0,1,238.06,69.0,1,578.84,8.0,1,5.65,12.2339,0.8658084072560729
873,처치,1,72,96,2458.08,143393,16,0,74,1252.01,875,1,0,3,256.07,132.0,1,471.4,16.0,1,191.29,94.0,1,336.89,9.0,1,4.5727,8.4179,0.702143744420393
877,처치,1,45,49,2678.86,71885,2,0,40,1310.9,536,1,8,3,112.03,37.0,1,260.48,8.0,1,30.15,12.0,1,97.78,5.0,1,2.0005,4.6514,0.6461465091959985
879,처치,1,60,68,1887.03,167439,4,0,56,757.08,298,1,0,0,137.7,48.0,1,348.87,16.0,1,78.94,30.0,1,200.76,8.0,1,2.4589,6.2298,0.730948493004243
882,처치,1,139,173,3741.56,112207,1,0,138,1756.02,783,1,0,2,190.83,77.0,1,378.89,31.0,1,110.95,44.0,1,234.83,17.0,1,3.4077,6.7659,0.9449022246391637
883,처치,1,210,278,8341.34,465437,1,0,197,4194.35,1488,1,4,6,386.3,110.0,1,742.05,29.0,1,188.71,52.0,1,387.39,12.0,1,6.8982,13.2509,0.9753719184488532
884,대조,0,46,64,578.17,317,9,0,23,178.91,94,1,0,0,1.49,1.0,1,33.33,1.0,1,1.49,1.0,1,33.33,1.0,1,0.0266,0.5952,0.14805853731503815
885,처치,1,48,59,1599.81,36207,32,0,30,685.72,301,1,0,0,36.45,14.0,1,60.29,4.0,1,5.99,1.0,1,5.99,1.0,1,0.6509,1.0766,0.39858747489747715
886,처치,1,141,167,3899.35,263374,1,0,92,1084.29,610,1,0,2,31.51,11.0,1,193.59,11.0,1,16.18,5.0,1,76.95,3.0,1,0.5627,3.457,0.8930929634590498
901,대조,0,54,64,2201.74,5084,33,0,50,1207.47,504,1,0,3,221.34,70.0,1,423.09,10.0,1,114.79,35.0,1,197.38,5.0,1,3.9525,7.5552,0.4920775300997904
903,대조,0,63,65,2528.01,779,4,0,57,1262.36,444,1,0,3,11.17,5.0,1,100.37,2.0,1,2.39,1.0,1,77.6,1.0,1,0.1995,1.7923,0.6096953560273095
906,대조,0,251,327,6155.41,566489,2,0,215,2695.85,1455,1,0,5,246.63,156.0,1,397.9,23.0,1,143.32,85.0,1,230.35,14.0,1,4.4041,7.1054,0.9641113945130816
907,처치,1,63,69,1481.75,769,15,0,59,726.19,395,1,0,2,82.42,33.0,1,152.46,11.0,1,14.09,8.0,1,53.05,3.0,1,1.4718,2.7225,0.5602765256130882
911,처치,1,59,61,2921.5,75780,1,0,52,1680.9,752,1,1,2,240.08,118.0,1,405.11,7.0,1,121.17,68.0,1,230.29,5.0,1,4.2871,7.2341,0.726139938392734
913,대조,0,58,59,1428.2,19118,36,0,50,919.06,340,1,0,2,25.32,8.0,1,40.95,4.0,1,21.33,7.0,1,28.98,2.0,1,0.4521,0.7313,0.4616408253572805
915,처치,1,82,86,741.76,444,1,0,75,337.79,169,1,0,1,55.36,36.0,1,110.07,16.0,1,33.47,21.0,1,71.65,8.0,1,0.9886,1.9655,0.6150642660474103
916,처치,1,108,137,2000.44,131198,2,0,92,800.96,455,1,0,3,183.74,83.0,1,544.88,28.0,1,99.97,53.0,1,316.73,17.0,1,3.2811,9.73,0.7673323300705892
919,대조,0,87,106,1076.96,8326,1,0,69,495.77,322,1,0,1,89.64,56.0,1,154.39,14.0,1,83.3,50.0,1,127.67,8.0,1,1.6007,2.757,0.6610187744392086
922,대조,0,87,112,2523.62,120822,1,0,85,1450.89,556,1,0,4,214.53,75.0,1,512.01,22.0,1,102.67,34.0,1,231.14,10.0,1,3.8309,9.143,0.7282801449755053
923,대조,0,86,142,2705.25,215339,5,0,88,1176.25,421,1,0,2,113.24,28.0,1,326.94,10.0,1,76.55,20.0,1,277.73,6.0,1,2.0221,5.8382,0.836626897186367
924,대조,0,77,78,1858.54,698,2,0,70,1012.65,337,1,0,3,121.1,35.0,1,196.34,6.0,1,94.3,26.0,1,133.04,4.0,1,2.1625,3.5061,0.6421151026738237
925,대조,0,54,58,393.76,203,134,0,48,242.12,122,1,0,1,45.77,36.0,1,84.14,19.0,1,21.84,19.0,1,39.48,8.0,1,0.8173,1.5025,0.23195597679164282
926,처치,1,181,214,6441.4,615698,1,0,143,2874.82,1422,1,0,8,79.02,46.0,1,371.16,17.0,1,42.32,20.0,1,163.54,8.0,1,1.4111,6.6279,0.8477171616984773
927,처치,1,34,39,1370.93,631,13,0,36,722.1,320,1,0,0,2.5,1.0,1,2.5,1.0,1,0.0,0.0,0,0.0,0.0,0,0.0446,0.0446,0.4510064971907218
935,대조,0,45,49,1325.35,247291,7,0,22,348.22,178,1,0,1,56.81,27.0,1,115.55,2.0,1,56.81,27.0,1,89.0,1.0,1,1.0145,2.0634,0.20446123290036966
938,처치,1,23,23,1590.0,10284,27,0,17,705.72,246,1,0,1,8.129999999999999,5.0,1,57.36,3.0,1,7.63,4.0,1,50.74,2.0,1,0.1452,1.0243,0.14567199767190456
939,처치,1,86,119,3611.63,25617,2,0,99,1567.06,1005,1,0,1,326.33,191.0,1,742.42,15.0,1,207.03,109.0,1,361.91,8.0,1,5.8273,13.2575,0.9189934245443141
940,처치,1,54,56,954.76,436,22,0,44,384.66,178,1,0,0,45.99,16.0,1,139.79,6.0,1,13.98,2.0,1,41.11,1.0,1,0.8212,2.4962,0.4585804745104244
941,처치,1,78,93,1687.22,69944,22,0,70,856.75,280,1,0,4,22.7,7.0,1,47.57,5.0,1,8.96,3.0,1,15.68,2.0,1,0.4054,0.8495,0.5268817463456151
943,처치,1,92,139,3222.64,103261,3,0,75,1235.0,688,1,0,2,17.900000000000002,8.0,1,39.52,1.0,1,17.900000000000002,8.0,1,39.52,1.0,1,0.3196,0.7057,0.820326140367106
944,처치,1,69,79,2151.11,270626,2,0,44,795.5,292,1,0,0,121.8,29.0,1,336.86,12.0,1,112.82,26.0,1,268.1,8.0,1,2.175,6.0154,0.6711410250322049
947,처치,1,163,183,1889.7,16572,1,0,117,675.3100000000001,288,1,4,6,22.51,11.0,1,143.01,15.0,1,16.060000000000002,8.0,1,80.7,9.0,1,0.402,2.5538,0.7895851505515524
952,처치,1,85,96,1874.1,37285,6,0,64,704.5,406,1,0,3,38.97,14.0,1,108.34,6.0,1,2.99,1.0,1,18.05,2.0,1,0.6959,1.9346,0.596506724322776
953,처치,1,65,71,1337.15,819,1,0,54,732.44,427,1,0,1,540.84,199.0,1,913.66,31.0,1,254.29,97.0,1,465.26,19.0,1,9.6579,16.3154,0.5958685175892721
954,대조,0,39,43,1952.45,985,30,0,39,835.46,407,1,2,3,147.69,60.0,1,328.98,6.0,1,52.81,25.0,1,103.81,1.0,1,2.6373,5.8746,0.4389526489165546
960,처치,1,89,95,2177.16,747,3,0,75,806.4,404,1,0,4,37.39,10.0,1,147.93,5.0,1,11.05,3.0,1,46.38,2.0,1,0.6677,2.6416,0.6385842465898842
964,대조,0,41,52,1438.28,3919,4,0,43,823.35,334,1,0,1,46.99,16.0,1,107.54,10.0,1,34.29,13.0,1,72.66,6.0,1,0.8391,1.9204,0.4912273453369194
965,대조,0,41,48,1517.9,724,36,0,34,688.23,308,1,0,1,71.1,28.0,1,94.44,1.0,1,71.1,28.0,1,94.44,1.0,1,1.2696,1.6864,0.3695663276041219
978,처치,1,53,53,2116.55,721,26,0,44,1374.38,407,1,0,2,157.83,51.0,1,222.63,5.0,1,7.99,1.0,1,11.98,1.0,1,2.8184,3.9755,0.4955893198425974
984,처치,1,22,27,1011.11,494,2,0,26,786.66,356,1,0,0,59.47,46.0,1,86.38,3.0,1,36.24,31.0,1,55.41,2.0,1,1.062,1.5425,0.2686548179134631
986,대조,0,67,73,1545.68,678,3,0,56,755.8000000000001,326,1,0,2,63.78,24.0,1,124.7,6.0,1,21.79,10.0,1,46.11,2.0,1,1.1389,2.2268,0.56627354594717
987,대조,0,65,71,2185.37,964,3,0,45,1031.75,408,1,0,3,26.54,8.0,1,106.25,1.0,1,0.0,0.0,0,0.0,0.0,0,0.4739,1.8973,0.473875844645248
989,처치,1,127,150,3772.22,58203,2,0,107,2009.5,816,1,0,6,152.33,64.0,1,392.26,10.0,1,60.3,23.0,1,156.73,5.0,1,2.7202,7.0046,0.7701597926656173
993,처치,1,94,102,2508.01,10456,2,0,93,1390.23,696,1,6,6,77.3,38.0,1,212.26,10.0,1,28.15,14.0,1,83.9,3.0,1,1.3804,3.7904,0.7701547604169193
995,대조,0,19,19,1172.79,405,105,0,15,505.24,208,1,0,3,0.0,0.0,0,0.0,0.0,0,0.0,0.0,0,0.0,0.0,0,0.0,0.0,0.0510487041388062
996,대조,0,91,100,1810.74,7631,1,0,84,816.14,395,1,0,5,63.91,34.0,1,147.96,15.0,1,46.14,24.0,1,90.6,9.0,1,1.1413,2.6421,0.5913898142122234
999,대조,0,37,46,1596.85,780,8,0,38,842.19,366,1,0,3,233.62,84.0,1,461.04,7.0,1,91.93,26.0,1,199.08,4.0,1,4.1718,8.2329,0.3156087758826324
1000,처치,1,103,111,3405.74,59221,2,0,101,1266.26,699,1,4,2,110.54,81.0,1,334.05,14.0,1,64.76,43.0,1,158.38,6.0,1,1.9739,5.9652,0.9351389357155631
1003,대조,0,45,61,2521.59,1044,5,0,50,1426.35,613,1,0,2,5.0,3.0,1,20.58,1.0,1,0.0,0.0,0,0.0,0.0,0,0.0893,0.3675,0.6157450040964472
1004,처치,1,158,190,3018.27,364589,1,0,124,1171.11,460,1,0,4,102.2,33.0,1,429.1,37.0,1,69.94,21.0,1,258.09000000000003,24.0,1,1.825,7.6625,0.868130422696626
1005,처치,1,135,146,1965.85,1228,3,0,132,1041.86,539,1,5,2,128.61,55.0,1,260.48,20.0,1,74.82,35.0,1,127.74,13.0,1,2.2966,4.6514,0.9385583814670226
1007,처치,1,101,111,1223.44,6497,1,0,81,574.41,318,1,0,2,8.83,5.0,1,24.53,5.0,1,0.0,0.0,0,9.05,1.0,1,0.1577,0.438,0.6901579734021768
1010,처치,1,53,67,1821.86,186920,5,0,35,646.4300000000001,371,1,0,0,101.29,45.0,1,363.09,12.0,1,54.53,22.0,1,188.74,6.0,1,1.8088,6.4838,0.5232005930087839
1012,대조,0,96,116,2157.73,120116,6,0,86,1089.62,513,1,1,4,28.16,10.0,1,63.06,1.0,1,28.16,10.0,1,63.06,1.0,1,0.5029,1.1261,0.7368610500296843
1015,처치,1,91,95,3299.83,19322,2,0,90,1922.35,1328,1,3,4,71.31,54.0,1,157.91,5.0,1,45.56,40.0,1,84.91,2.0,1,1.2734,2.8198,0.8548311285672265
1018,처치,1,120,143,1653.36,37672,8,0,96,759.48,257,1,0,4,96.03,38.0,1,232.77,11.0,1,28.9,13.0,1,58.4,5.0,1,1.7148,4.1566,0.6802172412212305
1019,대조,0,32,37,1176.17,461,14,0,32,539.5600000000001,203,1,0,1,96.71,32.0,1,184.92,6.0,1,65.76,19.0,1,129.42,3.0,1,1.727,3.3021,0.3010423532732728
1021,대조,0,73,83,1846.85,809,6,0,36,703.2,297,1,0,1,1.0,1.0,1,128.51,5.0,1,0.0,0.0,0,51.42,3.0,1,0.0179,2.2948,0.4694076198518317
1025,대조,0,51,72,2645.48,1479,22,0,56,1333.73,634,1,0,3,326.25,110.0,1,518.92,5.0,1,82.9,29.0,1,132.75,1.0,1,5.8259,9.2664,0.5925578584355694
1031,처치,1,123,146,4232.12,382638,30,0,100,1428.89,483,1,0,1,0.0,0.0,0,0.0,0.0,0,0.0,0.0,0,0.0,0.0,0,0.0,0.0,0.9221930071816584
1034,처치,1,54,58,565.74,29216,72,0,44,299.06,162,1,0,1,0.0,0.0,0,0.0,0.0,0,0.0,0.0,0,0.0,0.0,0,0.0,0.0,0.2706361775218475
1038,처치,1,218,270,1576.85,1108,1,0,147,868.83,482,1,0,1,3.4299999999999997,4.0,1,5.61,3.0,1,3.4299999999999997,4.0,1,5.61,3.0,1,0.0612,0.1002,0.9227480012943791
1039,처치,1,57,62,4015.76,1329,8,0,49,1858.78,593,1,1,3,405.11,105.0,1,705.12,12.0,1,151.25,42.0,1,299.13,6.0,1,7.2341,12.5914,0.687569681825869
1040,처치,1,193,198,4765.41,1737,3,0,156,1902.0,668,1,1,4,176.46,52.0,1,501.51,17.0,1,86.03,26.0,1,254.78,8.0,1,3.1511,8.9555,0.949217239105885
1046,처치,1,121,134,3698.95,160254,6,0,115,1868.49,791,1,0,2,163.91,61.0,1,329.72,9.0,1,130.0,48.0,1,239.28,6.0,1,2.927,5.8879,0.9172056754869771
1047,대조,0,56,64,827.93,393,15,0,41,370.54,167,1,0,2,55.08,23.0,1,128.63,5.0,1,7.1899999999999995,5.0,1,57.43,2.0,1,0.9836,2.297,0.2759794010607525
1048,처치,1,84,98,1717.45,160616,30,0,72,697.46,272,1,0,0,40.42,20.0,1,94.28,2.0,1,0.0,0.0,0,0.0,0.0,0,0.7218,1.6836,0.7852940909436749
1051,대조,0,36,43,1634.68,25743,11,0,35,740.8,318,1,0,1,100.6,46.0,1,256.28000000000003,5.0,1,80.35,36.0,1,202.39,4.0,1,1.7964,4.5764,0.4118991226764884
1053,처치,1,74,74,3709.55,35479,11,0,69,2003.29,891,1,0,4,178.26,85.0,1,438.8,10.0,1,55.95,26.0,1,133.93,4.0,1,3.1832,7.8357,0.6952383866069737
1055,대조,0,65,68,1033.0,8878,6,0,60,394.18,198,1,0,5,55.85,22.0,1,147.55,11.0,1,16.24,7.0,1,58.16,5.0,1,0.9973,2.6348,0.29704368274826226
1062,처치,1,162,179,1319.95,778,1,0,161,861.63,510,1,0,1,23.93,30.0,1,26.93,9.0,1,9.96,14.0,1,10.96,4.0,1,0.4273,0.4809,0.9214452699532373
1067,처치,1,37,38,2019.63,59050,8,0,29,908.35,419,1,0,1,420.26,160.0,1,966.98,14.0,1,246.09,91.0,1,548.52,8.0,1,7.5046,17.2675,0.3784168277517267
1071,대조,0,58,71,1679.25,1095,9,0,61,698.38,390,1,0,3,33.62,28.0,1,98.32,5.0,1,11.46,10.0,1,51.2,2.0,1,0.6004,1.7557,0.5406880140283369
1072,대조,0,45,51,2160.39,6882,2,0,43,1133.63,627,1,0,2,162.62,92.0,1,282.01,5.0,1,48.36,30.0,1,89.35,1.0,1,2.9039,5.0359,0.5203000970557585
1075,대조,0,45,52,1121.86,23551,6,0,32,570.18,261,1,0,1,59.51,27.0,1,174.46,10.0,1,25.06,12.0,1,100.83,4.0,1,1.0627,3.1154,0.30538497462323727
1076,처치,1,64,69,1831.66,566,4,0,55,756.51,222,1,0,0,104.7,21.0,1,198.01,9.0,1,40.54,12.0,1,105.82,4.0,1,1.8696,3.5359,0.7190671756283855
1083,대조,0,36,42,1068.19,5414,2,0,34,660.21,231,1,1,1,126.28,32.0,1,164.71,5.0,1,123.29,31.0,1,160.72,4.0,1,2.255,2.9412,0.38069663829977113
1084,처치,1,144,196,2099.54,1040,1,0,138,1224.67,563,1,0,5,54.09,14.0,1,107.38,11.0,1,32.71,8.0,1,58.67,6.0,1,0.9659,1.9175,0.8130813969973767
1087,처치,1,108,143,2657.05,185495,19,0,101,1467.91,726,1,0,5,224.91,86.0,1,347.32,3.0,1,0.0,0.0,0,0.0,0.0,0,4.0162,6.2021,0.7219680605464739
1089,대조,0,69,80,1681.43,63714,1,0,47,837.77,313,1,0,1,17.21,8.0,1,71.06,4.0,1,17.21,8.0,1,31.11,2.0,1,0.3073,1.2689,0.5864698925813132
1102,대조,0,63,67,1708.5,702,1,0,61,1107.81,448,1,0,2,177.81,68.0,1,356.67,8.0,1,19.700000000000003,3.0,1,41.370000000000005,2.0,1,3.1752,6.3691,0.6342100122865507
1110,대조,0,102,111,4478.16,1128,1,0,90,1062.65,634,1,0,0,220.01,100.0,1,761.39,16.0,1,103.53,40.0,1,371.25,9.0,1,3.9288,13.5962,0.9399551977293765
1116,대조,0,42,55,2145.74,3466,1,0,46,1115.89,560,1,0,3,190.43,92.0,1,384.96,4.0,1,98.82,51.0,1,192.34,3.0,1,3.4005,6.8743,0.4857234917194131
1119,처치,1,51,55,1880.61,18546,28,0,48,879.42,493,1,0,1,21.0,11.0,1,41.16,3.0,1,21.0,11.0,1,41.16,3.0,1,0.375,0.735,0.57834996402343
1120,대조,0,67,79,1627.14,16154,9,0,66,713.92,344,1,0,1,27.46,18.0,1,55.25,5.0,1,23.79,15.0,1,51.58,4.0,1,0.4904,0.9866,0.7013432252466373
1121,대조,0,48,50,1810.05,884,17,0,47,843.45,386,1,0,2,281.09,113.0,1,529.03,7.0,1,217.81,79.0,1,350.1,4.0,1,5.0195,9.447,0.49499039107808457
1122,처치,1,67,77,1236.98,26983,89,0,63,546.29,303,1,0,2,0.0,0.0,0,0.0,0.0,0,0.0,0.0,0,0.0,0.0,0,0.0,0.0,0.5267393297425115
1123,처치,1,60,65,3509.89,1219,4,0,54,1514.71,559,1,0,3,147.99,44.0,1,348.46,7.0,1,99.4,25.0,1,226.21,5.0,1,2.6427,6.2225,0.6562238320783043
1124,대조,0,51,62,1676.9,2947,35,0,46,1106.14,562,1,0,1,52.83,32.0,1,106.88,6.0,1,52.83,32.0,1,104.89,5.0,1,0.9434,1.9086,0.5319204060410654
1125,처치,1,49,68,640.29,7835,2,0,32,260.6,108,1,0,0,0.63,3.0,1,17.18,11.0,1,0.19,1.0,1,4.62,4.0,1,0.0112,0.3068,0.2716077837739296
1126,대조,0,22,22,2027.48,949,7,0,22,1130.74,439,1,0,2,144.54,44.0,1,255.66,3.0,1,144.54,44.0,1,255.66,3.0,1,2.5811,4.5654,0.213937792548492
1130,처치,1,203,303,5150.75,6578,1,0,230,2693.98,1294,1,0,5,239.12,104.0,1,453.98,24.0,1,163.88,74.0,1,333.74,16.0,1,4.27,8.1068,0.9634612013933035
1132,대조,0,32,41,1565.45,816,53,0,37,906.43,341,1,0,2,244.63,75.0,1,376.25,10.0,1,134.96,43.0,1,182.22,4.0,1,4.3684,6.7188,0.33939809246469566
1133,처치,1,70,83,954.71,13865,1,0,67,624.55,276,1,0,0,198.99,65.0,1,269.88,18.0,1,166.72,47.0,1,207.49,12.0,1,3.5534,4.8193,0.6839307923067612
1136,대조,0,34,35,1354.72,663,10,0,33,804.05,315,1,0,2,151.75,66.0,1,265.53,13.0,1,85.11,38.0,1,133.9,8.0,1,2.7098,4.7416,0.28366169773457606
1137,처치,1,103,112,1730.53,24378,3,0,103,1286.54,450,1,0,3,120.12,37.0,1,149.44,7.0,1,37.94,10.0,1,50.39,2.0,1,2.145,2.6686,0.7759203175994069
1138,처치,1,154,173,3711.49,1947,3,0,103,940.48,270,1,0,5,37.08,17.0,1,267.21,14.0,1,37.08,17.0,1,201.49,8.0,1,0.6621,4.7716,0.8021076018834019
1141,대조,0,46,51,713.63,382,10,0,43,366.05,169,1,0,1,174.06,63.0,1,295.79,5.0,1,79.49,31.0,1,149.09,3.0,1,3.1082,5.282,0.3269956656573049
1153,대조,0,51,63,1070.12,576,16,0,55,751.12,354,1,0,1,42.89,13.0,1,64.81,1.0,1,42.89,13.0,1,64.81,1.0,1,0.7659,1.1573,0.522410619096334
1154,처치,1,97,101,3103.14,1541,4,0,94,2096.14,976,1,0,4,109.96,48.0,1,187.87,9.0,1,63.3,29.0,1,119.01,6.0,1,1.9636,3.3548,0.7864545903638555
1157,처치,1,81,94,2523.39,867,1,0,72,1168.16,394,1,0,2,177.43,82.0,1,244.42,8.0,1,86.83,47.0,1,113.19,5.0,1,3.1684,4.3646,0.7746072612662351
1159,대조,0,149,190,3594.67,236711,3,0,131,1216.87,527,1,0,4,112.81,55.0,1,318.85,15.0,1,105.36,51.0,1,276.83,12.0,1,2.0145,5.6938,0.8916256482775169
1164,처치,1,79,84,3786.51,1557,1,0,66,1716.54,825,1,0,2,144.34,66.0,1,431.5,11.0,1,51.61,26.0,1,150.9,5.0,1,2.5775,7.7054,0.8081242091978728
1165,처치,1,42,43,1034.5,46024,14,0,28,397.35,153,1,0,0,126.76,56.0,1,272.04,9.0,1,75.93,30.0,1,141.43,6.0,1,2.2636,4.8579,0.28705307167602845
1174,대조,0,89,108,1666.35,991,2,0,87,951.0,453,1,0,2,120.46,50.0,1,173.34,6.0,1,40.6,13.0,1,81.48,3.0,1,2.1511,3.0954,0.7669923754033425
1181,대조,0,74,83,2052.12,19645,9,0,61,1012.14,482,1,0,3,16.98,4.0,1,29.69,3.0,1,5.19,1.0,1,11.09,1.0,1,0.3032,0.5302,0.5880867427723391
1182,대조,0,82,110,1656.86,58778,34,0,72,796.39,341,1,0,3,124.67,51.0,1,194.42,9.0,1,94.16,34.0,1,142.49,5.0,1,2.2262,3.4718,0.6018691534204089
1184,대조,0,11,12,665.82,5063,418,0,10,350.56,150,1,0,1,0.0,0.0,0,0.0,0.0,0,0.0,0.0,0,0.0,0.0,0,0.0,0.0,0.02457153740809239
1186,처치,1,50,57,4012.7,103850,9,0,47,1998.84,606,1,0,4,485.46,119.0,1,762.05,10.0,1,197.28,41.0,1,333.67,6.0,1,8.6689,13.608,0.5454686561197708
1188,대조,0,77,93,2271.72,13424,5,0,81,1197.3,894,1,0,2,216.82,146.0,1,466.61,22.0,1,108.68,67.0,1,228.09,11.0,1,3.8718,8.3323,0.7847861298566159
1191,처치,1,72,74,1834.39,710,3,0,67,950.93,332,1,0,1,137.0,61.0,1,288.09000000000003,9.0,1,102.6,46.0,1,211.06,6.0,1,2.4464,5.1445,0.7386961233582263
1193,처치,1,155,201,4302.39,9272,16,0,147,1526.44,771,1,0,2,100.74,40.0,1,207.07,10.0,1,54.43,17.0,1,115.96,6.0,1,1.7989,3.6977,0.9514501825238573
1197,처치,1,86,97,5370.36,208010,6,0,76,2311.05,731,1,13,4,744.5600000000001,177.0,1,1544.22,30.0,1,295.61,80.0,1,710.75,13.0,1,13.2957,27.5754,0.907338383095122
1204,처치,1,55,72,1759.24,8749,8,0,52,1013.98,390,1,0,1,19.25,11.0,1,141.48,3.0,1,16.75,10.0,1,116.62,2.0,1,0.3438,2.5264,0.618959798048385
1207,처치,1,78,93,621.34,345,22,0,71,361.01,176,1,0,2,41.8,8.0,1,64.4,5.0,1,29.9,4.0,1,44.82,3.0,1,0.7464,1.15,0.4471412768489644
1211,처치,1,106,127,7124.43,374269,2,0,91,3918.16,1037,1,0,2,431.33,101.0,1,814.6,16.0,1,249.93,61.0,1,379.69,8.0,1,7.7023,14.5464,0.9317674055382987
1218,처치,1,66,75,2674.7,154263,3,0,53,1376.89,736,1,0,0,111.57,64.0,1,204.56,9.0,1,66.94,38.0,1,131.97,3.0,1,1.9923,3.6529,0.7748032657028688
1219,처치,1,73,80,586.69,335,1,0,50,319.91,118,1,0,1,21.37,11.0,1,60.04,13.0,1,8.709999999999999,5.0,1,17.759999999999998,5.0,1,0.3816,1.0721,0.3776848483614312
1224,처치,1,56,69,1856.51,1093,3,0,63,1070.24,501,1,0,1,137.69,59.0,1,213.04,12.0,1,126.55,52.0,1,195.31,8.0,1,2.4587,3.8043,0.7174873546754186
1233,대조,0,26,33,1710.82,125563,9,0,12,805.18,353,1,0,1,0.0,0.0,0,0.0,0.0,0,0.0,0.0,0,0.0,0.0,0,0.0,0.0,0.09679921917720305
1237,처치,1,19,19,972.59,42266,7,0,17,486.32,209,1,0,1,52.04,23.0,1,78.57000000000001,1.0,1,0.0,0.0,0,0.0,0.0,0,0.9293,1.403,0.10352727881642713
1239,대조,0,22,23,1640.81,819,64,0,18,865.48,385,1,0,2,68.82,38.0,1,84.82000000000001,1.0,1,0.0,0.0,0,0.0,0.0,0,1.2289,1.5146,0.1223854259901443
1245,처치,1,151,181,3182.01,94349,2,0,129,1681.29,685,1,0,4,328.67,136.0,1,666.47,40.0,1,138.49,64.0,1,323.91,19.0,1,5.8691,11.9013,0.8787396994655712
1246,대조,0,66,70,4306.89,120300,5,0,58,1571.49,574,1,0,3,112.89,50.0,1,434.13,14.0,1,90.64,44.0,1,308.76,8.0,1,2.0159,7.7523,0.7230786265833345
1247,처치,1,87,98,5335.11,22447,1,0,85,3002.25,1447,1,4,4,319.90000000000003,137.0,1,514.12,9.0,1,207.13,91.0,1,314.25,5.0,1,5.7125,9.1807,0.9008596070779993
1248,처치,1,121,139,8132.86,160784,10,0,115,4953.87,1779,1,1,6,86.56,23.0,1,274.21,8.0,1,32.21,5.0,1,93.24,3.0,1,1.5457,4.8966,0.9004630555555717
1251,대조,0,47,51,301.1,8066,55,0,24,164.77,39,1,0,1,9.99,1.0,1,10.74,1.0,1,0.0,0.0,0,0.0,0.0,0,0.1784,0.1918,0.06512787575169181
1257,대조,0,23,23,1123.39,36362,1,0,20,559.41,272,1,0,0,0.0,0.0,0,8.78,1.0,1,0.0,0.0,0,0.0,0.0,0,0.0,0.1568,0.20363254919832896
1258,처치,1,169,185,2708.25,31825,2,0,146,1579.37,643,1,0,5,126.1,69.0,1,289.57,21.0,1,86.25,40.0,1,168.95,10.0,1,2.2518,5.1709,0.855897416649434
1259,대조,0,26,29,988.57,575,10,0,27,495.08,244,1,0,1,28.1,14.0,1,47.06,1.0,1,28.1,14.0,1,47.06,1.0,1,0.5018,0.8404,0.2130157354703218
1260,처치,1,105,142,9443.39,16248,3,0,132,5171.22,1971,1,0,2,439.88,149.0,1,777.47,12.0,1,229.8,70.0,1,392.52,7.0,1,7.855,13.8834,0.9722086461982696
1265,처치,1,38,42,1229.52,659,15,0,41,645.49,343,1,0,0,42.69,24.0,1,102.09,4.0,1,19.19,12.0,1,72.06,2.0,1,0.7623,1.823,0.4847068149043349
1266,처치,1,87,94,1264.27,662,10,0,56,791.81,346,1,0,4,143.37,52.0,1,195.21,7.0,1,23.87,14.0,1,66.2,4.0,1,2.5602,3.4859,0.3713672957964495
1269,대조,0,70,85,2197.47,1109,2,0,72,1173.24,520,1,0,2,46.68,27.0,1,143.89,7.0,1,27.25,15.0,1,76.8,4.0,1,0.8336,2.5695,0.746274067812759
1271,처치,1,94,99,3097.94,1536,4,0,93,1888.23,791,1,0,3,301.21,115.0,1,506.23,16.0,1,186.59,76.0,1,328.86,9.0,1,5.3787,9.0398,0.8270223310155964
1285,처치,1,101,111,3810.0,36958,1,0,102,2385.24,1066,1,1,1,375.46,134.0,1,546.93,12.0,1,230.33,72.0,1,327.11,8.0,1,6.7046,9.7666,0.9419293131570408
1288,처치,1,36,46,1631.2,15888,7,0,34,820.07,325,1,0,1,99.81,35.0,1,140.05,4.0,1,58.4,18.0,1,74.37,2.0,1,1.7823,2.5009,0.40518521527114065
1289,처치,1,312,422,1166.99,765,2,0,101,361.8,161,1,0,2,53.21,21.0,1,190.62,34.0,1,22.41,10.0,1,82.03,19.0,1,0.9502,3.4039,0.7732324119890753
1292,대조,0,23,24,472.22,192,20,0,23,376.96,140,1,0,1,21.65,13.0,1,28.21,2.0,1,18.65,7.0,1,21.24,1.0,1,0.3866,0.5038,0.08951836371255945
1293,처치,1,117,130,2050.44,1521,3,0,114,1061.23,621,1,0,1,179.0,119.0,1,338.31,17.0,1,137.13,92.0,1,250.02,8.0,1,3.1964,6.0412,0.8968247470159656
1294,대조,0,41,43,3535.93,1586,13,0,40,1835.41,840,1,1,2,274.89,96.0,1,573.5,5.0,1,215.38,76.0,1,451.83,4.0,1,4.9087,10.2411,0.6308741977837795
1296,처치,1,63,65,1675.58,1024,5,0,64,952.64,412,1,0,3,135.31,48.0,1,215.21,7.0,1,67.42,26.0,1,95.4,3.0,1,2.4163,3.843,0.5679479678912162
1297,대조,0,80,90,1434.22,28772,2,0,80,986.42,401,1,0,4,253.73,127.0,1,521.69,21.0,1,107.0,56.0,1,245.46,9.0,1,4.5309,9.3159,0.5793538232843245
1300,대조,0,47,54,1499.6,95420,2,0,41,803.71,385,1,0,1,305.85,118.0,1,521.84,12.0,1,138.3,51.0,1,176.24,5.0,1,5.4616,9.3186,0.4867485941828154
1301,대조,0,70,79,1462.88,600,9,0,48,566.98,277,1,0,4,0.0,0.0,0,0.0,0.0,0,0.0,0.0,0,0.0,0.0,0,0.0,0.0,0.3357754228847645
1304,처치,1,62,67,619.51,351,9,0,56,365.11,173,1,0,0,40.91,22.0,1,98.27,11.0,1,22.21,10.0,1,50.68,5.0,1,0.7305,1.7548,0.48519631690619613
1307,처치,1,120,141,1754.95,67998,15,0,72,622.83,287,1,0,2,36.16,14.0,1,47.94,7.0,1,0.0,0.0,0,0.0,0.0,0,0.6457,0.8561,0.6919196098389284
1317,처치,1,157,179,3797.02,1822,1,0,159,1837.12,803,1,0,5,55.83,23.0,1,133.67,8.0,1,16.91,6.0,1,46.19,2.0,1,0.997,2.387,0.906443387623471
1318,처치,1,56,57,4356.12,49311,1,0,50,2609.42,914,1,3,2,300.71,110.0,1,668.11,8.0,1,136.36,48.0,1,281.23,4.0,1,5.3698,11.9305,0.8173661384183539
1319,대조,0,39,42,911.41,443,16,0,38,561.57,285,1,0,1,42.77,8.0,1,63.85,3.0,1,23.49,1.0,1,23.49,1.0,1,0.7637,1.1402,0.31838459237232664
1321,처치,1,133,153,1374.82,899,4,0,125,725.39,457,1,0,3,67.07000000000001,32.0,1,132.0,17.0,1,17.62,9.0,1,42.74,6.0,1,1.1977,2.3571,0.8019417693348513
1325,처치,1,35,37,1801.67,678,10,0,33,921.96,336,1,0,1,226.99,65.0,1,480.66,12.0,1,114.47,39.0,1,217.19,6.0,1,4.0534,8.5832,0.40645808658638743
1331,처치,1,92,99,1681.43,757,21,0,52,608.5,290,1,0,3,31.73,17.0,1,75.55,2.0,1,31.73,17.0,1,75.55,2.0,1,0.5666,1.3491,0.46138509025233865
1345,처치,1,46,48,1148.92,452,25,0,40,496.89,209,1,0,1,90.09,32.0,1,142.71,6.0,1,60.73,23.0,1,95.01,4.0,1,1.6088,2.5484,0.3842466514769567
1347,처치,1,69,87,1796.59,77681,4,0,54,818.5699999999999,287,1,0,0,288.12,87.0,1,797.5,24.0,1,134.44,47.0,1,271.74,10.0,1,5.145,14.2411,0.7114501541157446
1350,대조,0,82,112,1741.46,10769,25,0,77,1046.36,521,1,0,3,237.08,91.0,1,403.47,11.0,1,106.27,39.0,1,155.23,3.0,1,4.2336,7.2048,0.6459358218022071
1351,대조,0,68,76,443.23,234,7,0,56,186.82,129,1,0,2,11.24,5.0,1,89.42,8.0,1,6.75,3.0,1,84.18,6.0,1,0.2007,1.5968,0.28658915759316533
1354,처치,1,61,65,1783.39,54962,4,0,56,970.68,398,1,0,0,160.92,56.0,1,380.35,11.0,1,90.47,27.0,1,233.99,7.0,1,2.8736,6.792,0.7201132405273878
1357,처치,1,67,71,2502.66,78374,10,0,63,1712.06,1510,1,2,3,178.85,131.0,1,401.13,8.0,1,154.87,97.0,1,263.5,4.0,1,3.1938,7.163,0.7218684062984285
1369,대조,0,105,110,2192.9,841,3,0,103,906.85,439,1,0,2,113.62,47.0,1,242.39,12.0,1,89.76,35.0,1,187.0,9.0,1,2.0289,4.3284,0.8508369209469901
1374,대조,0,77,88,2439.89,1028,13,0,67,1146.47,442,1,0,3,65.48,25.0,1,162.19,5.0,1,33.5,14.0,1,89.84,3.0,1,1.1693,2.8962,0.662038275690693
1382,처치,1,101,106,2947.5,1088,4,0,85,1362.62,480,1,0,4,46.75,14.0,1,91.99,4.0,1,23.96,9.0,1,43.6,3.0,1,0.8348,1.6427,0.7450920920908942
1383,처치,1,91,99,1025.1,387,6,0,70,537.63,214,1,0,3,188.14,85.0,1,325.3,20.0,1,69.91,33.0,1,123.06,12.0,1,3.3596,5.8089,0.501714398722744
1387,대조,0,49,54,1529.7,655,10,0,50,836.34,255,1,0,1,110.99,36.0,1,254.43,6.0,1,49.5,15.0,1,99.4,3.0,1,1.982,4.5434,0.5636853395628746
1389,대조,0,31,32,1997.71,723,6,0,29,999.89,313,1,0,1,171.11,57.0,1,386.67,5.0,1,171.11,57.0,1,386.67,5.0,1,3.0555,6.9048,0.37699807080910286
1392,처치,1,89,104,2152.89,97681,6,0,83,965.26,455,1,0,3,32.96,15.0,1,83.26,3.0,1,27.19,11.0,1,44.05,1.0,1,0.5886,1.4868,0.7319149446800005
1394,처치,1,118,124,3493.28,1449,2,0,118,1785.59,812,1,2,4,202.65,98.0,1,367.61,13.0,1,105.98,49.0,1,165.95000000000002,7.0,1,3.6188,6.5645,0.9044844271242378
1402,처치,1,139,148,2181.85,54803,1,0,120,1064.3,546,1,0,1,19.4,10.0,1,43.46,7.0,1,4.85,3.0,1,18.0,2.0,1,0.3464,0.7761,0.9138887764609985
1403,처치,1,127,148,3640.51,464328,1,0,45,1044.96,314,1,0,2,4.19,1.0,1,7.370000000000001,1.0,1,4.19,1.0,1,7.370000000000001,1.0,1,0.0748,0.1316,0.6748438330977726
1405,대조,0,38,41,1458.56,9037,6,0,29,768.67,260,1,0,2,209.29,76.0,1,324.08,5.0,1,182.32,73.0,1,284.77,3.0,1,3.7373,5.7871,0.2575459649881033
1406,처치,1,71,83,2879.08,144400,4,0,56,1136.46,546,1,0,4,204.06,86.0,1,521.68,21.0,1,82.39,45.0,1,196.28,13.0,1,3.6439,9.3157,0.5655228739876181
1409,처치,1,69,71,3459.41,1335,7,0,66,1619.51,528,1,0,2,226.4,77.0,1,357.16,7.0,1,139.91,39.0,1,204.21,5.0,1,4.0429,6.3779,0.7801073131903765
1417,처치,1,32,50,2768.43,207616,5,0,31,1142.02,724,1,0,0,249.75,102.0,1,744.91,17.0,1,151.09,65.0,1,591.2,13.0,1,4.4598,13.302,0.5588895252316544
1423,처치,1,137,173,1445.91,30451,3,0,92,687.27,486,1,2,2,51.29,26.0,1,130.69,9.0,1,34.53,22.0,1,99.48,5.0,1,0.9159,2.3337,0.8248227750976852
1424,대조,0,40,41,385.42,203,30,0,33,242.54,109,1,0,1,85.88,37.0,1,188.83,15.0,1,40.97,20.0,1,83.48,8.0,1,1.5336,3.372,0.1369553366773635
1425,처치,1,81,102,3247.45,1552,2,0,85,1483.56,690,1,0,3,46.49,33.0,1,170.4,7.0,1,19.49,12.0,1,76.56,4.0,1,0.8302,3.0429,0.8132894027449195
1426,대조,0,55,57,1984.09,29108,5,0,53,981.38,340,1,0,2,73.87,34.0,1,125.94,3.0,1,24.36,10.0,1,57.4,2.0,1,1.3191,2.2489,0.5879411569016106
1429,대조,0,60,61,594.12,395,10,0,50,317.19,217,1,1,1,35.86,19.0,1,77.99,11.0,1,16.07,9.0,1,31.1,5.0,1,0.6404,1.3927,0.40931521394932757
1431,처치,1,99,124,2223.52,9163,1,0,78,764.91,255,1,0,2,40.84,22.0,1,189.83,12.0,1,40.84,22.0,1,130.58,7.0,1,0.7293,3.3898,0.7831441119904564
1438,대조,0,31,37,1796.58,629,12,0,36,1087.79,397,1,0,1,42.93,3.0,1,117.26,1.0,1,0.0,0.0,0,0.0,0.0,0,0.7666,2.0939,0.44229243739711577
1440,처치,1,73,83,1858.41,142874,1,0,50,823.5,330,1,0,0,82.42,38.0,1,192.06,6.0,1,19.94,11.0,1,59.88,3.0,1,1.4718,3.4296,0.6986069658098681
1443,처치,1,131,157,1842.53,11734,2,0,122,500.5,230,1,0,1,48.84,17.0,1,171.79,13.0,1,42.66,15.0,1,121.27,8.0,1,0.8721,3.0677,0.901929184829965
1448,처치,1,73,79,1859.22,4353,55,0,48,710.6700000000001,274,1,0,0,0.0,0.0,0,0.0,0.0,0,0.0,0.0,0,0.0,0.0,0,0.0,0.0,0.6396482092050881
1452,처치,1,228,316,1469.03,34724,3,0,142,683.83,645,1,0,5,179.28,114.0,1,307.61,39.0,1,59.03,56.0,1,126.75,19.0,1,3.2014,5.493,0.7661724190931607
1454,처치,1,96,111,3385.81,184714,2,0,82,1676.14,795,1,0,2,379.3,149.0,1,862.0,19.0,1,153.66,54.0,1,268.24,8.0,1,6.7732,15.3929,0.8496421784810084
1456,대조,0,64,67,1494.12,739,42,0,50,683.17,314,1,0,1,0.0,0.0,0,4.19,1.0,1,0.0,0.0,0,0.0,0.0,0,0.0,0.0748,0.5424845450201241
1460,처치,1,48,52,2307.64,62130,10,0,40,1188.14,418,1,1,1,60.23,37.0,1,120.21,4.0,1,53.370000000000005,35.0,1,80.42,2.0,1,1.0755,2.1466,0.6116646551500667
1461,처치,1,182,241,5174.51,362800,1,0,154,2872.34,1234,1,0,3,608.23,202.0,1,1003.1,22.0,1,442.07,139.0,1,743.16,18.0,1,10.8612,17.9125,0.9560629324211123
1463,처치,1,108,127,3070.33,350092,18,0,71,967.83,497,1,1,4,42.33,25.0,1,170.17000000000002,5.0,1,42.33,25.0,1,75.08,3.0,1,0.7559,3.0388,0.7202790224251122
1464,처치,1,65,71,2257.5,21306,8,0,64,1383.05,643,1,0,1,90.99,44.0,1,117.18,2.0,1,0.0,0.0,0,0.0,0.0,0,1.6248,2.0925,0.7494681731642496
1467,처치,1,264,629,1960.58,59103,2,0,111,506.62,250,1,0,1,74.73,43.0,1,426.69,101.0,1,67.06,37.0,1,251.6,59.0,1,1.3345,7.6195,0.8989004492037742
1470,처치,1,78,93,1313.4,66830,3,0,60,665.16,314,1,0,5,137.51,51.0,1,293.63,19.0,1,89.08,34.0,1,185.26,10.0,1,2.4555,5.2434,0.35641375392949126
1473,대조,0,78,87,3246.83,1306,5,0,71,1549.21,633,1,0,5,321.03000000000003,123.0,1,586.29,19.0,1,158.77,56.0,1,281.88,9.0,1,5.7327,10.4695,0.6274556880153469
1474,처치,1,47,49,1837.16,841,7,0,46,877.99,330,1,0,0,58.17,30.0,1,189.23,13.0,1,28.28,12.0,1,86.07,5.0,1,1.0388,3.3791,0.6378491675863284
1483,처치,1,86,95,3755.05,103271,10,0,63,1928.18,839,1,0,3,245.6,92.0,1,436.49,11.0,1,152.22,76.0,1,291.11,9.0,1,4.3857,7.7945,0.7253884739132745
1484,처치,1,73,77,2518.78,1339,8,0,71,1238.41,683,1,0,0,155.91,68.0,1,298.61,13.0,1,107.1,47.0,1,204.77,7.0,1,2.7841,5.3323,0.8424602055985152
1485,대조,0,52,53,1910.09,511,6,0,43,817.73,230,1,3,3,19.14,6.0,1,56.39,4.0,1,5.48,2.0,1,7.48,1.0,1,0.3418,1.007,0.5269446969945213
1492,대조,0,71,77,1001.42,498,4,0,73,692.9,310,1,0,3,68.97,36.0,1,91.64,7.0,1,39.18,21.0,1,43.05,4.0,1,1.2316,1.6364,0.5167383290723426
1493,대조,0,20,21,865.9,25966,3,0,15,377.37,168,1,0,1,4.59,1.0,1,13.97,1.0,1,0.0,0.0,0,0.0,0.0,0,0.082,0.2495,0.08010742130995595
1494,처치,1,44,64,2126.5,1133,17,0,45,1016.11,474,1,0,3,104.68,44.0,1,216.01,13.0,1,47.58,21.0,1,96.61,5.0,1,1.8693,3.8573,0.4449162923718024
1495,처치,1,135,139,1410.22,1041,1,0,116,793.55,443,1,0,0,112.97,46.0,1,197.77,13.0,1,87.59,35.0,1,138.68,7.0,1,2.0173,3.5316,0.8983921602307154
1499,대조,0,67,73,1672.81,14503,11,0,57,976.56,379,1,0,1,160.28,64.0,1,237.6,10.0,1,64.17999999999999,33.0,1,112.64,7.0,1,2.8621,4.2429,0.6440322438533286
1501,처치,1,139,156,6487.93,683356,5,0,104,2307.15,1039,1,0,2,332.62,144.0,1,1114.6,27.0,1,142.79,62.0,1,631.8,12.0,1,5.9396,19.9036,0.9399169564624771
1502,대조,0,41,42,1921.15,781,70,0,33,872.45,331,1,0,4,11.84,4.0,1,50.03,3.0,1,3.47,1.0,1,30.5,2.0,1,0.2114,0.8934,0.21944132927672885
1508,대조,0,67,70,1593.42,104671,5,0,55,870.92,401,1,4,2,62.17,29.0,1,98.94,4.0,1,31.73,16.0,1,33.53,2.0,1,1.1102,1.7668,0.6856292806253611
1512,대조,0,62,76,1356.19,197047,1,0,34,486.61,230,1,0,1,35.05,9.0,1,146.51,10.0,1,35.05,9.0,1,79.26,6.0,1,0.6259,2.6162,0.3908734491003992
1518,대조,0,24,30,1142.26,4027,28,0,21,770.18,268,1,0,1,38.88,7.0,1,47.65,2.0,1,0.0,0.0,0,0.0,0.0,0,0.6943,0.8509,0.15700495350219995
1524,대조,0,42,47,2148.78,163832,9,0,30,1155.17,525,1,0,1,118.58,44.0,1,192.35,4.0,1,38.54,11.0,1,99.85,3.0,1,2.1175,3.4348,0.40826654775297005
1526,처치,1,160,165,2439.55,1364,1,0,147,1209.35,595,1,0,2,110.61,42.0,1,234.88,14.0,1,25.5,10.0,1,74.02,7.0,1,1.9752,4.1943,0.9286146633808654
1530,대조,0,35,36,689.7,34136,7,0,32,421.82,168,1,0,1,60.08,23.0,1,98.81,7.0,1,12.67,4.0,1,20.95,2.0,1,1.0729,1.7645,0.21478950635915228
1532,처치,1,70,81,1726.65,128736,19,0,47,464.24,171,1,0,1,36.29,16.0,1,104.25,3.0,1,0.0,0.0,0,0.0,0.0,0,0.648,1.8616,0.5606423969325798
1542,처치,1,95,105,1655.44,624,4,0,65,687.75,252,1,0,3,104.9,26.0,1,175.41,5.0,1,64.79,14.0,1,75.68,2.0,1,1.8732,3.1323,0.5819286966076386
1544,대조,0,44,50,2345.95,89891,41,0,41,1048.29,460,1,0,4,0.0,0.0,0,42.91,1.0,1,0.0,0.0,0,0.0,0.0,0,0.0,0.7662,0.3432299403122588
1547,처치,1,156,198,1479.12,314210,1,0,63,282.58,128,1,0,1,58.26,19.0,1,217.0,31.0,1,3.3899999999999997,2.0,1,48.69,8.0,1,1.0404,3.875,0.6959319251591135
1548,처치,1,74,82,2893.17,11049,8,0,71,1379.04,644,1,0,4,117.7,42.0,1,381.66,12.0,1,49.88,16.0,1,143.94,5.0,1,2.1018,6.8154,0.6621295791663021
1549,처치,1,118,139,1595.84,67172,6,0,112,975.96,498,1,0,4,70.72,43.0,1,181.59,19.0,1,43.19,21.0,1,115.61,12.0,1,1.2629,3.2427,0.7353011503214879
1551,대조,0,17,17,772.96,362,402,0,16,405.23,160,1,0,1,0.0,0.0,0,0.0,0.0,0,0.0,0.0,0,0.0,0.0,0,0.0,0.0,0.06268333616606467
1555,처치,1,66,79,1294.28,676,8,0,63,654.95,312,1,0,2,56.540000000000006,6.0,1,75.34,6.0,1,13.55,5.0,1,27.97,4.0,1,1.0096,1.3454,0.5697148092937674
1557,처치,1,141,169,5747.18,574885,2,0,115,2768.92,1293,1,0,6,175.9,48.0,1,388.19,12.0,1,86.54,33.0,1,220.99,6.0,1,3.1411,6.932,0.8501827710803801
1563,처치,1,72,90,3317.46,26840,6,0,67,1686.71,603,1,0,2,213.49,77.0,1,569.38,11.0,1,104.8,36.0,1,274.46,6.0,1,3.8123,10.1675,0.7820782899670804
1567,대조,0,104,118,1825.42,1223,2,0,98,1040.39,553,1,0,2,111.08,48.0,1,151.61,18.0,1,34.28,12.0,1,53.35,7.0,1,1.9836,2.7073,0.8177928555007857
1569,대조,0,83,97,1216.22,715,12,0,83,721.33,385,1,0,2,0.0,0.0,0,0.0,0.0,0,0.0,0.0,0,0.0,0.0,0,0.0,0.0,0.6739829784325013
1572,처치,1,33,35,1578.5,55898,9,0,30,744.12,313,1,0,0,93.1,28.0,1,146.74,4.0,1,40.33,12.0,1,52.17,2.0,1,1.6625,2.6204,0.4043408499978397
1575,처치,1,40,41,1203.85,8286,13,0,40,812.71,488,1,0,0,94.93,60.0,1,147.99,4.0,1,16.59,10.0,1,26.71,1.0,1,1.6952,2.6427,0.4701288793251063
1578,처치,1,69,79,2146.26,31504,2,0,64,950.81,386,1,0,1,115.54,42.0,1,233.0,6.0,1,55.09,19.0,1,123.62,5.0,1,2.0632,4.1607,0.7536904516603063
1584,처치,1,203,266,5869.97,301298,3,0,191,2459.99,782,1,0,4,189.41,54.0,1,349.54,12.0,1,72.97,17.0,1,130.21,3.0,1,3.3823,6.2418,0.9637602766642024
1586,처치,1,56,64,1907.83,698,5,0,61,1648.44,587,1,0,4,116.83,15.0,1,151.51,2.0,1,0.0,0.0,0,0.0,0.0,0,2.0862,2.7055,0.50472583114653
1587,대조,0,48,54,552.84,29784,3,0,27,204.67,115,1,0,1,29.77,13.0,1,51.99,3.0,1,18.07,8.0,1,28.04,2.0,1,0.5316,0.9284,0.14890362038727759
1588,처치,1,174,208,4403.0,7964,3,0,162,2424.7200000000003,1004,1,1,3,150.61,58.0,1,270.13,10.0,1,72.09,26.0,1,140.23,5.0,1,2.6895,4.8237,0.9613129436250789
1591,처치,1,62,68,3181.11,172945,4,0,45,1565.26,766,1,11,2,363.33,170.0,1,808.33,19.0,1,180.46,85.0,1,372.75,9.0,1,6.488,14.4345,0.7936843566260661
1592,처치,1,32,33,1357.28,93230,7,0,22,575.58,186,1,0,0,112.4,49.0,1,745.61,13.0,1,94.06,43.0,1,286.19,8.0,1,2.0071,13.3145,0.25406270373402423
1593,대조,0,34,36,1522.81,16881,19,0,32,825.92,386,1,1,1,41.96,15.0,1,88.22,3.0,1,41.96,15.0,1,75.35,2.0,1,0.7493,1.5754,0.4037755557616275
1595,처치,1,104,119,4807.25,313948,4,0,82,1877.57,629,1,0,2,101.34,41.0,1,315.35,7.0,1,46.63,18.0,1,159.03,4.0,1,1.8096,5.6313,0.8836867038761489
1601,대조,0,19,20,1269.51,576,110,0,18,633.51,288,1,0,2,0.0,0.0,0,0.0,0.0,0,0.0,0.0,0,0.0,0.0,0,0.0,0.0,0.09592953638532767
1604,처치,1,112,116,556.77,310,4,0,81,278.44,134,1,0,2,33.26,14.0,1,82.62,17.0,1,17.7,6.0,1,47.74,10.0,1,0.5939,1.4754,0.5079766572708041
1605,처치,1,49,50,587.54,370,3,0,44,344.44,178,1,0,0,29.34,10.0,1,53.35,4.0,1,16.19,7.0,1,32.84,3.0,1,0.5239,0.9527,0.37345087496572515
1607,처치,1,96,112,3270.07,1632,9,0,65,1405.52,536,1,0,4,100.59,35.0,1,145.56,9.0,1,10.31,2.0,1,19.79,4.0,1,1.7962,2.5993,0.6535029105903734
1609,처치,1,257,332,22745.4,1755255,1,0,187,8601.26,3213,1,0,2,908.1,294.0,1,2641.15,40.0,1,465.72,148.0,1,1237.62,19.0,1,16.2161,47.1634,0.993945885465902
1615,대조,0,34,39,848.5600000000001,5493,8,0,23,259.55,149,1,0,1,5.4399999999999995,4.0,1,14.4,2.0,1,3.86,2.0,1,5.85,1.0,1,0.0971,0.2571,0.15357000524303868
1617,처치,1,70,97,3683.05,10448,23,0,83,2234.32,896,1,0,7,97.55,47.0,1,214.52,4.0,1,97.55,47.0,1,214.52,4.0,1,1.742,3.8307,0.5712522193175231
1619,처치,1,128,140,3454.61,345845,6,0,102,1597.77,615,1,0,2,186.22,82.0,1,312.52,16.0,1,74.19,33.0,1,101.38,9.0,1,3.3254,5.5807,0.8930098484827694
1621,처치,1,42,49,2059.94,961,2,0,40,1171.51,487,1,0,1,314.1,136.0,1,565.13,21.0,1,135.37,64.0,1,266.45,10.0,1,5.6089,10.0916,0.5464256992958304
1622,대조,0,75,88,2976.19,87642,15,0,67,1360.21,639,1,0,3,179.36,80.0,1,523.47,10.0,1,69.75,29.0,1,214.62,5.0,1,3.2029,9.3477,0.6998529788613591
1624,처치,1,53,60,1225.01,502,2,0,38,780.61,309,1,0,0,125.28,48.0,1,209.72,15.0,1,43.51,14.0,1,58.33,5.0,1,2.2371,3.745,0.47821825085488784
1627,처치,1,67,79,2225.82,170897,2,0,47,739.42,357,1,0,0,207.49,123.0,1,589.8,18.0,1,120.43,67.0,1,306.21,10.0,1,3.7052,10.5321,0.7038733983615868
1630,처치,1,144,150,7453.66,2288,3,0,141,3508.66,1149,1,1,2,384.6,129.0,1,852.73,18.0,1,204.38,68.0,1,463.67,11.0,1,6.8679,15.2273,0.9758492501092902
1634,대조,0,61,67,3583.96,4426,18,0,51,1385.54,690,1,2,4,198.19,82.0,1,473.07,8.0,1,154.79,63.0,1,371.27,5.0,1,3.5391,8.4477,0.6397163522569751
1639,처치,1,72,85,1851.7,1100,17,0,73,1015.51,492,1,0,3,166.69,48.0,1,261.65,8.0,1,50.74,12.0,1,54.56,4.0,1,2.9766,4.6723,0.6370292166857403
1640,처치,1,102,132,3953.69,261298,16,0,69,1309.54,496,1,0,4,149.74,49.0,1,230.48,8.0,1,101.93,27.0,1,144.12,2.0,1,2.6739,4.1157,0.7106718249719056
1646,대조,0,58,66,1538.12,402,16,0,24,331.68,96,1,0,1,0.0,0.0,0,0.0,0.0,0,0.0,0.0,0,0.0,0.0,0,0.0,0.0,0.251514549474135
1651,처치,1,43,46,1397.12,533,6,0,42,873.7,296,1,0,0,223.9,65.0,1,417.66,12.0,1,164.25,44.0,1,272.84000000000003,6.0,1,3.9982,7.4582,0.5379955522677344
1660,대조,0,40,47,1615.28,12239,15,0,34,844.12,349,1,0,1,131.12,60.0,1,252.21,8.0,1,84.31,52.0,1,164.23,3.0,1,2.3414,4.5038,0.39390960786115603
1663,처치,1,118,140,1302.28,328586,3,0,30,177.21,52,1,0,1,44.83,7.0,1,218.3,23.0,1,25.76,4.0,1,109.88,10.0,1,0.8005,3.8982,0.3294478256401357
1666,처치,1,68,76,1028.45,4133,3,0,60,631.17,167,1,0,0,15.71,7.0,1,34.06,4.0,1,15.71,7.0,1,34.06,4.0,1,0.2805,0.6082,0.6436321887103237
1667,대조,0,22,37,749.41,414,2,0,17,273.99,101,1,0,1,12.37,3.0,1,41.71,3.0,1,9.58,1.0,1,38.92,1.0,1,0.2209,0.7448,0.09098589836189884
1668,대조,0,64,78,1879.24,104923,3,0,54,666.4,226,1,0,2,156.14,44.0,1,291.82,11.0,1,41.09,6.0,1,114.79,5.0,1,2.7882,5.2111,0.5944386597112332
1671,대조,0,35,35,1219.87,612,2,0,28,645.43,316,1,0,2,33.24,18.0,1,77.62,1.0,1,0.0,0.0,0,0.0,0.0,0,0.5936,1.3861,0.22316462101333037
1672,대조,0,49,59,1375.19,853,9,0,49,801.68,481,1,0,2,55.24,26.0,1,151.2,8.0,1,11.0,2.0,1,51.6,4.0,1,0.9864,2.7,0.4622493534679265
1675,처치,1,90,95,4603.02,44123,15,0,81,2194.21,998,1,0,7,121.36,70.0,1,259.07,7.0,1,83.85,41.0,1,163.64,4.0,1,2.1671,4.6262,0.6147815271209489
1678,처치,1,64,73,2424.57,9901,2,0,63,1537.96,544,1,0,3,11.67,6.0,1,20.16,2.0,1,11.67,6.0,1,20.16,2.0,1,0.2084,0.36,0.6522095967756892
1681,대조,0,72,81,2349.66,85337,1,0,68,1233.77,494,1,0,2,124.77,44.0,1,232.21,8.0,1,81.74,29.0,1,133.29,4.0,1,2.228,4.1466,0.741602550623209
1685,대조,0,68,75,809.5600000000001,384,20,0,61,437.8,203,1,0,2,56.05,11.0,1,81.42,7.0,1,50.48,8.0,1,65.0,3.0,1,1.0009,1.4539,0.43555511022387733
1686,대조,0,60,67,927.49,12652,4,0,52,307.96,168,1,0,1,38.72,23.0,1,161.09,13.0,1,29.83,18.0,1,108.68,7.0,1,0.6914,2.8766,0.48217575711143973
1689,처치,1,93,102,2183.25,105761,10,0,69,971.6,313,1,0,1,125.96,32.0,1,273.56,14.0,1,68.07,12.0,1,147.21,9.0,1,2.2493,4.885,0.7712008459240722
1692,처치,1,91,108,1487.27,62639,5,0,66,770.43,420,1,0,2,108.2,55.0,1,209.64,19.0,1,79.71000000000001,38.0,1,131.21,14.0,1,1.9321,3.7436,0.6308709806140406
1695,대조,0,120,139,1087.38,32929,1,0,73,400.79,267,1,0,1,6.49,3.0,1,23.31,9.0,1,6.49,3.0,1,19.74,7.0,1,0.1159,0.4162,0.689464900486876
1708,처치,1,43,46,2891.48,1505,1,0,43,1732.99,781,1,3,2,140.88,57.0,1,267.33,6.0,1,38.0,21.0,1,116.93,4.0,1,2.5157,4.7738,0.6970586928006234
1709,대조,0,68,79,1812.72,50820,5,0,59,992.91,436,1,0,1,64.9,35.0,1,113.19,2.0,1,0.0,0.0,0,0.0,0.0,0,1.1589,2.0212,0.6844300722244436
1717,처치,1,59,61,1140.53,531,6,0,60,811.16,344,1,0,0,151.55,60.0,1,215.31,10.0,1,103.14,39.0,1,132.79,5.0,1,2.7063,3.8448,0.6548935501937307
1723,처치,1,64,72,3811.66,20003,13,0,66,1105.28,380,1,0,2,115.54,49.0,1,367.52,8.0,1,55.67,23.0,1,239.22,3.0,1,2.0632,6.5629,0.7898653046928474
1729,대조,0,71,77,2652.62,6130,7,0,64,1272.65,574,1,0,6,32.15,19.0,1,113.09,4.0,1,19.84,16.0,1,60.14,1.0,1,0.5741,2.0195,0.4593084364193066
1731,처치,1,47,49,2148.94,37564,4,0,45,1209.59,690,1,0,4,115.38,58.0,1,292.87,5.0,1,0.0,0.0,0,0.0,0.0,0,2.0604,5.2298,0.39203602449150543
1732,처치,1,64,75,2726.58,1276,1,0,71,1658.72,716,1,1,3,203.1,100.0,1,385.55,16.0,1,123.9,66.0,1,254.16,10.0,1,3.6268,6.8848,0.7714273164563438
1733,대조,0,18,21,893.5600000000001,290,2,0,18,354.18,103,1,0,2,84.29,18.0,1,204.52,4.0,1,65.69,14.0,1,169.49,3.0,1,1.5052,3.6521,0.08653968651922203
1735,처치,1,52,58,2319.42,66416,2,0,40,1105.92,341,1,0,1,218.53,79.0,1,515.28,14.0,1,159.75,59.0,1,354.73,6.0,1,3.9023,9.2014,0.5756626808943892
1742,처치,1,238,244,1860.81,3391,3,0,154,799.2,290,1,0,2,40.78,17.0,1,178.5,24.0,1,26.89,12.0,1,121.81,16.0,1,0.7282,3.1875,0.9160133998473026
1745,처치,1,113,117,2383.28,1197,4,0,105,1481.02,543,1,0,5,13.97,5.0,1,13.97,1.0,1,0.0,0.0,0,0.0,0.0,0,0.2495,0.2495,0.7297557334762597
1746,처치,1,28,43,1890.43,16710,10,0,40,1158.77,342,1,0,1,123.85,45.0,1,260.92,5.0,1,50.49,20.0,1,129.18,3.0,1,2.2116,4.6593,0.506516651878881
1747,대조,0,60,73,2496.61,206216,3,0,39,1259.05,585,1,0,4,133.47,66.0,1,298.72,11.0,1,45.16,23.0,1,110.56,5.0,1,2.3834,5.3343,0.3711627556545768
1754,처치,1,139,169,3354.73,145901,3,0,126,1725.2,972,1,0,5,196.11,91.0,1,329.76,19.0,1,127.41,53.0,1,225.4,11.0,1,3.502,5.8886,0.8430243444423805
1756,처치,1,51,60,3177.39,149793,33,0,43,1467.06,601,1,0,4,0.0,0.0,0,0.0,0.0,0,0.0,0.0,0,0.0,0.0,0,0.0,0.0,0.43512998421429017
1761,처치,1,21,21,1311.58,557,2,0,20,871.32,334,1,0,0,35.52,16.0,1,78.17,3.0,1,0.0,0.0,0,0.0,0.0,0,0.6343,1.3959,0.22261635975062682
1768,대조,0,45,53,1000.67,7072,10,0,39,695.96,343,1,0,1,166.13,62.0,1,203.84,8.0,1,71.97,24.0,1,81.93,4.0,1,2.9666,3.64,0.35675842983354383
1772,처치,1,86,96,2376.5,1141,34,0,86,1162.34,502,1,0,3,32.2,12.0,1,76.38,1.0,1,0.0,0.0,0,0.0,0.0,0,0.575,1.3639,0.7435422438609398
1781,처치,1,80,84,2951.87,162715,8,0,57,1346.25,495,1,0,2,36.83,8.0,1,49.760000000000005,3.0,1,30.85,6.0,1,31.84,2.0,1,0.6577,0.8886,0.7013498275844786
1784,처치,1,34,35,1605.73,601,21,0,32,835.63,322,1,0,1,31.790000000000003,10.0,1,77.69,2.0,1,27.020000000000003,7.0,1,67.33,1.0,1,0.5677,1.3873,0.3583146835239609
1790,처치,1,39,39,1608.57,741,4,0,36,818.13,335,1,0,2,98.57,32.0,1,208.23,3.0,1,30.01,10.0,1,56.19,1.0,1,1.7602,3.7184,0.36373069814296627
1791,처치,1,100,108,2263.39,73322,1,0,89,1301.69,522,1,3,2,114.46,44.0,1,211.09,9.0,1,45.21,21.0,1,51.57,1.0,1,2.0439,3.7695,0.881363467315007
1792,대조,0,72,81,2337.51,125161,303,0,62,660.13,278,1,0,1,95.68,39.0,1,572.97,26.0,1,38.96,15.0,1,298.03,14.0,1,1.7086,10.2316,0.7062507387001634
1794,처치,1,57,60,2864.35,14866,1,0,54,1729.74,715,1,0,1,76.55,29.0,1,289.42,6.0,1,76.55,29.0,1,239.42,5.0,1,1.367,5.1682,0.7455307805556541
1798,대조,0,31,35,1979.82,975,6,0,32,1196.54,562,1,0,1,237.2,91.0,1,367.15,5.0,1,237.2,91.0,1,367.15,5.0,1,4.2357,6.5562,0.4191804774656726
1800,대조,0,60,70,3129.24,516571,8,0,39,984.63,404,1,0,1,50.46,20.0,1,215.99,7.0,1,10.9,7.0,1,62.78,3.0,1,0.9011,3.857,0.6181476813933537
1808,대조,0,69,76,1482.16,497,5,0,62,815.23,248,1,0,3,76.85,16.0,1,129.65,8.0,1,76.85,16.0,1,93.28,2.0,1,1.3723,2.3152,0.5279967852372495
1809,대조,0,41,47,1181.96,652,6,0,42,596.13,319,1,0,1,120.76,46.0,1,197.56,8.0,1,46.73,31.0,1,101.95,5.0,1,2.1564,3.5279,0.4297213011720527
1810,처치,1,192,219,3092.6,152887,1,0,97,643.38,501,1,0,2,129.52,80.0,1,510.26,30.0,1,54.54,40.0,1,274.39,14.0,1,2.3129,9.1118,0.8834644463926755
1812,처치,1,74,82,1552.48,35521,2,0,62,587.8,252,1,0,1,93.19,39.0,1,173.09,11.0,1,49.19,17.0,1,79.55,6.0,1,1.6641,3.0909,0.682590011198786
1814,처치,1,42,44,3245.63,11162,9,0,40,1627.78,555,1,0,1,95.18,36.0,1,157.89,2.0,1,67.91,27.0,1,105.56,1.0,1,1.6996,2.8195,0.6288666736835111
1815,대조,0,53,65,3035.82,165605,1,0,48,1237.83,548,1,0,0,286.42,123.0,1,759.63,15.0,1,88.09,43.0,1,310.94,7.0,1,5.1146,13.5648,0.7684564876562401
1816,처치,1,110,126,3058.15,170692,1,0,83,958.72,488,1,0,3,120.47,48.0,1,392.94,18.0,1,98.0,40.0,1,232.03,9.0,1,2.1512,7.0168,0.8034998869322968
1818,대조,0,35,42,999.81,513,2,0,33,554.69,227,1,0,1,0.0,0.0,0,50.86,6.0,1,0.0,0.0,0,0.0,0.0,0,0.0,0.9082,0.3024079677781793
1825,대조,0,37,42,1826.45,99676,6,0,28,655.98,252,1,0,1,0.0,0.0,0,5.39,1.0,1,0.0,0.0,0,5.39,1.0,1,0.0,0.0962,0.34713955442915095
1826,대조,0,75,82,1531.69,1102,5,0,70,868.69,524,1,0,1,101.68,54.0,1,161.45,13.0,1,28.78,16.0,1,42.12,6.0,1,1.8157,2.883,0.7188144960749902
1828,대조,0,75,86,5813.77,10225,17,0,77,2897.01,1062,1,0,6,0.0,0.0,0,0.0,0.0,0,0.0,0.0,0,0.0,0.0,0,0.0,0.0,0.7022550788716714
1829,처치,1,221,279,5653.35,277836,3,0,217,2231.7200000000003,921,1,0,2,274.74,86.0,1,535.23,20.0,1,152.75,46.0,1,323.85,12.0,1,4.9061,9.5577,0.9829599551661438
1831,처치,1,104,121,4170.78,349774,1,0,82,2079.64,891,1,5,5,360.15,169.0,1,729.27,20.0,1,237.97,116.0,1,424.34,12.0,1,6.4312,13.0227,0.8462829226921633
1832,처치,1,44,45,1083.58,573,6,0,35,372.97,184,1,0,0,40.51,16.0,1,120.01,4.0,1,13.15,4.0,1,37.34,2.0,1,0.7234,2.143,0.39766158463832657
1840,처치,1,30,37,337.21,209,31,0,24,218.21,133,1,0,0,0.0,0.0,0,0.0,0.0,0,0.0,0.0,0,0.0,0.0,0,0.0,0.0,0.09408816497752755
1841,처치,1,26,26,1822.35,787,5,0,26,869.51,371,1,0,0,133.43,51.0,1,292.91,3.0,1,83.36,31.0,1,121.56,1.0,1,2.3827,5.2305,0.37653441293141726
1847,처치,1,73,80,2002.96,22490,4,0,68,942.77,423,1,0,1,104.88,37.0,1,224.78,10.0,1,65.08,20.0,1,147.05,7.0,1,1.8729,4.0139,0.7575208842141017
1849,처치,1,121,134,2115.91,1212,18,0,107,1219.0,657,1,0,2,155.31,50.0,1,350.03,14.0,1,110.86,37.0,1,264.37,10.0,1,2.7734,6.2505,0.8459322675635268
1856,처치,1,270,380,3828.62,11194,3,0,179,1861.48,868,1,8,5,174.59,82.0,1,448.94,36.0,1,79.67,36.0,1,227.94,15.0,1,3.1177,8.0168,0.9626566352904666
1857,대조,0,58,73,1705.68,90136,14,0,27,710.22,290,1,0,1,0.0,0.0,0,27.13,4.0,1,0.0,0.0,0,19.74,2.0,1,0.0,0.4845,0.3165095697833065
1858,처치,1,51,54,2372.73,1000,2,0,48,1298.11,609,1,0,1,135.27,49.0,1,210.95,4.0,1,65.39,22.0,1,73.86,1.0,1,2.4155,3.767,0.6584209633376128
1859,대조,0,27,30,1475.13,511,17,0,26,704.13,254,1,0,1,25.47,8.0,1,39.77,1.0,1,25.47,8.0,1,39.77,1.0,1,0.4548,0.7102,0.26210455838582114
1860,처치,1,47,51,689.95,27400,2,0,44,458.3,205,1,0,0,38.05,25.0,1,63.47,7.0,1,22.11,15.0,1,36.16,5.0,1,0.6795,1.1334,0.4126328935202696
1861,대조,0,85,109,1506.04,934,10,0,79,749.33,370,1,0,5,74.84,43.0,1,151.45,7.0,1,57.95,34.0,1,126.93,6.0,1,1.3364,2.7045,0.4989606053531853
1862,처치,1,108,136,2118.89,116510,12,0,100,994.87,429,1,0,4,2.0,3.0,1,17.1,2.0,1,0.0,0.0,0,11.11,1.0,1,0.0357,0.3054,0.7376264658980685
1865,처치,1,136,136,5720.56,2346,1,0,135,3208.83,1357,1,0,7,211.54,83.0,1,392.93,11.0,1,117.71,49.0,1,197.74,6.0,1,3.7775,7.0166,0.8527877683963351
1877,대조,0,51,56,1667.2,685,19,0,45,765.98,312,1,0,0,137.29,41.0,1,213.91,4.0,1,137.29,41.0,1,213.91,4.0,1,2.4516,3.8198,0.5969911666191453
1879,처치,1,212,236,4053.07,2540,3,0,205,1094.06,585,1,0,2,87.66,44.0,1,488.87,25.0,1,55.58,24.0,1,253.39,14.0,1,1.5654,8.7298,0.9742654860855519
1881,처치,1,86,97,2313.34,185005,1,0,81,915.14,442,1,0,1,58.75,32.0,1,265.18,10.0,1,29.81,18.0,1,95.6,4.0,1,1.0491,4.7354,0.8400925143588143
1883,처치,1,89,115,2211.15,13696,26,0,84,1010.24,421,1,0,5,55.36,25.0,1,129.79,5.0,1,46.38,21.0,1,83.44,2.0,1,0.9886,2.3177,0.6018870333657959
1887,대조,0,65,68,713.93,333,1,0,60,470.74,167,1,0,1,80.02000000000001,42.0,1,99.44,12.0,1,53.190000000000005,17.0,1,59.45,6.0,1,1.4289,1.7757,0.5016023098825569
1889,처치,1,36,38,1591.4,37016,29,0,28,758.5600000000001,294,1,0,1,0.0,0.0,0,24.23,2.0,1,0.0,0.0,0,8.87,1.0,1,0.0,0.4327,0.30021980146822963
1890,처치,1,31,34,1519.03,579,8,0,31,797.51,359,1,0,0,38.92,21.0,1,87.85,5.0,1,30.74,19.0,1,39.76,2.0,1,0.695,1.5687,0.4112837794031043
1895,대조,0,40,42,790.53,204,1,0,29,474.6,114,1,0,2,22.71,16.0,1,50.69,2.0,1,0.0,0.0,0,0.0,0.0,0,0.4055,0.9052,0.1756232768646955
1896,처치,1,83,94,2352.31,28805,2,0,68,1353.17,525,1,0,0,229.76,84.0,1,353.05,15.0,1,134.57,53.0,1,198.33,6.0,1,4.1029,6.3045,0.8332252045549099
1900,처치,1,41,41,6066.41,2002,3,0,38,2861.11,873,1,0,1,464.36,132.0,1,1248.98,8.0,1,309.61,90.0,1,637.21,4.0,1,8.2921,22.3032,0.7414407528907138
1905,처치,1,65,72,1591.39,20557,5,0,51,826.25,312,1,0,2,47.43,14.0,1,56.41,4.0,1,21.380000000000003,8.0,1,21.380000000000003,1.0,1,0.847,1.0073,0.5242370078641302
1911,처치,1,100,109,1356.23,179777,11,0,80,562.87,280,1,0,2,22.29,6.0,1,162.74,7.0,1,22.29,6.0,1,96.02,4.0,1,0.398,2.9061,0.6833619120176282
1912,대조,0,81,85,2031.94,1323,16,0,70,821.15,356,1,0,2,34.25,10.0,1,103.91,4.0,1,8.18,4.0,1,40.01,1.0,1,0.6116,1.8555,0.7019473252616596
1918,대조,0,47,55,2378.9,85670,86,0,42,1347.7,459,1,0,2,126.16,45.0,1,421.28,8.0,1,121.16,42.0,1,358.85,5.0,1,2.2529,7.5229,0.48493303474971355
1920,처치,1,63,65,1467.1,478,6,0,51,863.53,310,1,0,3,108.3,55.0,1,169.52,10.0,1,71.49,32.0,1,100.3,6.0,1,1.9339,3.0271,0.43144855926995346
1921,처치,1,82,90,1208.5,38323,11,0,76,788.28,388,1,1,1,142.6,58.0,1,212.66,10.0,1,56.75,14.0,1,89.12,2.0,1,2.5464,3.7975,0.745527980400349
1923,처치,1,112,131,3721.43,393266,2,0,78,1484.53,661,1,7,5,196.19,70.0,1,621.47,21.0,1,31.62,9.0,1,141.44,8.0,1,3.5034,11.0977,0.8303014148811874
1925,처치,1,96,108,2848.22,112929,6,0,79,1695.17,681,1,0,1,75.62,22.0,1,126.87,6.0,1,10.37,4.0,1,28.91,2.0,1,1.3504,2.2655,0.8504731095562449
1928,처치,1,94,97,2002.95,81772,6,0,78,906.35,484,1,0,4,92.1,46.0,1,153.96,7.0,1,58.83,23.0,1,78.55,3.0,1,1.6446,2.7493,0.63068784172522
1931,처치,1,76,90,1895.68,911,2,0,85,1464.6,677,1,0,2,171.76,70.0,1,205.11,6.0,1,112.65,37.0,1,128.53,2.0,1,3.0671,3.6627,0.7781689400169416
1932,처치,1,60,67,2611.99,238403,35,0,43,907.45,238,1,0,0,6.180000000000001,2.0,1,26.630000000000003,3.0,1,6.180000000000001,2.0,1,7.680000000000001,2.0,1,0.1104,0.4755,0.6676789115249937
1933,처치,1,60,76,1985.65,104496,21,0,49,814.17,388,1,0,1,43.39,27.0,1,78.82000000000001,3.0,1,43.39,27.0,1,78.82000000000001,3.0,1,0.7748,1.4075,0.6080220003974186
1937,처치,1,111,128,5363.55,26262,8,0,106,2784.33,1244,1,14,3,349.58,134.0,1,609.62,12.0,1,149.13,53.0,1,281.27,5.0,1,6.2425,10.8861,0.9611371751445896
1939,처치,1,50,56,2563.29,164499,13,0,35,865.79,383,1,0,2,186.04,88.0,1,557.9,10.0,1,148.61,70.0,1,425.64,6.0,1,3.3221,9.9625,0.4449770033272442
1940,대조,0,62,63,2093.29,1254,10,0,63,1225.47,712,1,0,2,33.62,21.0,1,93.17,5.0,1,2.94,3.0,1,15.28,1.0,1,0.6004,1.6638,0.6671428041948766
1941,처치,1,94,107,583.13,7202,2,0,83,331.82,209,1,0,1,33.67,19.0,1,58.72,11.0,1,24.35,13.0,1,46.15,7.0,1,0.6013,1.0486,0.6051806466673583
1942,처치,1,97,113,2168.03,25396,1,0,66,874.22,244,1,0,1,346.81,95.0,1,666.6800000000001,24.0,1,160.34,53.0,1,404.45,14.0,1,6.193,11.905,0.7737174598767017
1948,처치,1,56,57,1043.52,627,3,0,50,571.43,300,1,0,0,94.85,54.0,1,198.62,11.0,1,68.57,36.0,1,141.06,7.0,1,1.6938,3.5468,0.5623368545499098
1949,처치,1,31,38,1117.44,541,28,0,34,572.6,255,1,0,0,176.44,60.0,1,412.15,10.0,1,75.44,32.0,1,222.3,5.0,1,3.1507,7.3598,0.37032073162394885
1953,처치,1,78,93,2483.58,1001,1,0,68,1575.62,548,1,0,1,31.25,11.0,1,55.34,5.0,1,12.27,4.0,1,24.68,3.0,1,0.558,0.9882,0.8017194483228988
1957,처치,1,33,34,1330.0,551,20,0,26,681.14,243,1,0,1,197.74,68.0,1,455.1,6.0,1,143.64,48.0,1,329.93,4.0,1,3.5311,8.1268,0.24397012297727802
1959,대조,0,85,99,5285.42,438494,2,0,53,1806.01,839,1,1,3,0.0,0.0,0,41.0,1.0,1,0.0,0.0,0,41.0,1.0,1,0.0,0.7321,0.7816986654116297
1963,대조,0,41,42,1971.14,5363,21,0,38,1135.39,438,1,4,2,61.79,30.0,1,102.9,1.0,1,61.79,30.0,1,102.9,1.0,1,1.1034,1.8375,0.5473806216138756
1964,처치,1,52,55,1652.77,973,16,0,53,955.0,503,1,0,0,65.65,27.0,1,108.59,4.0,1,32.06,15.0,1,46.54,2.0,1,1.1723,1.9391,0.6669239480658717
1968,처치,1,61,67,1732.62,971,1,0,59,853.7,501,1,0,2,75.32000000000001,44.0,1,207.4,9.0,1,46.12,31.0,1,100.83,6.0,1,1.345,3.7036,0.6228241099298577
1969,처치,1,173,196,1754.3,1128,3,0,171,924.71,557,1,0,2,189.37,78.0,1,326.97,16.0,1,148.95,58.0,1,254.19,10.0,1,3.3816,5.8388,0.9253579406766691
1970,처치,1,51,60,1018.97,9088,3,0,40,526.97,230,1,0,0,19.86,3.0,1,23.33,3.0,1,13.98,2.0,1,13.98,2.0,1,0.3546,0.4166,0.455625628814404
1971,처치,1,118,142,4976.41,421826,22,0,80,1843.64,725,1,0,4,118.45,40.0,1,272.64,8.0,1,82.46,35.0,1,219.58,5.0,1,2.1152,4.8686,0.7974839942851754
1972,처치,1,76,102,1877.55,8161,2,0,75,868.86,395,1,0,2,76.69,32.0,1,163.14,8.0,1,31.22,14.0,1,76.14,5.0,1,1.3695,2.9132,0.7353017793278429
1974,처치,1,166,198,5266.0,237349,77,0,158,2386.37,966,1,0,4,0.0,0.0,0,0.0,0.0,0,0.0,0.0,0,0.0,0.0,0,0.0,0.0,0.9334160893164153
1978,처치,1,75,81,1301.47,64537,17,0,54,478.68,270,1,0,5,9.28,6.0,1,64.9,4.0,1,5.5,4.0,1,48.36,3.0,1,0.1657,1.1589,0.29161079878840984
1979,처치,1,79,85,979.44,26036,9,0,67,506.8,270,1,0,2,28.950000000000003,21.0,1,30.93,6.0,1,15.68,11.0,1,15.68,3.0,1,0.517,0.5523,0.5344878845275519
1980,처치,1,43,46,3798.9,110132,1,0,32,1578.85,506,1,0,0,186.76,52.0,1,477.59,6.0,1,101.06,26.0,1,270.3,4.0,1,3.335,8.5284,0.6550418220573533
1981,대조,0,67,70,995.87,519,4,0,62,692.6,300,1,0,1,84.53,33.0,1,205.08,18.0,1,57.61,23.0,1,148.15,11.0,1,1.5095,3.6621,0.5795777005666279
1982,대조,0,113,126,3339.18,260106,2,0,79,1228.2,1027,1,0,2,216.76,169.0,1,548.63,23.0,1,100.96,85.0,1,260.11,11.0,1,3.8707,9.797,0.8399313864350052
1987,처치,1,51,54,1440.69,905,8,0,41,653.84,406,1,0,0,184.79,72.0,1,351.23,11.0,1,92.03,33.0,1,127.04,4.0,1,3.2998,6.272,0.5328544231385911
1988,대조,0,105,147,5823.74,351752,9,0,97,3583.07,1141,1,0,1,629.96,186.0,1,945.41,17.0,1,336.16,103.0,1,503.73,11.0,1,11.2493,16.8823,0.9411785236713515
1990,처치,1,87,104,3644.73,369556,12,0,66,1674.51,810,1,9,2,255.94,124.0,1,453.21,12.0,1,168.28,80.0,1,265.11,5.0,1,4.5704,8.093,0.8897505539730723
1993,대조,0,57,63,1111.62,50781,7,0,40,438.15,213,1,0,1,58.53,22.0,1,110.37,11.0,1,27.48,12.0,1,49.8,6.0,1,1.0452,1.9709,0.396905712915909
1996,처치,1,91,99,2232.86,729,2,0,73,828.35,266,1,0,1,66.98,17.0,1,196.83,11.0,1,32.34,6.0,1,101.94,6.0,1,1.1961,3.5148,0.8040717359162686
1998,처치,1,266,289,2117.11,1746,5,0,222,918.37,624,1,0,4,50.85,35.0,1,104.7,19.0,1,26.23,15.0,1,63.89,11.0,1,0.908,1.8696,0.9315558493864667
2002,대조,0,46,50,1833.98,64465,18,0,42,937.71,446,1,0,1,199.29,79.0,1,383.25,9.0,1,149.32,58.0,1,311.13,5.0,1,3.5588,6.8438,0.5164695887273096
2009,대조,0,30,33,1506.88,31504,271,0,22,524.37,177,1,0,1,0.0,0.0,0,0.0,0.0,0,0.0,0.0,0,0.0,0.0,0,0.0,0.0,0.18768212511825033
2011,처치,1,83,85,1086.0,560,10,0,77,670.2,276,1,2,2,82.78,45.0,1,133.84,10.0,1,49.32,24.0,1,82.01,4.0,1,1.4782,2.39,0.7018882895997929
2013,대조,0,80,93,1179.48,621,19,0,69,606.92,301,1,0,2,0.0,0.0,0,2.99,1.0,1,0.0,0.0,0,2.99,1.0,1,0.0,0.0534,0.5814478115478361
2014,대조,0,37,39,1156.13,647,8,0,35,709.97,290,1,0,1,15.52,6.0,1,25.97,2.0,1,4.74,4.0,1,11.52,1.0,1,0.2771,0.4638,0.34018671336330447
2016,대조,0,88,117,1585.96,1098,25,0,71,919.0,465,1,0,2,0.0,0.0,0,0.0,0.0,0,0.0,0.0,0,0.0,0.0,0,0.0,0.0,0.6573725811306083
2018,처치,1,84,101,2358.52,1143,1,0,78,1205.51,514,1,0,2,370.45,130.0,1,764.05,25.0,1,161.84,54.0,1,329.33,13.0,1,6.6152,13.6438,0.7900876577910481
2021,대조,0,55,64,1175.82,506,21,0,49,549.29,172,1,0,1,56.56,25.0,1,94.09,6.0,1,29.43,11.0,1,39.0,4.0,1,1.01,1.6802,0.4873254835752078
2024,처치,1,73,81,3840.92,199929,2,0,60,1853.5,543,1,1,4,170.38,54.0,1,324.01,6.0,1,30.95,15.0,1,69.73,3.0,1,3.0425,5.7859,0.7143405303848827
2027,처치,1,103,123,1757.99,949,16,0,96,984.91,482,1,0,3,21.52,15.0,1,58.35,1.0,1,21.52,15.0,1,58.35,1.0,1,0.3843,1.042,0.7406207336997355
2032,대조,0,51,53,1129.92,54856,80,0,39,633.51,144,1,0,1,0.0,0.0,0,0.0,0.0,0,0.0,0.0,0,0.0,0.0,0,0.0,0.0,0.3562509913769514
2033,처치,1,77,93,2056.19,116866,3,0,66,905.0,301,1,0,0,94.84,38.0,1,184.28,6.0,1,94.84,38.0,1,184.28,6.0,1,1.6936,3.2907,0.804293462250423
2034,처치,1,84,99,2202.44,171457,6,0,68,1213.39,734,1,0,1,238.23,118.0,1,408.96,16.0,1,147.65,71.0,1,256.7,6.0,1,4.2541,7.3029,0.7720467525279388
2035,대조,0,49,66,1050.18,627,5,0,58,628.73,341,1,0,1,13.04,10.0,1,33.44,2.0,1,0.0,0.0,0,0.0,0.0,0,0.2329,0.5971,0.5578524279643574
2036,대조,0,29,31,2463.23,17243,5,0,30,1608.26,516,1,0,2,497.48,199.0,1,782.78,8.0,1,253.64,103.0,1,363.73,3.0,1,8.8836,13.9782,0.3714838261838721
2037,처치,1,71,80,1381.21,731,7,0,69,813.47,405,1,0,3,64.61,27.0,1,125.99,7.0,1,33.93,13.0,1,68.71000000000001,4.0,1,1.1538,2.2498,0.5578144588842838
2039,대조,0,28,41,1086.12,12627,467,0,30,567.02,245,1,0,1,0.0,0.0,0,0.0,0.0,0,0.0,0.0,0,0.0,0.0,0,0.0,0.0,0.22764604439001374
2041,처치,1,92,112,4807.46,131273,2,0,88,2270.09,733,1,1,2,427.13,116.0,1,792.36,17.0,1,290.5,87.0,1,485.18,10.0,1,7.6273,14.1493,0.9182315366738082
2043,대조,0,43,46,1258.07,10061,1,0,40,607.79,289,1,0,0,123.4,64.0,1,228.25,10.0,1,29.91,18.0,1,65.94,4.0,1,2.2036,4.0759,0.5095038879128782
2044,대조,0,45,46,985.45,405,8,0,37,361.26,134,1,0,2,0.0,0.0,0,0.0,0.0,0,0.0,0.0,0,0.0,0.0,0,0.0,0.0,0.2727676283427191
2046,대조,0,42,44,611.61,16357,43,0,35,278.56,96,1,0,1,0.0,0.0,0,3.99,1.0,1,0.0,0.0,0,0.0,0.0,0,0.0,0.0713,0.20960486792950048
2047,처치,1,74,100,3675.62,262379,60,0,75,1743.11,922,1,0,4,272.73,121.0,1,617.54,11.0,1,121.93,63.0,1,276.58,3.0,1,4.8702,11.0275,0.7103130420750552
2050,처치,1,122,135,4463.96,376416,6,0,99,1736.99,772,1,0,4,150.42,70.0,1,200.42,5.0,1,56.19,29.0,1,78.17,2.0,1,2.6861,3.5789,0.8495934654565118
2051,처치,1,189,288,4923.16,250384,125,0,150,1651.12,633,1,0,5,0.0,0.0,0,0.0,0.0,0,0.0,0.0,0,0.0,0.0,0,0.0,0.0,0.8997112683574974
2055,처치,1,81,87,1476.33,31667,9,0,74,584.99,246,1,0,2,148.0,57.0,1,301.13,19.0,1,66.23,28.0,1,125.48,9.0,1,2.6429,5.3773,0.6679387550339487
2057,대조,0,85,99,2461.3,226709,15,0,57,839.22,445,1,1,2,74.37,33.0,1,290.48,11.0,1,26.82,11.0,1,199.2,8.0,1,1.328,5.1871,0.7107770976572415
2059,대조,0,39,43,1839.14,914,3,0,35,995.43,454,1,0,1,0.0,0.0,0,0.0,0.0,0,0.0,0.0,0,0.0,0.0,0,0.0,0.0,0.4536381783314153
2063,대조,0,70,72,2206.06,1142,8,0,65,1614.97,779,1,0,2,150.32,50.0,1,186.76,3.0,1,103.93,35.0,1,126.3,2.0,1,2.6843,3.335,0.6943642497286695
2064,처치,1,166,202,4031.16,21915,1,0,142,1662.27,633,1,2,2,230.83,89.0,1,619.35,30.0,1,105.42,37.0,1,226.27,14.0,1,4.122,11.0598,0.9659207152376077
2069,대조,0,66,79,1669.52,3165,15,0,63,1004.73,414,1,0,3,45.41,23.0,1,93.2,6.0,1,20.11,14.0,1,48.27,2.0,1,0.8109,1.6643,0.5491578863751898
2071,처치,1,119,173,1443.02,632,1,0,91,600.27,226,1,0,1,69.8,23.0,1,176.29,24.0,1,24.9,12.0,1,71.87,15.0,1,1.2464,3.148,0.8143890535097652
2074,대조,0,26,27,651.96,3932,29,0,24,315.93,149,1,0,1,0.0,0.0,0,17.759999999999998,1.0,1,0.0,0.0,0,17.759999999999998,1.0,1,0.0,0.3171,0.12331304424392278
2078,대조,0,55,82,2017.11,143114,17,0,61,1242.46,244,1,0,5,85.37,26.0,1,136.33,4.0,1,50.03,15.0,1,87.01,2.0,1,1.5245,2.4345,0.4351160807792441
2079,처치,1,89,112,4306.02,9602,1,0,103,3078.92,1149,1,0,6,177.09,71.0,1,248.49,4.0,1,111.54,44.0,1,134.95,3.0,1,3.1623,4.4373,0.7798060784520949
2081,대조,0,30,34,896.35,471,2,0,21,405.5,163,1,0,1,0.0,0.0,0,0.0,0.0,0,0.0,0.0,0,0.0,0.0,0,0.0,0.0,0.14602453264575832
2084,처치,1,88,102,2128.0,60841,1,0,76,1052.96,542,1,1,2,124.2,61.0,1,418.51,15.0,1,60.59,29.0,1,306.5,10.0,1,2.2179,7.4734,0.8050439161653389
2092,처치,1,94,122,2290.54,162402,28,0,57,700.7,318,1,0,2,0.0,0.0,0,0.0,0.0,0,0.0,0.0,0,0.0,0.0,0,0.0,0.0,0.6406279494694459
2094,처치,1,58,59,2230.98,1165,1,0,57,1469.32,664,1,0,0,132.3,85.0,1,262.75,6.0,1,109.73,75.0,1,195.68,5.0,1,2.3625,4.692,0.7735811365941296
2097,처치,1,161,196,8658.4,692178,1,0,127,3997.9,1496,1,0,5,40.94,17.0,1,144.46,5.0,1,24.96,9.0,1,24.96,1.0,1,0.7311,2.5796,0.9316109143473931
2098,대조,0,11,11,655.79,268,30,0,11,417.83,183,1,0,1,17.7,8.0,1,26.67,2.0,1,1.67,1.0,1,7.65,1.0,1,0.3161,0.4762,0.032643841007442796
2099,처치,1,39,44,623.38,52467,14,0,28,153.99,75,1,0,0,0.0,0.0,0,7.739999999999999,2.0,1,0.0,0.0,0,3.37,1.0,1,0.0,0.1382,0.20240041562100994
2107,처치,1,73,74,2899.26,1336,3,0,71,1751.57,794,1,0,3,211.74,98.0,1,303.51,6.0,1,167.04,71.0,1,234.85,4.0,1,3.7811,5.4198,0.7306843637331163
2108,처치,1,103,112,1612.16,4210,4,0,88,937.03,478,1,0,1,49.58,32.0,1,82.63,7.0,1,29.98,12.0,1,37.96,4.0,1,0.8854,1.4755,0.8083381211779371
2109,처치,1,82,89,1761.24,894,1,0,81,1231.51,612,1,0,3,195.82,88.0,1,322.7,15.0,1,120.06,55.0,1,207.13,7.0,1,3.4968,5.7625,0.6978293645033681
2111,대조,0,102,111,2393.65,105987,6,0,83,1416.03,846,1,1,5,36.15,19.0,1,71.15,8.0,1,32.15,15.0,1,67.15,6.0,1,0.6455,1.2705,0.6840430680670659
2114,처치,1,131,141,2841.11,28617,3,0,135,1601.11,732,1,0,4,96.81,42.0,1,137.6,6.0,1,96.81,42.0,1,137.6,6.0,1,1.7288,2.4571,0.873246880587318
2116,대조,0,154,186,10530.22,468479,1,0,129,4929.36,2006,1,0,5,222.73,85.0,1,540.34,18.0,1,163.28,61.0,1,412.53,10.0,1,3.9773,9.6489,0.9435727593155364
2117,처치,1,54,55,842.4,566,12,0,54,560.75,371,1,1,3,58.72,33.0,1,123.24,5.0,1,44.48,26.0,1,95.45,4.0,1,1.0486,2.2007,0.38016761559810414
2121,대조,0,93,111,4160.75,354595,6,0,74,1707.86,629,1,0,4,278.0,96.0,1,828.66,17.0,1,205.94,64.0,1,483.4,8.0,1,4.9643,14.7975,0.7530024653186328
2123,처치,1,43,43,2980.41,1267,6,0,43,1607.8,592,1,6,2,404.77,141.0,1,635.54,7.0,1,206.06,78.0,1,319.56,4.0,1,7.228,11.3489,0.726129528155067
2128,처치,1,60,80,1830.44,97568,74,0,54,1176.04,266,1,0,1,0.0,0.0,0,0.0,0.0,0,0.0,0.0,0,0.0,0.0,0,0.0,0.0,0.6170666164884351
2130,처치,1,66,74,4168.1900000000005,33912,2,0,51,2222.19,844,1,8,2,742.13,266.0,1,1437.68,16.0,1,374.02,134.0,1,729.69,8.0,1,13.2523,25.6729,0.8534262487150459
2137,대조,0,128,155,2486.33,180760,16,0,102,1143.77,551,1,0,3,89.9,53.0,1,267.91,23.0,1,43.58,30.0,1,163.69,14.0,1,1.6054,4.7841,0.816560023392536
2138,대조,0,54,57,1588.34,804,25,0,47,890.91,430,1,0,3,93.08,40.0,1,152.51,3.0,1,79.27,33.0,1,114.81,2.0,1,1.6621,2.7234,0.3926700366986667
2145,대조,0,28,32,1031.55,30221,14,0,25,530.33,157,1,0,1,9.99,1.0,1,9.99,1.0,1,9.99,1.0,1,9.99,1.0,1,0.1784,0.1784,0.19484244908494963
2146,대조,0,46,49,1429.26,506,14,0,42,686.46,224,1,0,2,49.57,23.0,1,167.52,2.0,1,49.57,23.0,1,167.52,2.0,1,0.8852,2.9914,0.39327079893353994
2147,처치,1,63,68,4324.01,65070,2,0,56,2479.24,1241,1,6,3,279.68,128.0,1,550.47,9.0,1,176.18,78.0,1,323.63,3.0,1,4.9943,9.8298,0.8311833826942935
2148,처치,1,100,104,2742.8,11638,2,0,94,1305.39,715,1,1,4,125.1,68.0,1,231.35,10.0,1,80.2,36.0,1,138.37,8.0,1,2.2339,4.1312,0.8108972241246619
2154,처치,1,75,85,1889.95,63520,20,0,69,1140.26,585,1,0,2,175.23,85.0,1,299.86,16.0,1,79.67,44.0,1,124.45,9.0,1,3.1291,5.3546,0.679546082361747
2158,처치,1,84,105,2290.32,325195,8,0,54,941.9,597,1,0,0,211.23,98.0,1,374.88,11.0,1,80.62,47.0,1,115.98,4.0,1,3.772,6.6943,0.7507634103579051
2159,대조,0,73,97,1687.69,41913,29,0,62,935.49,355,1,0,1,73.35,26.0,1,116.13,4.0,1,61.120000000000005,19.0,1,84.86,2.0,1,1.3098,2.0738,0.6729778978399441
2161,대조,0,21,22,934.59,150822,5,0,12,309.61,101,1,0,1,194.69,73.0,1,464.51,10.0,1,77.65,38.0,1,246.55,6.0,1,3.4766,8.2948,0.058338436680895535
2164,대조,0,37,40,1596.48,1034,187,0,37,975.01,560,1,0,3,0.0,0.0,0,0.0,0.0,0,0.0,0.0,0,0.0,0.0,0,0.0,0.0,0.268172598393916
2173,처치,1,49,63,1789.62,10977,1,0,57,1012.0,465,1,0,0,102.87,39.0,1,232.84,13.0,1,65.87,22.0,1,132.51,7.0,1,1.837,4.1579,0.737104730675298
2176,처치,1,127,191,2550.66,214944,5,0,78,944.86,460,1,0,2,0.0,0.0,0,0.0,0.0,0,0.0,0.0,0,0.0,0.0,0,0.0,0.0,0.7979961230363823
2179,대조,0,36,38,1265.08,20739,9,0,27,573.54,219,1,0,1,52.55,7.0,1,56.709999999999994,2.0,1,35.67,6.0,1,36.849999999999994,1.0,1,0.9384,1.0127,0.25736486325046437
2181,대조,0,36,40,1716.81,607,2,0,31,854.75,320,1,0,1,386.37,136.0,1,985.73,11.0,1,187.1,61.0,1,282.29,5.0,1,6.8995,17.6023,0.3874083006491082
2182,대조,0,71,74,1417.24,681,4,0,67,742.74,316,1,0,4,12.37,7.0,1,51.17,5.0,1,11.37,5.0,1,19.4,3.0,1,0.2209,0.9138,0.4849293880495371
2187,대조,0,39,42,2292.95,885,21,0,35,1353.73,522,1,0,1,155.02,73.0,1,215.64,2.0,1,41.96,25.0,1,97.2,1.0,1,2.7682,3.8507,0.47941645921773657
2188,처치,1,100,104,3019.74,57636,4,0,90,1510.42,721,1,0,4,181.28,59.0,1,359.32,9.0,1,118.72,25.0,1,210.91,4.0,1,3.2371,6.4164,0.7684795240719232
2203,처치,1,73,92,4581.6,90330,2,0,74,1571.5,490,1,0,4,21.410000000000004,7.0,1,63.79,3.0,1,21.410000000000004,7.0,1,63.79,3.0,1,0.3823,1.1391,0.7754695969803844
2204,처치,1,125,160,2191.07,54629,6,0,120,1115.84,629,1,0,1,55.76,35.0,1,127.39,8.0,1,42.4,26.0,1,109.18,6.0,1,0.9957,2.2748,0.9088459076471046
2205,처치,1,93,95,1733.06,31872,8,0,82,852.63,373,1,0,3,23.48,14.0,1,53.07,4.0,1,15.49,7.0,1,44.08,2.0,1,0.4193,0.9477,0.6821427874635423
2211,처치,1,45,52,1405.24,56633,5,0,40,554.6,274,1,0,1,74.28,37.0,1,206.37,7.0,1,35.16,17.0,1,90.36,3.0,1,1.3264,3.6852,0.4503290823003929
2213,대조,0,44,46,3275.41,8973,93,0,36,1601.59,801,1,2,3,101.22,39.0,1,178.04,5.0,1,68.63,23.0,1,113.89,2.0,1,1.8075,3.1793,0.5056483332182617
2215,처치,1,104,113,1978.1,852,2,0,107,1496.74,621,1,0,4,98.45,51.0,1,192.19,10.0,1,75.23,36.0,1,137.11,6.0,1,1.758,3.432,0.7628736344393406
2223,대조,0,160,284,1903.8,1002,1,0,102,756.21,258,1,0,3,81.79,16.0,1,134.15,12.0,1,37.72,9.0,1,90.08,10.0,1,1.4605,2.3955,0.8033920830367686
2225,처치,1,72,80,2706.31,53705,11,0,66,1376.97,526,1,0,3,81.32,31.0,1,228.77,7.0,1,41.09,16.0,1,154.27,4.0,1,1.4521,4.0852,0.677500264065783
2228,처치,1,145,199,5229.09,236966,86,0,107,1750.57,663,1,0,5,0.0,0.0,0,0.0,0.0,0,0.0,0.0,0,0.0,0.0,0,0.0,0.0,0.8345111193126509
2238,처치,1,107,135,1746.22,980,3,0,99,865.47,424,1,0,2,191.52,100.0,1,501.2,26.0,1,102.48,56.0,1,259.97,14.0,1,3.42,8.95,0.8133139068696986
2239,대조,0,26,36,1422.35,18896,54,0,26,800.62,414,1,0,1,123.87,49.0,1,201.73,3.0,1,59.0,24.0,1,82.77,2.0,1,2.212,3.6023,0.24585565189733616
2241,처치,1,52,58,1294.1,11265,9,0,51,858.07,537,1,0,0,33.78,27.0,1,67.11,7.0,1,6.27,4.0,1,9.6,2.0,1,0.6032,1.1984,0.6065886478313937
2245,처치,1,88,114,2879.36,70006,4,0,78,1490.56,854,1,0,4,252.89,116.0,1,497.28,19.0,1,107.51,63.0,1,235.78,13.0,1,4.5159,8.88,0.7101647190297548
2247,대조,0,40,43,2722.79,1045,1,0,35,1532.36,524,1,0,1,210.78,74.0,1,456.78,16.0,1,61.92,30.0,1,222.05,6.0,1,3.7639,8.1568,0.552874991118171
2250,처치,1,47,57,2091.27,93653,3,0,42,1165.62,569,1,0,0,55.370000000000005,22.0,1,92.86,3.0,1,55.370000000000005,22.0,1,88.87,2.0,1,0.9888,1.6582,0.6378323957779529
2251,대조,0,17,20,1522.57,719,4,0,20,867.34,393,1,0,1,176.76,85.0,1,341.35,4.0,1,83.12,41.0,1,159.93,2.0,1,3.1564,6.0955,0.19317176834618233
2252,대조,0,147,207,6745.05,412401,1,0,136,3045.87,1393,1,0,0,526.13,219.0,1,1263.19,66.0,1,281.15,113.0,1,645.03,35.0,1,9.3952,22.557,0.9807773489422837
2258,대조,0,39,39,1084.44,420,13,0,32,595.71,232,1,0,1,123.43,35.0,1,268.37,4.0,1,54.56,15.0,1,113.65,2.0,1,2.2041,4.7923,0.28710015938867717
2262,처치,1,115,124,1135.47,26940,5,0,94,547.75,283,1,0,6,71.01,35.0,1,185.45,10.0,1,60.150000000000006,29.0,1,170.51,8.0,1,1.268,3.3116,0.45487500471860304
2273,대조,0,39,41,1314.51,602,3,0,37,755.7,324,1,0,1,78.24,17.0,1,144.32,5.0,1,22.26,11.0,1,76.38,2.0,1,1.3971,2.5771,0.4026421808238057
2275,처치,1,86,96,1583.33,832,2,0,78,856.71,418,1,0,0,287.82,125.0,1,536.86,17.0,1,128.73,56.0,1,247.26,8.0,1,5.1396,9.5868,0.8178784569369162
2278,처치,1,36,39,959.79,15695,9,0,34,548.47,180,1,0,2,61.72,13.0,1,62.31,3.0,1,61.72,13.0,1,62.31,3.0,1,1.1021,1.1127,0.23592403265267217
2282,처치,1,55,57,813.35,439,4,0,56,522.96,315,1,0,1,29.96,20.0,1,57.94,6.0,1,29.96,20.0,1,57.94,6.0,1,0.535,1.0346,0.48387299120132216
2286,대조,0,22,22,806.94,24395,24,0,20,469.96,164,1,0,1,112.59,33.0,1,178.03,3.0,1,112.59,33.0,1,138.59,2.0,1,2.0105,3.1791,0.10950555212118152
2288,처치,1,104,148,1960.76,12848,9,0,75,931.82,408,1,0,3,30.96,11.0,1,71.31,4.0,1,19.96,5.0,1,36.15,2.0,1,0.5529,1.2734,0.675292073309691
2294,처치,1,128,175,8041.89,297197,3,0,105,4084.71,1907,1,0,5,142.64,75.0,1,265.79,8.0,1,44.59,18.0,1,71.01,4.0,1,2.5471,4.7463,0.8950663697758502
2298,처치,1,60,67,2063.37,948,9,0,64,1196.66,425,1,0,1,255.21,83.0,1,399.61,8.0,1,59.06,20.0,1,85.87,4.0,1,4.5573,7.1359,0.731846670198057
2302,대조,0,55,56,1523.18,17078,13,0,52,805.08,461,1,0,2,87.43,47.0,1,134.57,9.0,1,44.55,23.0,1,68.31,4.0,1,1.5612,2.403,0.5073451985713628
2303,처치,1,50,54,1747.29,11348,19,0,45,933.83,306,1,0,2,127.7,52.0,1,207.47,4.0,1,127.7,52.0,1,207.47,4.0,1,2.2804,3.7048,0.4666549632554859
2310,처치,1,45,51,1122.12,618,8,0,42,674.22,280,1,0,0,145.76,48.0,1,211.78,15.0,1,114.18,42.0,1,167.49,10.0,1,2.6029,3.7818,0.485953984258687
2316,대조,0,25,27,751.89,7571,10,0,20,412.27,129,1,0,1,0.0,0.0,0,0.0,0.0,0,0.0,0.0,0,0.0,0.0,0,0.0,0.0,0.10893549286333234
2319,대조,0,76,106,976.84,541,23,0,71,463.31,198,1,0,2,45.57,12.0,1,111.9,7.0,1,2.97,3.0,1,2.97,1.0,1,0.8138,1.9982,0.5515456544945306
2327,대조,0,30,41,1237.74,31298,21,0,33,574.68,381,1,0,1,0.0,0.0,0,20.01,1.0,1,0.0,0.0,0,0.0,0.0,0,0.0,0.3573,0.3196987732827287
2329,처치,1,95,100,2722.37,48499,6,0,78,1316.2,623,1,0,4,0.0,0.0,0,0.0,0.0,0,0.0,0.0,0,0.0,0.0,0,0.0,0.0,0.6937654413353338
2336,대조,0,57,61,1861.1,1136,7,0,52,1107.39,489,1,0,2,124.41,57.0,1,240.56,9.0,1,97.29,41.0,1,173.17,3.0,1,2.2216,4.2957,0.5620792042679789
2338,대조,0,50,57,1643.24,56979,4,0,47,753.77,395,1,0,1,74.18,41.0,1,255.56,6.0,1,11.99,4.0,1,39.0,2.0,1,1.3246,4.5636,0.5635945251257303
2344,처치,1,43,44,2098.9,31744,51,0,38,1051.42,463,1,0,2,123.19,50.0,1,245.81,7.0,1,31.58,10.0,1,62.58,2.0,1,2.1998,4.3895,0.41519111749462956
2346,대조,0,24,25,889.7,374,33,0,23,370.57,151,1,0,1,85.03,39.0,1,230.41,3.0,1,52.58,23.0,1,138.38,2.0,1,1.5184,4.1145,0.14608999477902967
2347,처치,1,55,65,2211.64,108012,1,0,47,1160.46,550,1,0,0,100.9,61.0,1,217.15,8.0,1,71.79,36.0,1,106.19,4.0,1,1.8018,3.8777,0.7049735602828012
2350,처치,1,31,38,1461.0,38745,114,0,30,618.07,239,1,0,2,0.0,0.0,0,0.0,0.0,0,0.0,0.0,0,0.0,0.0,0,0.0,0.0,0.238841674900552
2354,처치,1,61,67,4072.69,263984,2,0,50,2122.86,789,1,0,3,136.75,44.0,1,362.99,6.0,1,83.46,29.0,1,280.38,5.0,1,2.442,6.482,0.6618583906096742
2356,대조,0,84,96,2123.52,1225,43,0,68,1046.42,523,1,0,2,14.03,13.0,1,36.26,2.0,1,14.03,13.0,1,32.9,1.0,1,0.2505,0.6475,0.6892714178413326
2358,처치,1,68,70,2114.68,630,1,0,56,1283.84,336,1,0,1,118.54,28.0,1,160.35,5.0,1,12.73,3.0,1,19.31,1.0,1,2.1168,2.8634,0.7055301072436634
2359,처치,1,112,151,2506.73,149955,2,0,100,867.84,450,1,0,3,75.33,26.0,1,226.05,15.0,1,30.54,8.0,1,159.94,9.0,1,1.3452,4.0366,0.826450665637006
2371,처치,1,82,87,1871.65,778,17,0,74,993.15,456,1,0,5,39.48,15.0,1,69.81,5.0,1,39.48,15.0,1,65.82,4.0,1,0.705,1.2466,0.5079225537624809
2372,대조,0,43,46,2227.52,23382,1,0,36,1203.45,499,1,0,2,289.96000000000004,77.0,1,445.75,15.0,1,136.05,49.0,1,219.67,7.0,1,5.1779,7.9598,0.45029850307985947
2373,처치,1,94,121,2536.97,80173,2,0,80,1105.99,560,1,0,1,0.0,0.0,0,0.0,0.0,0,0.0,0.0,0,0.0,0.0,0,0.0,0.0,0.8469410318930167
2375,처치,1,69,83,1985.72,814,1,0,59,1135.49,400,1,8,1,316.83,86.0,1,466.49,17.0,1,193.11,56.0,1,295.23,11.0,1,5.6577,8.3302,0.8410061453927736
2376,처치,1,105,126,2491.78,114492,2,0,87,1180.81,404,1,0,2,220.21,78.0,1,522.55,21.0,1,156.09,57.0,1,347.86,14.0,1,3.9323,9.3312,0.8276296500900527
2377,처치,1,58,64,894.52,33803,1,0,52,458.08,253,1,0,1,43.18,24.0,1,119.43,9.0,1,13.38,10.0,1,43.54,5.0,1,0.7711,2.1327,0.48620071151392064
2379,대조,0,43,48,1033.07,46912,37,0,38,536.27,214,1,0,2,64.97,21.0,1,110.0,4.0,1,46.31,15.0,1,80.02000000000001,3.0,1,1.1602,1.9643,0.27531098275404814
2384,대조,0,18,18,791.27,389,144,0,13,358.77,174,1,0,1,0.0,0.0,0,0.0,0.0,0,0.0,0.0,0,0.0,0.0,0,0.0,0.0,0.04802198505249802
2385,대조,0,171,289,5835.79,308989,1,0,196,3186.03,1333,1,0,3,37.6,16.0,1,185.63,11.0,1,37.6,16.0,1,181.04,10.0,1,0.6714,3.3148,0.9747088131778612
2388,대조,0,35,49,1267.75,540,10,0,45,920.69,344,1,0,1,157.14,92.0,1,255.11,8.0,1,151.15,81.0,1,205.75,4.0,1,2.8061,4.5555,0.47119293129008405
2390,대조,0,42,44,1029.91,15458,1,0,37,484.23,175,1,0,2,6.7,3.0,1,16.68,3.0,1,4.9399999999999995,2.0,1,13.92,2.0,1,0.1196,0.2979,0.29783740008389537
2391,처치,1,48,52,598.31,44873,11,0,43,339.58,204,1,0,1,10.77,6.0,1,35.61,2.0,1,10.77,6.0,1,35.61,2.0,1,0.1923,0.6359,0.2918043365941636
2393,처치,1,42,44,2899.98,1149,4,0,41,1707.44,715,1,0,1,175.69,70.0,1,350.1,5.0,1,74.45,25.0,1,136.73,2.0,1,3.1373,6.2518,0.6245542989601728
2394,대조,0,65,73,1374.16,376438,8,0,31,207.43,78,1,0,1,39.94,14.0,1,104.06,6.0,1,32.97,12.0,1,86.74000000000001,5.0,1,0.7132,1.8582,0.33453894052621325
2398,처치,1,61,71,1968.92,848,5,0,60,1213.21,496,1,0,0,48.42,26.0,1,64.59,4.0,1,0.0,0.0,0,0.0,0.0,0,0.8646,1.1534,0.7609653137973553
2405,처치,1,100,120,2698.81,172114,5,0,78,1247.75,538,1,0,2,133.76,49.0,1,308.11,13.0,1,29.33,11.0,1,162.09,8.0,1,2.3886,5.502,0.801702144124198
2406,처치,1,103,113,3703.11,155314,5,0,84,1745.06,655,1,2,5,246.78,110.0,1,599.35,13.0,1,172.88,72.0,1,424.53,8.0,1,4.4068,10.7027,0.7926202036358253
2407,처치,1,116,136,5192.15,330803,1,0,99,2134.26,1320,1,4,4,309.21,166.0,1,838.61,23.0,1,157.78,85.0,1,420.08,12.0,1,5.5216,14.9752,0.9231059399618458
2410,대조,0,53,53,2130.63,13587,1,0,44,1301.09,498,1,0,4,64.13,32.0,1,142.82,5.0,1,28.72,19.0,1,72.78999999999999,2.0,1,1.1452,2.5504,0.3938563174535313
2411,대조,0,69,74,1965.38,714,3,0,68,928.76,323,1,0,2,0.0,0.0,0,0.0,0.0,0,0.0,0.0,0,0.0,0.0,0,0.0,0.0,0.6997486978431385
2415,대조,0,92,114,1554.29,709,37,0,88,677.92,256,1,0,1,11.22,7.0,1,56.25,3.0,1,4.49,2.0,1,11.12,1.0,1,0.2004,1.0045,0.7844537738302586
2416,처치,1,81,84,3283.94,55444,3,0,70,1437.31,444,1,0,2,139.02,59.0,1,340.7,9.0,1,76.46000000000001,40.0,1,184.81,4.0,1,2.4825,6.0839,0.7985350579983784
2419,대조,0,56,60,1072.22,24920,11,0,36,419.0,157,1,0,2,11.18,5.0,1,18.91,2.0,1,11.18,5.0,1,18.91,2.0,1,0.1996,0.3377,0.2781242276695178
2420,처치,1,69,88,3813.13,51955,1,0,66,2428.41,927,1,1,4,331.8,125.0,1,568.68,10.0,1,145.33,62.0,1,285.37,5.0,1,5.925,10.155,0.7529124313242141
2423,처치,1,37,50,2297.59,17048,26,0,43,1161.79,553,1,0,1,138.16,72.0,1,275.84,3.0,1,70.57000000000001,41.0,1,135.06,1.0,1,2.4671,4.9257,0.5732973071738416
2426,처치,1,78,87,1971.36,164153,1,0,72,1048.98,390,1,0,2,129.35,51.0,1,265.06,14.0,1,76.4,33.0,1,181.3,9.0,1,2.3098,4.7332,0.7318309293285341
2429,대조,0,48,56,1271.67,720,19,0,45,748.13,389,1,0,1,99.28,54.0,1,151.93,5.0,1,99.28,54.0,1,151.93,5.0,1,1.7729,2.713,0.46546358090045054
2430,대조,0,50,52,1679.91,43099,6,0,46,984.98,497,1,2,4,116.6,51.0,1,168.2,6.0,1,73.15,28.0,1,100.37,2.0,1,2.0821,3.0036,0.4334693529550278
2437,처치,1,55,62,3920.39,1486,6,0,61,1863.72,708,1,0,2,188.42,74.0,1,394.54,5.0,1,144.92000000000002,60.0,1,302.43,3.0,1,3.3646,7.0454,0.7745880277267397
2438,처치,1,110,119,1844.89,195695,1,0,66,662.42,252,1,0,2,202.99,72.0,1,401.03,28.0,1,87.94,27.0,1,134.68,11.0,1,3.6248,7.1613,0.6902577622465326
2439,대조,0,61,65,575.29,392,1,0,61,400.43,271,1,0,1,4.76,3.0,1,4.76,3.0,1,3.76,2.0,1,3.76,2.0,1,0.085,0.085,0.45931638097722016
2440,대조,0,71,82,1288.99,582,1,0,59,899.57,303,1,0,1,341.97,85.0,1,588.5,28.0,1,118.63,36.0,1,227.32,11.0,1,6.1066,10.5089,0.6287714722581093
2441,처치,1,79,80,941.66,572,16,0,74,518.36,339,1,2,2,69.45,37.0,1,147.76,9.0,1,39.46,23.0,1,93.66,6.0,1,1.2402,2.6386,0.6510912480894246
2443,처치,1,129,153,4029.19,352598,134,0,99,1514.76,670,1,3,5,0.0,0.0,0,0.0,0.0,0,0.0,0.0,0,0.0,0.0,0,0.0,0.0,0.8405648818734022
2446,처치,1,123,161,5604.21,733345,5,0,96,1849.41,730,1,0,3,115.2,69.0,1,459.75,16.0,1,48.66,32.0,1,259.56,9.0,1,2.0571,8.2098,0.8989423682532152
2447,처치,1,104,109,6617.29,1995,2,0,98,3302.58,1100,1,0,2,245.09,58.0,1,505.74,13.0,1,124.39,15.0,1,199.66,6.0,1,4.3766,9.0311,0.9355335934346374
2453,처치,1,73,77,3073.26,1142,7,0,69,1506.79,487,1,0,4,401.95,150.0,1,670.45,15.0,1,198.03,97.0,1,274.44,10.0,1,7.1777,11.9723,0.6632878297888322
2456,처치,1,59,68,1121.11,627,9,0,54,555.87,292,1,0,0,15.82,7.0,1,24.26,3.0,1,15.32,6.0,1,18.98,2.0,1,0.2825,0.4332,0.6027154985415838
2457,대조,0,68,69,1379.87,14687,5,0,55,671.51,324,1,1,1,63.77,32.0,1,144.07,7.0,1,37.059999999999995,18.0,1,85.84,5.0,1,1.1388,2.5727,0.6504768440763278
2468,대조,0,70,83,2449.81,1304,13,0,70,1209.23,552,1,0,2,11.82,11.0,1,34.44,4.0,1,1.73,2.0,1,13.3,1.0,1,0.2111,0.615,0.7383180267652544
2470,처치,1,74,75,763.71,20447,13,0,68,434.94,198,1,0,1,43.68,21.0,1,94.91,7.0,1,31.49,13.0,1,49.58,4.0,1,0.78,1.6948,0.5486069163874141
2472,처치,1,26,32,874.32,401,58,0,21,433.24,191,1,0,0,62.54,25.0,1,103.61,2.0,1,0.0,0.0,0,19.85,1.0,1,1.1168,1.8502,0.1573706401888494
2474,대조,0,40,41,437.16,281,34,0,38,305.74,211,1,0,2,29.15,22.0,1,45.64,5.0,1,20.35,15.0,1,34.67,4.0,1,0.5205,0.815,0.14696687849954448
2475,처치,1,95,99,3946.42,16918,1,0,91,1601.11,598,1,1,2,271.22,99.0,1,599.17,12.0,1,158.16,49.0,1,343.84000000000003,6.0,1,4.8432,10.6995,0.9101689930852003
2477,대조,0,30,32,1195.26,85568,86,0,19,558.33,152,1,0,1,205.34,96.0,1,411.66,6.0,1,108.26,39.0,1,186.41,2.0,1,3.6668,7.3511,0.1327667106440028
2481,처치,1,99,106,3856.57,312282,8,0,82,1522.71,687,1,1,3,303.06,127.0,1,706.61,20.0,1,182.32,75.0,1,373.84,11.0,1,5.4118,12.618,0.8502376300584238
2482,대조,0,47,64,2313.86,1335,3,0,58,1308.96,690,1,0,3,91.39,48.0,1,181.67,4.0,1,23.94,12.0,1,50.27,2.0,1,1.632,3.2441,0.6008194729767167
2483,처치,1,44,47,682.49,427,1,0,46,303.07,160,1,0,0,137.48,63.0,1,266.46,15.0,1,48.94,22.0,1,98.13,8.0,1,2.455,4.7582,0.4345575154245498
2492,대조,0,78,101,1945.62,42245,4,0,53,778.84,344,1,0,1,53.47,24.0,1,229.62,16.0,1,33.480000000000004,17.0,1,154.06,12.0,1,0.9548,4.1004,0.660688725836075
2493,처치,1,96,111,2588.73,86014,44,0,79,1375.05,561,1,0,1,0.0,0.0,0,0.0,0.0,0,0.0,0.0,0,0.0,0.0,0,0.0,0.0,0.824481581674177
2497,처치,1,162,183,5619.49,2458,4,0,146,2608.61,1069,1,0,2,355.93,121.0,1,714.48,22.0,1,207.06,76.0,1,341.1,8.0,1,6.3559,12.7586,0.9634107596203446
2499,처치,1,67,75,2537.86,143055,16,0,55,1106.23,451,1,0,1,143.69,37.0,1,336.53,10.0,1,16.35,7.0,1,62.54,4.0,1,2.5659,6.0095,0.7089274525917544
